id,vehicle_id,title,description,availability,condition,price,sale_price,url,make,model,trim,year,body_style,state_of_vehicle,mileage.unit,mileage.value,exterior_color,transmission,fuel_type,address.addr1,address.city,address.region,address.postal_code,address.country,neighborhood[0],latitude,longitude,dealer_id,dealer_name,stock_number,image[0].url,image[0].tag[0],image[1].url,image[2].url,image[3].url,image[4].url,image[5].url,image[6].url,image[7].url,image[8].url,image[9].url,image[10].url,image[11].url,image[12].url,image[13].url,image[14].url,image[15].url,image[16].url,image[17].url,image[18].url,image[19].url,custom_label_0,custom_label_1,custom_label_2,custom_label_3,custom_label_4
1001342,1001342,Chevrolet S10 Pick-Up LTZ 2.8 TDI 4x4 CD Dies.Aut,"Chevrolet S10 Pick-Up LTZ 2.8 TDI 4x4 CD Dies.Aut — Ano 2023, 88.594 km, cor Branco. Seminovo com procedência, revisado e com garantia da loja. Thiago Veículos, em Rio Verde-GO. Agende sua visita ou chame no WhatsApp que a gente te atende rapidinho.",in stock,used,179990.00 BRL,,https://thiagoveiculosrv.com.br/carros/gm-chevrolet/s10-pick-up-ltz-2-8-tdi-4x4-cd-dies-aut/2023/1001342,Chevrolet,S10,Pick-Up LTZ 2.8 TDI 4x4 CD Dies.Aut,2023,PICKUP,USED,KM,88594,Branco,AUTOMATIC,DIESEL,"Avenida Paulo Roberto Cunha, Quadra L Lote 15",Rio Verde,GO,75901-648,BR,Rio Verde,-17.7975,-50.9266,thiago-veiculos-rv,Thiago Veículos,1001342,https://resized-images.autoconf.com.br/1000x750/filters:format(jpg)/veiculos/fotos/1001342/e3d8b51b-0e52-40c3-92cf-2c7cec5b648a.jpg,Chevrolet S10 Pick-Up LTZ 2.8 TDI 4x4 CD Dies.Aut,https://resized-images.autoconf.com.br/1000x750/filters:format(jpg)/veiculos/fotos/1001342/35d63723-be3b-449c-a08b-d471c085300e.jpg,https://resized-images.autoconf.com.br/1000x750/filters:format(jpg)/veiculos/fotos/1001342/11a71bc0-f9b3-4043-a3b5-a9393ce855d1.jpg,https://resized-images.autoconf.com.br/1000x750/filters:format(jpg)/veiculos/fotos/1001342/7c2927f3-333f-466c-8674-e602c49b19b7.jpg,https://resized-images.autoconf.com.br/1000x750/filters:format(jpg)/veiculos/fotos/1001342/cb784dd8-4221-4826-a131-1e9dd50d14f5.jpg,https://resized-images.autoconf.com.br/1000x750/filters:format(jpg)/veiculos/fotos/1001342/9ca10aca-f021-41a2-bf88-40a556d444cb.jpg,https://resized-images.autoconf.com.br/1000x750/filters:format(jpg)/veiculos/fotos/1001342/18edd7f1-a0fb-4fdf-924b-56fbe695ccd3.jpg,https://resized-images.autoconf.com.br/1000x750/filters:format(jpg)/veiculos/fotos/1001342/8f387692-1884-4417-af1d-82ac1a9d1231.jpg,https://resized-images.autoconf.com.br/1000x750/filters:format(jpg)/veiculos/fotos/1001342/aa9594b3-eb2c-4104-878a-c6cb8637a4ce.jpg,https://resized-images.autoconf.com.br/1000x750/filters:format(jpg)/veiculos/fotos/1001342/87648165-6f98-49d9-99e8-59c85209ec99.jpg,,,,,,,,,,,120 a 200 mil,PICKUP,Chevrolet,2023,DIESEL
1004714,1004714,Volkswagen Nivus Highline 1.0 200 TSI Flex Aut.,"Volkswagen Nivus Highline 1.0 200 TSI Flex Aut. — Ano 2024, 42.782 km, cor Cinza. Seminovo com procedência, revisado e com garantia da loja. Thiago Veículos, em Rio Verde-GO. Agende sua visita ou chame no WhatsApp que a gente te atende rapidinho.",in stock,used,116990.00 BRL,,https://thiagoveiculosrv.com.br/carros/vw-volkswagen/nivus-highline-1-0-200-tsi-flex-aut/2024/1004714,Volkswagen,Nivus,Highline 1.0 200 TSI Flex Aut.,2024,SUV,USED,KM,42782,Cinza,AUTOMATIC,FLEX,"Avenida Paulo Roberto Cunha, Quadra L Lote 15",Rio Verde,GO,75901-648,BR,Rio Verde,-17.7975,-50.9266,thiago-veiculos-rv,Thiago Veículos,1004714,https://resized-images.autoconf.com.br/1000x750/filters:format(jpg)/veiculos/fotos/1004714/25361bf7-29fe-4b8a-86c9-7d10ef91776a.jpg,Volkswagen Nivus Highline 1.0 200 TSI Flex Aut.,https://resized-images.autoconf.com.br/1000x750/filters:format(jpg)/veiculos/fotos/1004714/bb5db0d6-6ae6-49e0-8b82-35f7c3a10497.jpg,https://resized-images.autoconf.com.br/1000x750/filters:format(jpg)/veiculos/fotos/1004714/50ee0821-4f60-482b-a208-34d4536463cf.jpg,https://resized-images.autoconf.com.br/1000x750/filters:format(jpg)/veiculos/fotos/1004714/b3075c24-7848-47f1-a8ad-53da3fce299e.jpg,https://resized-images.autoconf.com.br/1000x750/filters:format(jpg)/veiculos/fotos/1004714/9a985144-6dab-43e1-bd90-bc5c3e9ecc4f.jpg,https://resized-images.autoconf.com.br/1000x750/filters:format(jpg)/veiculos/fotos/1004714/316bf57a-33d7-46df-b438-fd3b0c6a6900.jpg,https://resized-images.autoconf.com.br/1000x750/filters:format(jpg)/veiculos/fotos/1004714/4dd735af-a099-4b2b-bf2c-b36e818410fd.jpg,https://resized-images.autoconf.com.br/1000x750/filters:format(jpg)/veiculos/fotos/1004714/07eb3b1d-7312-4434-8097-10c424b0376e.jpg,https://resized-images.autoconf.com.br/1000x750/filters:format(jpg)/veiculos/fotos/1004714/12dff663-62f5-41a2-806f-f6c418b2ccfe.jpg,https://resized-images.autoconf.com.br/1000x750/filters:format(jpg)/veiculos/fotos/1004714/c6d2488e-d5e2-4ec0-9177-a88fee094cfa.jpg,,,,,,,,,,,80 a 120 mil,SUV,Volkswagen,2024,FLEX
1005859,1005859,Renault OROCH Pro 1.6 Flex 16V Mec.,"Renault OROCH Pro 1.6 Flex 16V Mec. — Ano 2025, 89.483 km, cor Branco. Seminovo com procedência, revisado e com garantia da loja. Thiago Veículos, em Rio Verde-GO. Agende sua visita ou chame no WhatsApp que a gente te atende rapidinho.",in stock,used,98990.00 BRL,,https://thiagoveiculosrv.com.br/carros/renault/oroch-pro-1-6-flex-16v-mec/2025/1005859,Renault,OROCH,Pro 1.6 Flex 16V Mec.,2025,PICKUP,USED,KM,89483,Branco,MANUAL,FLEX,"Avenida Paulo Roberto Cunha, Quadra L Lote 15",Rio Verde,GO,75901-648,BR,Rio Verde,-17.7975,-50.9266,thiago-veiculos-rv,Thiago Veículos,1005859,https://resized-images.autoconf.com.br/1000x750/filters:format(jpg)/veiculos/fotos/1005859/525065ba-e7fa-4841-8e65-cd2ef6b6c6e9.jpg,Renault OROCH Pro 1.6 Flex 16V Mec.,https://resized-images.autoconf.com.br/1000x750/filters:format(jpg)/veiculos/fotos/1005859/143082a9-e7ca-4600-afb1-ef82c2d69014.jpg,https://resized-images.autoconf.com.br/1000x750/filters:format(jpg)/veiculos/fotos/1005859/5ff30052-89e3-450d-9d1f-a4220ea4c63b.jpg,https://resized-images.autoconf.com.br/1000x750/filters:format(jpg)/veiculos/fotos/1005859/b711ae35-13f9-4f89-829c-4c4061ac8399.jpg,https://resized-images.autoconf.com.br/1000x750/filters:format(jpg)/veiculos/fotos/1005859/6678b499-ec63-413f-868f-b23f011e098e.jpg,https://resized-images.autoconf.com.br/1000x750/filters:format(jpg)/veiculos/fotos/1005859/38a254ae-ddf9-48e0-bd7d-3774740ff171.jpg,https://resized-images.autoconf.com.br/1000x750/filters:format(jpg)/veiculos/fotos/1005859/a0a39240-ec53-45a0-a247-ea9a21714b71.jpg,https://resized-images.autoconf.com.br/1000x750/filters:format(jpg)/veiculos/fotos/1005859/2d97e1f5-7a79-401c-a398-808665ebd41f.jpg,https://resized-images.autoconf.com.br/1000x750/filters:format(jpg)/veiculos/fotos/1005859/d54ea4b1-6411-48d9-b4b3-e6dd3a2dec75.jpg,https://resized-images.autoconf.com.br/1000x750/filters:format(jpg)/veiculos/fotos/1005859/6d7f7262-a18b-4bbe-8a8c-467405b1ad04.jpg,,,,,,,,,,,80 a 120 mil,PICKUP,Renault,2025,FLEX
1008593,1008593,Fiat Toro Freedom 1.8 16V Flex Aut.,"Fiat Toro Freedom 1.8 16V Flex Aut. — Ano 2018, 133.769 km, cor Branco. Seminovo com procedência, revisado e com garantia da loja. Thiago Veículos, em Rio Verde-GO. Agende sua visita ou chame no WhatsApp que a gente te atende rapidinho.",in stock,used,94990.00 BRL,,https://thiagoveiculosrv.com.br/carros/fiat/toro-freedom-1-8-16v-flex-aut/2018/1008593,Fiat,Toro,Freedom 1.8 16V Flex Aut.,2018,PICKUP,USED,KM,133769,Branco,AUTOMATIC,FLEX,"Avenida Paulo Roberto Cunha, Quadra L Lote 15",Rio Verde,GO,75901-648,BR,Rio Verde,-17.7975,-50.9266,thiago-veiculos-rv,Thiago Veículos,1008593,https://resized-images.autoconf.com.br/1000x750/filters:format(jpg)/veiculos/fotos/1008593/266bcf42-103f-4c0a-8eff-eccf49e44f3f.jpg,Fiat Toro Freedom 1.8 16V Flex Aut.,https://resized-images.autoconf.com.br/1000x750/filters:format(jpg)/veiculos/fotos/1008593/9bcf578e-9142-4e88-a401-c867440c46fe.jpg,https://resized-images.autoconf.com.br/1000x750/filters:format(jpg)/veiculos/fotos/1008593/4b63ffe8-9f86-4975-9ae5-7828fdf663d4.jpg,https://resized-images.autoconf.com.br/1000x750/filters:format(jpg)/veiculos/fotos/1008593/cb2f3f05-10ef-471d-81c3-7a6030246e2d.jpg,https://resized-images.autoconf.com.br/1000x750/filters:format(jpg)/veiculos/fotos/1008593/18ba3e9a-4756-46a7-9adf-53efc55d02b7.jpg,https://resized-images.autoconf.com.br/1000x750/filters:format(jpg)/veiculos/fotos/1008593/346b6611-ea72-4675-8f24-ecc445226d58.jpg,https://resized-images.autoconf.com.br/1000x750/filters:format(jpg)/veiculos/fotos/1008593/0efeae8c-6d90-4d89-b672-f77ababb5c3e.jpg,https://resized-images.autoconf.com.br/1000x750/filters:format(jpg)/veiculos/fotos/1008593/971c9cc1-ad45-4cd1-a5e2-1006da265598.jpg,https://resized-images.autoconf.com.br/1000x750/filters:format(jpg)/veiculos/fotos/1008593/5a18b961-0072-449d-ba61-ca76c2b9767d.jpg,https://resized-images.autoconf.com.br/1000x750/filters:format(jpg)/veiculos/fotos/1008593/b59dc60a-cb2e-4c48-85b6-033854139745.jpg,,,,,,,,,,,80 a 120 mil,PICKUP,Fiat,2018,FLEX
1009668,1009668,Toyota Hilux CD SR 4x4 2.8 TDI Diesel Aut.,"Toyota Hilux CD SR 4x4 2.8 TDI Diesel Aut. — Ano 2020, 178.650 km, cor Prata. Seminovo com procedência, revisado e com garantia da loja. Thiago Veículos, em Rio Verde-GO. Agende sua visita ou chame no WhatsApp que a gente te atende rapidinho.",in stock,used,177990.00 BRL,,https://thiagoveiculosrv.com.br/carros/toyota/hilux-cd-sr-4x4-2-8-tdi-diesel-aut/2020/1009668,Toyota,Hilux,CD SR 4x4 2.8 TDI Diesel Aut.,2020,PICKUP,USED,KM,178650,Prata,AUTOMATIC,DIESEL,"Avenida Paulo Roberto Cunha, Quadra L Lote 15",Rio Verde,GO,75901-648,BR,Rio Verde,-17.7975,-50.9266,thiago-veiculos-rv,Thiago Veículos,1009668,https://resized-images.autoconf.com.br/1000x750/filters:format(jpg)/veiculos/fotos/1009668/2e3c789a-e269-40d2-bade-e1d043e09314.jpg,Toyota Hilux CD SR 4x4 2.8 TDI Diesel Aut.,https://resized-images.autoconf.com.br/1000x750/filters:format(jpg)/veiculos/fotos/1009668/4e1be66b-8f61-459e-b2d9-e545c04905ca.jpg,https://resized-images.autoconf.com.br/1000x750/filters:format(jpg)/veiculos/fotos/1009668/35025a7b-b2d1-4abd-b161-1b962b56dd3a.jpg,https://resized-images.autoconf.com.br/1000x750/filters:format(jpg)/veiculos/fotos/1009668/0ba4d8bf-263d-42bc-b241-5c2abc2c46c1.jpg,https://resized-images.autoconf.com.br/1000x750/filters:format(jpg)/veiculos/fotos/1009668/823a0ad1-0a1b-4a57-a588-cc0a557b33cc.jpg,https://resized-images.autoconf.com.br/1000x750/filters:format(jpg)/veiculos/fotos/1009668/b1ceafdf-7c79-46f8-a460-77157b9b8973.jpg,https://resized-images.autoconf.com.br/1000x750/filters:format(jpg)/veiculos/fotos/1009668/8b73d94c-eab6-4cef-ba01-c62d127e02b5.jpg,https://resized-images.autoconf.com.br/1000x750/filters:format(jpg)/veiculos/fotos/1009668/d7367a23-38dc-47d8-828f-86b6ef3ee05d.jpg,https://resized-images.autoconf.com.br/1000x750/filters:format(jpg)/veiculos/fotos/1009668/2da39399-15bf-4776-b478-fa9c56bdd340.jpg,https://resized-images.autoconf.com.br/1000x750/filters:format(jpg)/veiculos/fotos/1009668/d1777394-b690-46f7-a373-23347f423321.jpg,,,,,,,,,,,120 a 200 mil,PICKUP,Toyota,2020,DIESEL
1011289,1011289,Chevrolet PRISMA Sed. LTZ 1.4 8V FlexPower 4p,"Chevrolet PRISMA Sed. LTZ 1.4 8V FlexPower 4p — Ano 2016, 96.238 km, cor Prata. Seminovo com procedência, revisado e com garantia da loja. Thiago Veículos, em Rio Verde-GO. Agende sua visita ou chame no WhatsApp que a gente te atende rapidinho.",in stock,used,49990.00 BRL,,https://thiagoveiculosrv.com.br/carros/gm-chevrolet/prisma-sed-ltz-1-4-8v-flexpower-4p/2016/1011289,Chevrolet,PRISMA,Sed. LTZ 1.4 8V FlexPower 4p,2016,HATCHBACK,USED,KM,96238,Prata,MANUAL,FLEX,"Avenida Paulo Roberto Cunha, Quadra L Lote 15",Rio Verde,GO,75901-648,BR,Rio Verde,-17.7975,-50.9266,thiago-veiculos-rv,Thiago Veículos,1011289,https://resized-images.autoconf.com.br/1000x750/filters:format(jpg)/veiculos/fotos/1011289/4792cc6b-703c-42a1-8a56-f5c77f4edacd.jpg,Chevrolet PRISMA Sed. LTZ 1.4 8V FlexPower 4p,https://resized-images.autoconf.com.br/1000x750/filters:format(jpg)/veiculos/fotos/1011289/197a94f0-ba3f-4e85-a23a-79911b6f22bc.jpg,https://resized-images.autoconf.com.br/1000x750/filters:format(jpg)/veiculos/fotos/1011289/34d67cc0-c478-4d2d-a795-a8fd350c073a.jpg,https://resized-images.autoconf.com.br/1000x750/filters:format(jpg)/veiculos/fotos/1011289/5ce552bf-8914-49ce-949d-386c2c88d198.jpg,https://resized-images.autoconf.com.br/1000x750/filters:format(jpg)/veiculos/fotos/1011289/a2d705f2-b06e-43d4-bb16-9abffac50bea.jpg,https://resized-images.autoconf.com.br/1000x750/filters:format(jpg)/veiculos/fotos/1011289/1d89a43d-7b97-4503-925e-ab86a3cd6324.jpg,https://resized-images.autoconf.com.br/1000x750/filters:format(jpg)/veiculos/fotos/1011289/cdb9be21-bda8-473a-93d7-049397554d47.jpg,https://resized-images.autoconf.com.br/1000x750/filters:format(jpg)/veiculos/fotos/1011289/6c611827-e344-4bda-a66a-4f423e67c5d8.jpg,https://resized-images.autoconf.com.br/1000x750/filters:format(jpg)/veiculos/fotos/1011289/d05b4c30-0e2e-4f0f-be6e-2f55239e9a2f.jpg,,,,,,,,,,,,Até 50 mil,HATCHBACK,Chevrolet,2016,FLEX
1012513,1012513,Fiat Toro Freedom 1.3 T270 4x2 Flex Aut.,"Fiat Toro Freedom 1.3 T270 4x2 Flex Aut. — Ano 2022, 105.757 km, cor Prata. Seminovo com procedência, revisado e com garantia da loja. Thiago Veículos, em Rio Verde-GO. Agende sua visita ou chame no WhatsApp que a gente te atende rapidinho.",in stock,used,104990.00 BRL,,https://thiagoveiculosrv.com.br/carros/fiat/toro-freedom-1-3-t270-4x2-flex-aut/2022/1012513,Fiat,Toro,Freedom 1.3 T270 4x2 Flex Aut.,2022,PICKUP,USED,KM,105757,Prata,AUTOMATIC,FLEX,"Avenida Paulo Roberto Cunha, Quadra L Lote 15",Rio Verde,GO,75901-648,BR,Rio Verde,-17.7975,-50.9266,thiago-veiculos-rv,Thiago Veículos,1012513,https://resized-images.autoconf.com.br/1000x750/filters:format(jpg)/veiculos/fotos/1012513/41b3cbfc-e891-4737-a16b-a4a7b79d7544.jpg,Fiat Toro Freedom 1.3 T270 4x2 Flex Aut.,https://resized-images.autoconf.com.br/1000x750/filters:format(jpg)/veiculos/fotos/1012513/0994a951-4dd3-411e-8177-294b6313cb4a.jpg,https://resized-images.autoconf.com.br/1000x750/filters:format(jpg)/veiculos/fotos/1012513/c72543a3-532f-4ecd-abec-7565eb252ff1.jpg,https://resized-images.autoconf.com.br/1000x750/filters:format(jpg)/veiculos/fotos/1012513/adbc3056-31cd-4a57-82b9-5d7d488368cd.jpg,https://resized-images.autoconf.com.br/1000x750/filters:format(jpg)/veiculos/fotos/1012513/b0d1b0a1-0bd5-4ebc-adf0-0d7532892980.jpg,https://resized-images.autoconf.com.br/1000x750/filters:format(jpg)/veiculos/fotos/1012513/fff36389-3426-4c26-a8d6-2cd7ccda3641.jpg,https://resized-images.autoconf.com.br/1000x750/filters:format(jpg)/veiculos/fotos/1012513/389e566a-4596-4afd-b4e2-b56affde52ab.jpg,https://resized-images.autoconf.com.br/1000x750/filters:format(jpg)/veiculos/fotos/1012513/40a9a5b0-18c3-4249-a71f-7aa55008717c.jpg,https://resized-images.autoconf.com.br/1000x750/filters:format(jpg)/veiculos/fotos/1012513/bc3df3c7-8ffd-4654-a33d-6cc57fd63f32.jpg,https://resized-images.autoconf.com.br/1000x750/filters:format(jpg)/veiculos/fotos/1012513/dfdb92ab-30a6-4d3b-8a8c-7db939d29c69.jpg,,,,,,,,,,,80 a 120 mil,PICKUP,Fiat,2022,FLEX
1013931,1013931,Volkswagen VOYAGE 1.0 Flex 12V 4p,"Volkswagen VOYAGE 1.0 Flex 12V 4p — Ano 2023, 68.098 km, cor Branco. Seminovo com procedência, revisado e com garantia da loja. Thiago Veículos, em Rio Verde-GO. Agende sua visita ou chame no WhatsApp que a gente te atende rapidinho.",in stock,used,59990.00 BRL,,https://thiagoveiculosrv.com.br/carros/vw-volkswagen/voyage-1-0-flex-12v-4p/2023/1013931,Volkswagen,VOYAGE,1.0 Flex 12V 4p,2023,SEDAN,USED,KM,68098,Branco,MANUAL,FLEX,"Avenida Paulo Roberto Cunha, Quadra L Lote 15",Rio Verde,GO,75901-648,BR,Rio Verde,-17.7975,-50.9266,thiago-veiculos-rv,Thiago Veículos,1013931,https://resized-images.autoconf.com.br/1000x750/filters:format(jpg)/veiculos/fotos/1013931/e5386ddf-1162-4555-99a5-702e4ac9d538.jpg,Volkswagen VOYAGE 1.0 Flex 12V 4p,https://resized-images.autoconf.com.br/1000x750/filters:format(jpg)/veiculos/fotos/1013931/0c465669-7fe4-4f45-b5f3-19f233acc92d.jpg,https://resized-images.autoconf.com.br/1000x750/filters:format(jpg)/veiculos/fotos/1013931/ddb33978-4193-4114-8312-9432c9394502.jpg,https://resized-images.autoconf.com.br/1000x750/filters:format(jpg)/veiculos/fotos/1013931/8b3a5ee7-2519-47e7-92cb-7eac4891ffa4.jpg,https://resized-images.autoconf.com.br/1000x750/filters:format(jpg)/veiculos/fotos/1013931/45f042f1-c885-46b1-8e9a-7136cbc58e45.jpg,https://resized-images.autoconf.com.br/1000x750/filters:format(jpg)/veiculos/fotos/1013931/dc9fc154-2e9a-4a48-8db7-20236b7ea7c1.jpg,https://resized-images.autoconf.com.br/1000x750/filters:format(jpg)/veiculos/fotos/1013931/8b8e562c-0d95-4240-b000-dcf0f129e8bd.jpg,https://resized-images.autoconf.com.br/1000x750/filters:format(jpg)/veiculos/fotos/1013931/7bef9d49-c53e-40f8-89bd-bf2c5a659550.jpg,https://resized-images.autoconf.com.br/1000x750/filters:format(jpg)/veiculos/fotos/1013931/0561e720-071d-47d7-9322-f2908ff0dac5.jpg,https://resized-images.autoconf.com.br/1000x750/filters:format(jpg)/veiculos/fotos/1013931/ee13d78c-f7e9-4c73-a22e-043f0349fa88.jpg,,,,,,,,,,,50 a 80 mil,SEDAN,Volkswagen,2023,FLEX
1013933,1013933,Fiat Toro Volcano 1.3 T270 4x2 Flex Aut.,"Fiat Toro Volcano 1.3 T270 4x2 Flex Aut. — Ano 2023, 128.130 km, cor Branco. Seminovo com procedência, revisado e com garantia da loja. Thiago Veículos, em Rio Verde-GO. Agende sua visita ou chame no WhatsApp que a gente te atende rapidinho.",in stock,used,129990.00 BRL,,https://thiagoveiculosrv.com.br/carros/fiat/toro-volcano-1-3-t270-4x2-flex-aut/2023/1013933,Fiat,Toro,Volcano 1.3 T270 4x2 Flex Aut.,2023,PICKUP,USED,KM,128130,Branco,AUTOMATIC,FLEX,"Avenida Paulo Roberto Cunha, Quadra L Lote 15",Rio Verde,GO,75901-648,BR,Rio Verde,-17.7975,-50.9266,thiago-veiculos-rv,Thiago Veículos,1013933,https://resized-images.autoconf.com.br/1000x750/filters:format(jpg)/veiculos/fotos/1013933/4840c0d8-1218-4d12-af1a-aac56f41010f.jpg,Fiat Toro Volcano 1.3 T270 4x2 Flex Aut.,https://resized-images.autoconf.com.br/1000x750/filters:format(jpg)/veiculos/fotos/1013933/3966b398-af1e-42e6-a265-d5cda57c24b7.jpg,https://resized-images.autoconf.com.br/1000x750/filters:format(jpg)/veiculos/fotos/1013933/1102ba5d-7d65-4790-a780-af5c69a363eb.jpg,https://resized-images.autoconf.com.br/1000x750/filters:format(jpg)/veiculos/fotos/1013933/7262dbc9-c109-4bd0-8a74-a8dd408f194f.jpg,https://resized-images.autoconf.com.br/1000x750/filters:format(jpg)/veiculos/fotos/1013933/ef0fa416-248d-4dd0-a916-e6769fca17e2.jpg,https://resized-images.autoconf.com.br/1000x750/filters:format(jpg)/veiculos/fotos/1013933/a75cdaf4-2df2-42bf-a1f2-09212114b3be.jpg,https://resized-images.autoconf.com.br/1000x750/filters:format(jpg)/veiculos/fotos/1013933/41c9f085-d815-4126-a755-0905fba33437.jpg,https://resized-images.autoconf.com.br/1000x750/filters:format(jpg)/veiculos/fotos/1013933/be1e0c4a-293d-40af-b20f-cf811ed00226.jpg,https://resized-images.autoconf.com.br/1000x750/filters:format(jpg)/veiculos/fotos/1013933/34a5a4b0-4dee-4556-8923-e06809591f4f.jpg,https://resized-images.autoconf.com.br/1000x750/filters:format(jpg)/veiculos/fotos/1013933/86080c30-0a91-4de1-a28d-bebbd74f36f4.jpg,,,,,,,,,,,120 a 200 mil,PICKUP,Fiat,2023,FLEX
1015593,1015593,FORD F-350 2p (diesel),"FORD F-350 2p (diesel) — Ano 2009, 3.388.099 km, cor Prata. Seminovo com procedência, revisado e com garantia da loja. Thiago Veículos, em Rio Verde-GO. Agende sua visita ou chame no WhatsApp que a gente te atende rapidinho.",in stock,used,105990.00 BRL,,https://thiagoveiculosrv.com.br/caminhoes/ford-1/f-350-2p-diesel/2009/1015593,FORD,F-350,2p (diesel),2009,PICKUP,USED,KM,3388099,Prata,MANUAL,DIESEL,"Avenida Paulo Roberto Cunha, Quadra L Lote 15",Rio Verde,GO,75901-648,BR,Rio Verde,-17.7975,-50.9266,thiago-veiculos-rv,Thiago Veículos,1015593,https://resized-images.autoconf.com.br/1000x750/filters:format(jpg)/veiculos/fotos/1015593/3dcd41ed-6bf0-4a48-8eef-7293080115c2.jpg,FORD F-350 2p (diesel),https://resized-images.autoconf.com.br/1000x750/filters:format(jpg)/veiculos/fotos/1015593/d23b5c02-a55d-49c2-b25f-3ef1ca35ef98.jpg,https://resized-images.autoconf.com.br/1000x750/filters:format(jpg)/veiculos/fotos/1015593/af9af04f-d6f6-4b5a-b115-4d852aa1944c.jpg,https://resized-images.autoconf.com.br/1000x750/filters:format(jpg)/veiculos/fotos/1015593/bf1145a1-ec7a-4857-b300-4c3f2dc34075.jpg,https://resized-images.autoconf.com.br/1000x750/filters:format(jpg)/veiculos/fotos/1015593/6767802c-0bcd-46a8-ba7c-7b0fc832abe3.jpg,https://resized-images.autoconf.com.br/1000x750/filters:format(jpg)/veiculos/fotos/1015593/5e9ea2fa-9975-41af-9b07-a39872e28be9.jpg,https://resized-images.autoconf.com.br/1000x750/filters:format(jpg)/veiculos/fotos/1015593/3fb4137f-5e66-4b0d-bd88-2ad3685fe320.jpg,https://resized-images.autoconf.com.br/1000x750/filters:format(jpg)/veiculos/fotos/1015593/a7ff7b46-3e3f-4f21-8146-b0c12e688c13.jpg,,,,,,,,,,,,,80 a 120 mil,PICKUP,FORD,2009,DIESEL
1015597,1015597,Fiat Strada Freedom 1.3 Flex 8V CD,"Fiat Strada Freedom 1.3 Flex 8V CD — Ano 2023, 111.510 km, cor Cinza. Seminovo com procedência, revisado e com garantia da loja. Thiago Veículos, em Rio Verde-GO. Agende sua visita ou chame no WhatsApp que a gente te atende rapidinho.",in stock,used,99990.00 BRL,,https://thiagoveiculosrv.com.br/carros/fiat/strada-freedom-1-3-flex-8v-cd/2023/1015597,Fiat,Strada,Freedom 1.3 Flex 8V CD,2023,PICKUP,USED,KM,111510,Cinza,MANUAL,FLEX,"Avenida Paulo Roberto Cunha, Quadra L Lote 15",Rio Verde,GO,75901-648,BR,Rio Verde,-17.7975,-50.9266,thiago-veiculos-rv,Thiago Veículos,1015597,https://resized-images.autoconf.com.br/1000x750/filters:format(jpg)/veiculos/fotos/1015597/05365c3b-e605-4140-97ef-779c006d627e.jpg,Fiat Strada Freedom 1.3 Flex 8V CD,https://resized-images.autoconf.com.br/1000x750/filters:format(jpg)/veiculos/fotos/1015597/4a524fcc-dd2b-4243-9a36-706199f57552.jpg,https://resized-images.autoconf.com.br/1000x750/filters:format(jpg)/veiculos/fotos/1015597/2d74d845-4267-4180-ba6e-6ccdec99a714.jpg,https://resized-images.autoconf.com.br/1000x750/filters:format(jpg)/veiculos/fotos/1015597/7c40845b-b9e0-4a68-8367-020b056cb7f2.jpg,https://resized-images.autoconf.com.br/1000x750/filters:format(jpg)/veiculos/fotos/1015597/23e80b07-da9f-40fe-9f3e-0d140224e89e.jpg,https://resized-images.autoconf.com.br/1000x750/filters:format(jpg)/veiculos/fotos/1015597/39de0942-52df-4a40-99df-ad3f9489dafe.jpg,https://resized-images.autoconf.com.br/1000x750/filters:format(jpg)/veiculos/fotos/1015597/358110e1-16cf-4ff5-a2a4-6c506fd55914.jpg,https://resized-images.autoconf.com.br/1000x750/filters:format(jpg)/veiculos/fotos/1015597/fa4ad16e-cac7-4d1c-b01e-d6150f9ebd04.jpg,https://resized-images.autoconf.com.br/1000x750/filters:format(jpg)/veiculos/fotos/1015597/9c28d031-5d00-4d38-8da2-96162d37cee3.jpg,https://resized-images.autoconf.com.br/1000x750/filters:format(jpg)/veiculos/fotos/1015597/3429b2b8-fcb3-493e-884e-1fd134b97b69.jpg,,,,,,,,,,,80 a 120 mil,PICKUP,Fiat,2023,FLEX
1015623,1015623,Chevrolet S10 Pick-Up LTZ 2.8 TDI 4x4 CD Dies.Aut,"Chevrolet S10 Pick-Up LTZ 2.8 TDI 4x4 CD Dies.Aut — Ano 2023, 58.903 km, cor Branco. Seminovo com procedência, revisado e com garantia da loja. Thiago Veículos, em Rio Verde-GO. Agende sua visita ou chame no WhatsApp que a gente te atende rapidinho.",in stock,used,179990.00 BRL,,https://thiagoveiculosrv.com.br/carros/gm-chevrolet/s10-pick-up-ltz-2-8-tdi-4x4-cd-dies-aut/2023/1015623,Chevrolet,S10,Pick-Up LTZ 2.8 TDI 4x4 CD Dies.Aut,2023,PICKUP,USED,KM,58903,Branco,AUTOMATIC,DIESEL,"Avenida Paulo Roberto Cunha, Quadra L Lote 15",Rio Verde,GO,75901-648,BR,Rio Verde,-17.7975,-50.9266,thiago-veiculos-rv,Thiago Veículos,1015623,https://resized-images.autoconf.com.br/1000x750/filters:format(jpg)/veiculos/fotos/1015623/5bad4ff1-d404-4917-ab81-e8ae79e79d9f.jpg,Chevrolet S10 Pick-Up LTZ 2.8 TDI 4x4 CD Dies.Aut,https://resized-images.autoconf.com.br/1000x750/filters:format(jpg)/veiculos/fotos/1015623/a6c7cb4c-0438-4fd5-bb26-49e07a8d41b6.jpg,https://resized-images.autoconf.com.br/1000x750/filters:format(jpg)/veiculos/fotos/1015623/0143b00f-d7dd-43d2-bce8-0ad72e25d0d0.jpg,https://resized-images.autoconf.com.br/1000x750/filters:format(jpg)/veiculos/fotos/1015623/226e50c9-0b17-49b0-aa80-6d089ff5d2cb.jpg,https://resized-images.autoconf.com.br/1000x750/filters:format(jpg)/veiculos/fotos/1015623/dbb3d79a-4a35-4360-b49b-8aa9e92aa372.jpg,https://resized-images.autoconf.com.br/1000x750/filters:format(jpg)/veiculos/fotos/1015623/af8ca207-cf77-4375-a481-66fedfaae58b.jpg,https://resized-images.autoconf.com.br/1000x750/filters:format(jpg)/veiculos/fotos/1015623/4cc749d4-8b88-44ea-aa66-639f2712ae87.jpg,https://resized-images.autoconf.com.br/1000x750/filters:format(jpg)/veiculos/fotos/1015623/204ef30f-7c6e-4c3d-8ffd-edf46dd5e3aa.jpg,https://resized-images.autoconf.com.br/1000x750/filters:format(jpg)/veiculos/fotos/1015623/2f08b57f-39ed-4c34-abe6-101e06db1fbf.jpg,,,,,,,,,,,,120 a 200 mil,PICKUP,Chevrolet,2023,DIESEL
1017684,1017684,Fiat ARGO DRIVE 1.0 6V Flex,"Fiat ARGO DRIVE 1.0 6V Flex — Ano 2025, 43.390 km, cor Preto. Seminovo com procedência, revisado e com garantia da loja. Thiago Veículos, em Rio Verde-GO. Agende sua visita ou chame no WhatsApp que a gente te atende rapidinho.",in stock,used,71990.00 BRL,,https://thiagoveiculosrv.com.br/carros/fiat/argo-drive-1-0-6v-flex/2025/1017684,Fiat,ARGO,DRIVE 1.0 6V Flex,2025,HATCHBACK,USED,KM,43390,Preto,MANUAL,FLEX,"Avenida Paulo Roberto Cunha, Quadra L Lote 15",Rio Verde,GO,75901-648,BR,Rio Verde,-17.7975,-50.9266,thiago-veiculos-rv,Thiago Veículos,1017684,https://resized-images.autoconf.com.br/1000x750/filters:format(jpg)/veiculos/fotos/1017684/da174d31-7677-46ea-8c1f-7d1e93eab45b.jpg,Fiat ARGO DRIVE 1.0 6V Flex,https://resized-images.autoconf.com.br/1000x750/filters:format(jpg)/veiculos/fotos/1017684/a58e0755-8460-48dc-bfa5-f85774624fd5.jpg,https://resized-images.autoconf.com.br/1000x750/filters:format(jpg)/veiculos/fotos/1017684/683daecf-1974-461a-9fa6-e419afd5903b.jpg,https://resized-images.autoconf.com.br/1000x750/filters:format(jpg)/veiculos/fotos/1017684/74bd62c3-8a7b-4cd5-bcce-c3543e83e8cc.jpg,https://resized-images.autoconf.com.br/1000x750/filters:format(jpg)/veiculos/fotos/1017684/1e507666-c058-42de-8cc8-3f477481bc26.jpg,https://resized-images.autoconf.com.br/1000x750/filters:format(jpg)/veiculos/fotos/1017684/ceb09d53-71bd-4f38-afa4-4b4d2121ca63.jpg,https://resized-images.autoconf.com.br/1000x750/filters:format(jpg)/veiculos/fotos/1017684/7be3f00e-885f-4328-adbf-05e956a50f5a.jpg,https://resized-images.autoconf.com.br/1000x750/filters:format(jpg)/veiculos/fotos/1017684/f633a9f7-e807-40e4-8b21-215c83d6b3b8.jpg,https://resized-images.autoconf.com.br/1000x750/filters:format(jpg)/veiculos/fotos/1017684/4314c09b-25a5-4776-b738-f2a01f161a63.jpg,https://resized-images.autoconf.com.br/1000x750/filters:format(jpg)/veiculos/fotos/1017684/2ef643ad-e104-4e8b-aab1-ceba968dfa6c.jpg,,,,,,,,,,,50 a 80 mil,HATCHBACK,Fiat,2025,FLEX
1017818,1017818,Chevrolet ONIX SEDAN Plus LT 1.0 12V Flex 4p Mec.,"Chevrolet ONIX SEDAN Plus LT 1.0 12V Flex 4p Mec. — Ano 2024, 31.463 km, cor Branco. Seminovo com procedência, revisado e com garantia da loja. Thiago Veículos, em Rio Verde-GO. Agende sua visita ou chame no WhatsApp que a gente te atende rapidinho.",in stock,used,82990.00 BRL,,https://thiagoveiculosrv.com.br/carros/gm-chevrolet/onix-sedan-plus-lt-1-0-12v-4p-mec/2024/1017818,Chevrolet,ONIX,SEDAN Plus LT 1.0 12V Flex 4p Mec.,2024,SEDAN,USED,KM,31463,Branco,MANUAL,FLEX,"Avenida Paulo Roberto Cunha, Quadra L Lote 15",Rio Verde,GO,75901-648,BR,Rio Verde,-17.7975,-50.9266,thiago-veiculos-rv,Thiago Veículos,1017818,https://resized-images.autoconf.com.br/1000x750/filters:format(jpg)/veiculos/fotos/1017818/628d5354-d935-4a4d-9a64-7fe1f3a76820.jpg,Chevrolet ONIX SEDAN Plus LT 1.0 12V Flex 4p Mec.,https://resized-images.autoconf.com.br/1000x750/filters:format(jpg)/veiculos/fotos/1017818/8bba46c0-cbd8-450b-8245-9b13a640b667.jpg,https://resized-images.autoconf.com.br/1000x750/filters:format(jpg)/veiculos/fotos/1017818/f618d939-4a70-4641-a656-30efb6fce083.jpg,https://resized-images.autoconf.com.br/1000x750/filters:format(jpg)/veiculos/fotos/1017818/dfbcf499-1791-45eb-9ccb-1bcd59f4650a.jpg,https://resized-images.autoconf.com.br/1000x750/filters:format(jpg)/veiculos/fotos/1017818/3271fabc-03f5-46ca-a63e-981d728e9eb8.jpg,https://resized-images.autoconf.com.br/1000x750/filters:format(jpg)/veiculos/fotos/1017818/5ff3c751-58a4-4602-9430-d322155389a0.jpg,https://resized-images.autoconf.com.br/1000x750/filters:format(jpg)/veiculos/fotos/1017818/d3dae556-5a39-4754-ab57-eb3c6110009d.jpg,https://resized-images.autoconf.com.br/1000x750/filters:format(jpg)/veiculos/fotos/1017818/c90d15ac-fb84-4b1f-9e04-c2e0c9623c82.jpg,https://resized-images.autoconf.com.br/1000x750/filters:format(jpg)/veiculos/fotos/1017818/cd650d9b-2d1e-4e41-864a-8f3beb193dac.jpg,https://resized-images.autoconf.com.br/1000x750/filters:format(jpg)/veiculos/fotos/1017818/5ae49829-41a4-459b-99e7-f1a3179596fd.jpg,,,,,,,,,,,80 a 120 mil,SEDAN,Chevrolet,2024,FLEX
1018216,1018216,Volkswagen Kombi Lotação 1.4 Mi Total Flex 8V,"Volkswagen Kombi Lotação 1.4 Mi Total Flex 8V — Ano 2013, 233.410 km, cor Branco. Seminovo com procedência, revisado e com garantia da loja. Thiago Veículos, em Rio Verde-GO. Agende sua visita ou chame no WhatsApp que a gente te atende rapidinho.",in stock,used,59990.00 BRL,,https://thiagoveiculosrv.com.br/carros/vw-volkswagen/kombi-lotacao-1-4-mi-total-flex-8v/2013/1018216,Volkswagen,Kombi,Lotação 1.4 Mi Total Flex 8V,2013,VAN,USED,KM,233410,Branco,MANUAL,FLEX,"Avenida Paulo Roberto Cunha, Quadra L Lote 15",Rio Verde,GO,75901-648,BR,Rio Verde,-17.7975,-50.9266,thiago-veiculos-rv,Thiago Veículos,1018216,https://resized-images.autoconf.com.br/1000x750/filters:format(jpg)/veiculos/fotos/1018216/0244bcf6-90fe-4389-bcd5-9fe909d44c46.jpg,Volkswagen Kombi Lotação 1.4 Mi Total Flex 8V,https://resized-images.autoconf.com.br/1000x750/filters:format(jpg)/veiculos/fotos/1018216/0a33f334-23ca-4504-8597-81540edf2644.jpg,https://resized-images.autoconf.com.br/1000x750/filters:format(jpg)/veiculos/fotos/1018216/0a01398e-7f90-4448-a60e-56e1ce8c6aa9.jpg,https://resized-images.autoconf.com.br/1000x750/filters:format(jpg)/veiculos/fotos/1018216/ab6385c4-6565-4c05-ab69-713878f066ab.jpg,https://resized-images.autoconf.com.br/1000x750/filters:format(jpg)/veiculos/fotos/1018216/a57796bf-6d92-4d7e-85ae-ed1cb3f1bf3b.jpg,https://resized-images.autoconf.com.br/1000x750/filters:format(jpg)/veiculos/fotos/1018216/421739e2-7d8b-4da4-a8c3-d176cf1dd113.jpg,https://resized-images.autoconf.com.br/1000x750/filters:format(jpg)/veiculos/fotos/1018216/182e2098-d6c9-40cb-8d38-a463b89d420d.jpg,https://resized-images.autoconf.com.br/1000x750/filters:format(jpg)/veiculos/fotos/1018216/97834f28-fa1e-4634-9c6f-c3473bdc360d.jpg,https://resized-images.autoconf.com.br/1000x750/filters:format(jpg)/veiculos/fotos/1018216/ad519204-98b3-4bec-b35c-cadf589efebc.jpg,https://resized-images.autoconf.com.br/1000x750/filters:format(jpg)/veiculos/fotos/1018216/65823ac5-9f37-4d32-87c2-03c2ef895d75.jpg,https://resized-images.autoconf.com.br/1000x750/filters:format(jpg)/veiculos/fotos/1018216/a562e7fd-7a04-4714-a081-04dfed874387.jpg,,,,,,,,,,50 a 80 mil,VAN,Volkswagen,2013,FLEX
1018814,1018814,Chevrolet MONTANA LS 1.4 ECONOFLEX 8V 2p,"Chevrolet MONTANA LS 1.4 ECONOFLEX 8V 2p — Ano 2017, 102.845 km, cor Prata. Seminovo com procedência, revisado e com garantia da loja. Thiago Veículos, em Rio Verde-GO. Agende sua visita ou chame no WhatsApp que a gente te atende rapidinho.",in stock,used,51990.00 BRL,,https://thiagoveiculosrv.com.br/carros/gm-chevrolet/montana-ls-1-4-econoflex-8v-2p/2017/1018814,Chevrolet,MONTANA,LS 1.4 ECONOFLEX 8V 2p,2017,PICKUP,USED,KM,102845,Prata,MANUAL,FLEX,"Avenida Paulo Roberto Cunha, Quadra L Lote 15",Rio Verde,GO,75901-648,BR,Rio Verde,-17.7975,-50.9266,thiago-veiculos-rv,Thiago Veículos,1018814,https://resized-images.autoconf.com.br/1000x750/filters:format(jpg)/veiculos/fotos/1018814/bc26dcac-74bd-4b7a-a00c-4894716d4c90.jpg,Chevrolet MONTANA LS 1.4 ECONOFLEX 8V 2p,https://resized-images.autoconf.com.br/1000x750/filters:format(jpg)/veiculos/fotos/1018814/992931a5-be6c-4a46-a971-7fa0ce0052d6.jpg,https://resized-images.autoconf.com.br/1000x750/filters:format(jpg)/veiculos/fotos/1018814/960f48fb-7972-43e1-8196-bb963e54ad7a.jpg,https://resized-images.autoconf.com.br/1000x750/filters:format(jpg)/veiculos/fotos/1018814/433873a8-dda3-42bc-aac7-eef882c42b17.jpg,https://resized-images.autoconf.com.br/1000x750/filters:format(jpg)/veiculos/fotos/1018814/3bb2279c-378a-43b2-8359-d8c388184338.jpg,https://resized-images.autoconf.com.br/1000x750/filters:format(jpg)/veiculos/fotos/1018814/a83966f8-5640-4db7-9e20-4c7054e6322e.jpg,https://resized-images.autoconf.com.br/1000x750/filters:format(jpg)/veiculos/fotos/1018814/a7404637-82cf-47cf-ba3e-ea5372dcafb0.jpg,https://resized-images.autoconf.com.br/1000x750/filters:format(jpg)/veiculos/fotos/1018814/87fba408-4c5c-4810-9799-bd63cc40ab9d.jpg,https://resized-images.autoconf.com.br/1000x750/filters:format(jpg)/veiculos/fotos/1018814/483f2a93-9b8c-451a-9ecd-b82427c78cfd.jpg,,,,,,,,,,,,50 a 80 mil,PICKUP,Chevrolet,2017,FLEX
1024440,1024440,Toyota Hilux CD SRV D4-D 4x4 3.0 TDI Diesel Aut,"Toyota Hilux CD SRV D4-D 4x4 3.0 TDI Diesel Aut — Ano 2008, 354.603 km, cor Preto. Seminovo com procedência, revisado e com garantia da loja. Thiago Veículos, em Rio Verde-GO. Agende sua visita ou chame no WhatsApp que a gente te atende rapidinho.",in stock,used,99990.00 BRL,,https://thiagoveiculosrv.com.br/carros/toyota/hilux-cd-srv-d4-d-4x4-3-0-tdi-diesel-aut/2008/1024440,Toyota,Hilux,CD SRV D4-D 4x4 3.0 TDI Diesel Aut,2008,PICKUP,USED,KM,354603,Preto,AUTOMATIC,DIESEL,"Avenida Paulo Roberto Cunha, Quadra L Lote 15",Rio Verde,GO,75901-648,BR,Rio Verde,-17.7975,-50.9266,thiago-veiculos-rv,Thiago Veículos,1024440,https://resized-images.autoconf.com.br/1000x750/filters:format(jpg)/veiculos/fotos/1024440/2932ff8b-8824-4c35-a9c1-7ed595f88bd1.jpg,Toyota Hilux CD SRV D4-D 4x4 3.0 TDI Diesel Aut,https://resized-images.autoconf.com.br/1000x750/filters:format(jpg)/veiculos/fotos/1024440/dcfc526a-d5d2-483e-98de-9201037f06d7.jpg,https://resized-images.autoconf.com.br/1000x750/filters:format(jpg)/veiculos/fotos/1024440/7509fcc6-8fe6-492d-97a5-4c3fad884c7f.jpg,https://resized-images.autoconf.com.br/1000x750/filters:format(jpg)/veiculos/fotos/1024440/617770a6-bb5c-4bbe-9f88-2db9e5d6e6e5.jpg,https://resized-images.autoconf.com.br/1000x750/filters:format(jpg)/veiculos/fotos/1024440/facc5367-cb5e-4e4b-922c-7ac1edbe16da.jpg,https://resized-images.autoconf.com.br/1000x750/filters:format(jpg)/veiculos/fotos/1024440/fbcf4037-7e20-47bc-b375-c435a291a99a.jpg,https://resized-images.autoconf.com.br/1000x750/filters:format(jpg)/veiculos/fotos/1024440/76de61dc-dfc1-4180-b340-2d311751dbe7.jpg,https://resized-images.autoconf.com.br/1000x750/filters:format(jpg)/veiculos/fotos/1024440/2ef3cbac-cf09-444c-9145-e27d3dccb434.jpg,https://resized-images.autoconf.com.br/1000x750/filters:format(jpg)/veiculos/fotos/1024440/06ebbeea-b169-44e4-b29d-409791d63018.jpg,,,,,,,,,,,,80 a 120 mil,PICKUP,Toyota,2008,DIESEL
1026778,1026778,Volkswagen Saveiro Robust 1.6 Total Flex 8V CD,"Volkswagen Saveiro Robust 1.6 Total Flex 8V CD — Ano 2019, 131.234 km, cor Branco. Seminovo com procedência, revisado e com garantia da loja. Thiago Veículos, em Rio Verde-GO. Agende sua visita ou chame no WhatsApp que a gente te atende rapidinho.",in stock,used,64990.00 BRL,,https://thiagoveiculosrv.com.br/carros/vw-volkswagen/saveiro-robust-1-6-total-flex-8v-cd/2019/1026778,Volkswagen,Saveiro,Robust 1.6 Total Flex 8V CD,2019,PICKUP,USED,KM,131234,Branco,MANUAL,FLEX,"Avenida Paulo Roberto Cunha, Quadra L Lote 15",Rio Verde,GO,75901-648,BR,Rio Verde,-17.7975,-50.9266,thiago-veiculos-rv,Thiago Veículos,1026778,https://resized-images.autoconf.com.br/1000x750/filters:format(jpg)/veiculos/fotos/1026778/a79bbc81-f0a2-4525-8e9f-36fde10e1dd5.jpg,Volkswagen Saveiro Robust 1.6 Total Flex 8V CD,https://resized-images.autoconf.com.br/1000x750/filters:format(jpg)/veiculos/fotos/1026778/5025147d-b4a7-48e9-b68f-e179af7cf899.jpg,https://resized-images.autoconf.com.br/1000x750/filters:format(jpg)/veiculos/fotos/1026778/c70beaca-a1a4-4f77-9efe-ccf1efba9eb2.jpg,https://resized-images.autoconf.com.br/1000x750/filters:format(jpg)/veiculos/fotos/1026778/aa677310-1804-4df2-8829-ee8eda0ec177.jpg,https://resized-images.autoconf.com.br/1000x750/filters:format(jpg)/veiculos/fotos/1026778/4dfce441-5bd6-47d8-b1fd-7aef3e98b80c.jpg,https://resized-images.autoconf.com.br/1000x750/filters:format(jpg)/veiculos/fotos/1026778/783f7c6b-6f50-417c-99df-d879520d3b40.jpg,https://resized-images.autoconf.com.br/1000x750/filters:format(jpg)/veiculos/fotos/1026778/b4d1d21e-fc5b-4749-b3f6-7e2517c67e86.jpg,https://resized-images.autoconf.com.br/1000x750/filters:format(jpg)/veiculos/fotos/1026778/23faa9c7-0947-4f1d-8989-9a49eab2373c.jpg,,,,,,,,,,,,,50 a 80 mil,PICKUP,Volkswagen,2019,FLEX
1027270,1027270,Hyundai HB20 C.Style/C.Plus 1.6 Flex 16V Aut.,"Hyundai HB20 C.Style/C.Plus 1.6 Flex 16V Aut. — Ano 2017, 86.978 km, cor Branco. Seminovo com procedência, revisado e com garantia da loja. Thiago Veículos, em Rio Verde-GO. Agende sua visita ou chame no WhatsApp que a gente te atende rapidinho.",in stock,used,67990.00 BRL,,https://thiagoveiculosrv.com.br/carros/hyundai/hb20-c-style-c-plus-1-6-flex-16v-aut/2017/1027270,Hyundai,HB20,C.Style/C.Plus 1.6 Flex 16V Aut.,2017,HATCHBACK,USED,KM,86978,Branco,AUTOMATIC,FLEX,"Avenida Paulo Roberto Cunha, Quadra L Lote 15",Rio Verde,GO,75901-648,BR,Rio Verde,-17.7975,-50.9266,thiago-veiculos-rv,Thiago Veículos,1027270,https://resized-images.autoconf.com.br/1000x750/filters:format(jpg)/veiculos/fotos/1027270/539ae957-aeb9-431a-9721-ba83a8e9223f.jpg,Hyundai HB20 C.Style/C.Plus 1.6 Flex 16V Aut.,https://resized-images.autoconf.com.br/1000x750/filters:format(jpg)/veiculos/fotos/1027270/a6b4e9cf-7f7c-4082-8159-47117e86c4e3.jpg,https://resized-images.autoconf.com.br/1000x750/filters:format(jpg)/veiculos/fotos/1027270/c5816726-480d-4fe8-9f36-1ffeddbf84f3.jpg,https://resized-images.autoconf.com.br/1000x750/filters:format(jpg)/veiculos/fotos/1027270/802cfe3a-b7ba-4aa1-8b88-619422895d8e.jpg,https://resized-images.autoconf.com.br/1000x750/filters:format(jpg)/veiculos/fotos/1027270/1936b8ee-6f2c-40e2-bcac-2cd6ce357782.jpg,https://resized-images.autoconf.com.br/1000x750/filters:format(jpg)/veiculos/fotos/1027270/b282e540-16ef-4e35-a2a8-c8c71ffdaf1d.jpg,https://resized-images.autoconf.com.br/1000x750/filters:format(jpg)/veiculos/fotos/1027270/a4812302-a23a-4fe8-80a6-7e5451972774.jpg,https://resized-images.autoconf.com.br/1000x750/filters:format(jpg)/veiculos/fotos/1027270/87e0c06a-d7c2-4efc-812c-3cb63821ee6b.jpg,https://resized-images.autoconf.com.br/1000x750/filters:format(jpg)/veiculos/fotos/1027270/cea621af-2cf9-4d06-bb39-714f5c3d391d.jpg,,,,,,,,,,,,50 a 80 mil,HATCHBACK,Hyundai,2017,FLEX
1029822,1029822,Volkswagen Gol (novo) 1.6 Mi Total Flex 8V 4p,"Volkswagen Gol (novo) 1.6 Mi Total Flex 8V 4p — Ano 2013, 171.007 km, cor Branco. Seminovo com procedência, revisado e com garantia da loja. Thiago Veículos, em Rio Verde-GO. Agende sua visita ou chame no WhatsApp que a gente te atende rapidinho.",in stock,used,34990.00 BRL,,https://thiagoveiculosrv.com.br/carros/vw-volkswagen/gol-novo-1-6-mi-total-flex-8v-4p/2013/1029822,Volkswagen,Gol,(novo) 1.6 Mi Total Flex 8V 4p,2013,CONVERTIBLE,USED,KM,171007,Branco,MANUAL,FLEX,"Avenida Paulo Roberto Cunha, Quadra L Lote 15",Rio Verde,GO,75901-648,BR,Rio Verde,-17.7975,-50.9266,thiago-veiculos-rv,Thiago Veículos,1029822,https://resized-images.autoconf.com.br/1000x750/filters:format(jpg)/veiculos/fotos/1029822/509a2520-7791-48e7-ab65-408c9fc99ade.jpg,Volkswagen Gol (novo) 1.6 Mi Total Flex 8V 4p,https://resized-images.autoconf.com.br/1000x750/filters:format(jpg)/veiculos/fotos/1029822/6973286b-9c65-4889-9d4e-7f43c248363e.jpg,https://resized-images.autoconf.com.br/1000x750/filters:format(jpg)/veiculos/fotos/1029822/562bb804-eb3a-4a23-a740-37698387aaad.jpg,https://resized-images.autoconf.com.br/1000x750/filters:format(jpg)/veiculos/fotos/1029822/fc8734d0-736c-4987-a592-e21ca8800a6c.jpg,https://resized-images.autoconf.com.br/1000x750/filters:format(jpg)/veiculos/fotos/1029822/074e6ce3-04d9-4f9c-ab27-7d7737fdf857.jpg,https://resized-images.autoconf.com.br/1000x750/filters:format(jpg)/veiculos/fotos/1029822/c7162c76-533e-4af9-8a1f-59a71a77a462.jpg,https://resized-images.autoconf.com.br/1000x750/filters:format(jpg)/veiculos/fotos/1029822/ee9202a2-e12d-47e3-90e3-5c0c4f2eb393.jpg,https://resized-images.autoconf.com.br/1000x750/filters:format(jpg)/veiculos/fotos/1029822/b35ddea4-5b89-4822-b568-533f933762cf.jpg,https://resized-images.autoconf.com.br/1000x750/filters:format(jpg)/veiculos/fotos/1029822/06a1d338-2835-440d-a7b1-929d097f62d3.jpg,,,,,,,,,,,,Até 50 mil,CONVERTIBLE,Volkswagen,2013,FLEX
1030328,1030328,FORD F-350 CD 4p (diesel),"FORD F-350 CD 4p (diesel) — Ano 2009, 320.084 km, cor Prata. Seminovo com procedência, revisado e com garantia da loja. Thiago Veículos, em Rio Verde-GO. Agende sua visita ou chame no WhatsApp que a gente te atende rapidinho.",in stock,used,177990.00 BRL,,https://thiagoveiculosrv.com.br/caminhoes/ford-1/f-350-cd-4p-diesel/2009/1030328,FORD,F-350,CD 4p (diesel),2009,PICKUP,USED,KM,320084,Prata,MANUAL,DIESEL,"Avenida Paulo Roberto Cunha, Quadra L Lote 15",Rio Verde,GO,75901-648,BR,Rio Verde,-17.7975,-50.9266,thiago-veiculos-rv,Thiago Veículos,1030328,https://resized-images.autoconf.com.br/1000x750/filters:format(jpg)/veiculos/fotos/1030328/04b35f7d-0369-41de-8cbc-782400840b35.jpg,FORD F-350 CD 4p (diesel),https://resized-images.autoconf.com.br/1000x750/filters:format(jpg)/veiculos/fotos/1030328/d4904399-a3ea-4887-b4fd-d7ab33e8a3ce.jpg,https://resized-images.autoconf.com.br/1000x750/filters:format(jpg)/veiculos/fotos/1030328/c98e1305-8e84-4d79-b512-9c0f5953d15f.jpg,https://resized-images.autoconf.com.br/1000x750/filters:format(jpg)/veiculos/fotos/1030328/627e97e3-86a2-45cb-8220-08e55dd7305b.jpg,https://resized-images.autoconf.com.br/1000x750/filters:format(jpg)/veiculos/fotos/1030328/ac43b879-c849-47de-b4bd-b07c720351f5.jpg,https://resized-images.autoconf.com.br/1000x750/filters:format(jpg)/veiculos/fotos/1030328/f5610a95-08fc-4b8e-9a79-51195ecf31a6.jpg,https://resized-images.autoconf.com.br/1000x750/filters:format(jpg)/veiculos/fotos/1030328/ce495bd2-17c4-4708-a048-67a39ae2da07.jpg,https://resized-images.autoconf.com.br/1000x750/filters:format(jpg)/veiculos/fotos/1030328/50b4be3e-4ce6-4c74-8e40-2af50b12aad8.jpg,https://resized-images.autoconf.com.br/1000x750/filters:format(jpg)/veiculos/fotos/1030328/3ab337d9-4e97-45e3-9588-acfd4a85d8af.jpg,,,,,,,,,,,,120 a 200 mil,PICKUP,FORD,2009,DIESEL
1030360,1030360,FORD F-350 2p (diesel),"FORD F-350 2p (diesel) — Ano 2011, 511.456 km, cor Preto. Seminovo com procedência, revisado e com garantia da loja. Thiago Veículos, em Rio Verde-GO. Agende sua visita ou chame no WhatsApp que a gente te atende rapidinho.",in stock,used,178990.00 BRL,,https://thiagoveiculosrv.com.br/caminhoes/ford-1/f-350-2p-diesel/2011/1030360,FORD,F-350,2p (diesel),2011,PICKUP,USED,KM,511456,Preto,MANUAL,DIESEL,"Avenida Paulo Roberto Cunha, Quadra L Lote 15",Rio Verde,GO,75901-648,BR,Rio Verde,-17.7975,-50.9266,thiago-veiculos-rv,Thiago Veículos,1030360,https://resized-images.autoconf.com.br/1000x750/filters:format(jpg)/veiculos/fotos/1030360/0fee3da2-44ba-4c64-a158-8fd1161f0206.jpg,FORD F-350 2p (diesel),https://resized-images.autoconf.com.br/1000x750/filters:format(jpg)/veiculos/fotos/1030360/b4ec03e6-50e2-41a4-a3b9-e83a959274d4.jpg,https://resized-images.autoconf.com.br/1000x750/filters:format(jpg)/veiculos/fotos/1030360/c3eef08d-648c-40c8-afbc-926c42d0359e.jpg,https://resized-images.autoconf.com.br/1000x750/filters:format(jpg)/veiculos/fotos/1030360/ec4ecce4-0cd6-4ec3-94f8-c2d983981d62.jpg,https://resized-images.autoconf.com.br/1000x750/filters:format(jpg)/veiculos/fotos/1030360/c7cd6dfc-71ab-429e-bffb-cd6145e0dd7c.jpg,https://resized-images.autoconf.com.br/1000x750/filters:format(jpg)/veiculos/fotos/1030360/df2aa1f0-e978-485c-a1e5-f4ab9b433171.jpg,https://resized-images.autoconf.com.br/1000x750/filters:format(jpg)/veiculos/fotos/1030360/1e155624-c0f7-4501-bf69-5588515393c7.jpg,https://resized-images.autoconf.com.br/1000x750/filters:format(jpg)/veiculos/fotos/1030360/38f02e4c-be89-40b5-b058-9fc518aadeb6.jpg,https://resized-images.autoconf.com.br/1000x750/filters:format(jpg)/veiculos/fotos/1030360/95584783-95b7-4dfa-b225-41cabd40f80f.jpg,,,,,,,,,,,,120 a 200 mil,PICKUP,FORD,2011,DIESEL
1030878,1030878,Honda Civic Sedan EX 2.0 Flex 16V Aut.4p,"Honda Civic Sedan EX 2.0 Flex 16V Aut.4p — Ano 2018, 92.219 km, cor Branco. Seminovo com procedência, revisado e com garantia da loja. Thiago Veículos, em Rio Verde-GO. Agende sua visita ou chame no WhatsApp que a gente te atende rapidinho.",in stock,used,114990.00 BRL,,https://thiagoveiculosrv.com.br/carros/honda/civic-sedan-ex-2-0-flex-16v-aut-4p/2018/1030878,Honda,Civic,Sedan EX 2.0 Flex 16V Aut.4p,2018,SEDAN,USED,KM,92219,Branco,AUTOMATIC,FLEX,"Avenida Paulo Roberto Cunha, Quadra L Lote 15",Rio Verde,GO,75901-648,BR,Rio Verde,-17.7975,-50.9266,thiago-veiculos-rv,Thiago Veículos,1030878,https://resized-images.autoconf.com.br/1000x750/filters:format(jpg)/veiculos/fotos/1030878/cdddbcc2-c40d-4a70-a40c-3d46f9bce335.jpg,Honda Civic Sedan EX 2.0 Flex 16V Aut.4p,https://resized-images.autoconf.com.br/1000x750/filters:format(jpg)/veiculos/fotos/1030878/6732dec5-134f-4e5f-b3af-ffa97b0f8b15.jpg,https://resized-images.autoconf.com.br/1000x750/filters:format(jpg)/veiculos/fotos/1030878/bcfa47d0-a4ed-4be6-b739-4ad051c8d727.jpg,https://resized-images.autoconf.com.br/1000x750/filters:format(jpg)/veiculos/fotos/1030878/43826ae0-3ba7-4ecd-8fb4-182f73764ded.jpg,https://resized-images.autoconf.com.br/1000x750/filters:format(jpg)/veiculos/fotos/1030878/e32c9231-8b50-410f-ab87-40b3e4978e62.jpg,https://resized-images.autoconf.com.br/1000x750/filters:format(jpg)/veiculos/fotos/1030878/1e4a342c-7ba8-45a7-8005-09aabadbe9c6.jpg,https://resized-images.autoconf.com.br/1000x750/filters:format(jpg)/veiculos/fotos/1030878/c9b67a03-485c-4c11-b94e-8d5dc474fbfd.jpg,https://resized-images.autoconf.com.br/1000x750/filters:format(jpg)/veiculos/fotos/1030878/735e5973-8829-4b72-9903-32548d44c8cd.jpg,https://resized-images.autoconf.com.br/1000x750/filters:format(jpg)/veiculos/fotos/1030878/e0d929f4-d57b-4777-8dad-d78124e7d2ea.jpg,,,,,,,,,,,,80 a 120 mil,SEDAN,Honda,2018,FLEX
1031883,1031883,Renault Clio Hi-Flex 1.0 16V 3p,"Renault Clio Hi-Flex 1.0 16V 3p — Ano 2011, 221.480 km, cor Cinza. Seminovo com procedência, revisado e com garantia da loja. Thiago Veículos, em Rio Verde-GO. Agende sua visita ou chame no WhatsApp que a gente te atende rapidinho.",in stock,used,16990.00 BRL,,https://thiagoveiculosrv.com.br/carros/renault/clio-hi-flex-1-0-16v-3p/2011/1031883,Renault,Clio,Hi-Flex 1.0 16V 3p,2011,HATCHBACK,USED,KM,221480,Cinza,MANUAL,FLEX,"Avenida Paulo Roberto Cunha, Quadra L Lote 15",Rio Verde,GO,75901-648,BR,Rio Verde,-17.7975,-50.9266,thiago-veiculos-rv,Thiago Veículos,1031883,https://resized-images.autoconf.com.br/1000x750/filters:format(jpg)/veiculos/fotos/1031883/c43ffbaf-ba3c-4fc5-be99-150c188970a4.jpg,Renault Clio Hi-Flex 1.0 16V 3p,https://resized-images.autoconf.com.br/1000x750/filters:format(jpg)/veiculos/fotos/1031883/60227f25-1248-48ab-8395-80c35189a16d.jpg,https://resized-images.autoconf.com.br/1000x750/filters:format(jpg)/veiculos/fotos/1031883/d337f617-86c6-45fa-bbb6-8396d9d06877.jpg,https://resized-images.autoconf.com.br/1000x750/filters:format(jpg)/veiculos/fotos/1031883/a5684bbc-550c-4ff5-8902-2d102878444e.jpg,https://resized-images.autoconf.com.br/1000x750/filters:format(jpg)/veiculos/fotos/1031883/ca62775c-666d-470d-a220-ff04eb426dc8.jpg,https://resized-images.autoconf.com.br/1000x750/filters:format(jpg)/veiculos/fotos/1031883/b1668a2d-75ee-48f7-b7b6-08c45e0ce60c.jpg,https://resized-images.autoconf.com.br/1000x750/filters:format(jpg)/veiculos/fotos/1031883/3cb84aad-c91c-4bab-8dbd-789a25b84f73.jpg,https://resized-images.autoconf.com.br/1000x750/filters:format(jpg)/veiculos/fotos/1031883/8602a853-5703-490a-a9be-30af3987e0df.jpg,https://resized-images.autoconf.com.br/1000x750/filters:format(jpg)/veiculos/fotos/1031883/9a25f660-cd5a-4099-9199-2bf426f797cb.jpg,,,,,,,,,,,,Até 50 mil,HATCHBACK,Renault,2011,FLEX
1031899,1031899,Ford Fiesta Sedan 1.0 8V Flex 4p,"Ford Fiesta Sedan 1.0 8V Flex 4p — Ano 2011, 233.533 km, cor Prata. Seminovo com procedência, revisado e com garantia da loja. Thiago Veículos, em Rio Verde-GO. Agende sua visita ou chame no WhatsApp que a gente te atende rapidinho.",in stock,used,34990.00 BRL,,https://thiagoveiculosrv.com.br/carros/ford/fiesta-sedan-1-0-8v-flex-4p/2011/1031899,Ford,Fiesta,Sedan 1.0 8V Flex 4p,2011,SEDAN,USED,KM,233533,Prata,MANUAL,FLEX,"Avenida Paulo Roberto Cunha, Quadra L Lote 15",Rio Verde,GO,75901-648,BR,Rio Verde,-17.7975,-50.9266,thiago-veiculos-rv,Thiago Veículos,1031899,https://resized-images.autoconf.com.br/1000x750/filters:format(jpg)/veiculos/fotos/1031899/ffe6dcf4-e014-4d6b-9c6d-36b7611d8461.jpg,Ford Fiesta Sedan 1.0 8V Flex 4p,https://resized-images.autoconf.com.br/1000x750/filters:format(jpg)/veiculos/fotos/1031899/a9c0917d-1b81-4abe-9805-e5e8fbcc997c.jpg,https://resized-images.autoconf.com.br/1000x750/filters:format(jpg)/veiculos/fotos/1031899/04c87050-47e2-4f95-b9ff-e1543752964a.jpg,https://resized-images.autoconf.com.br/1000x750/filters:format(jpg)/veiculos/fotos/1031899/6b0153e3-f243-4011-9aaa-55a1813c2c8a.jpg,https://resized-images.autoconf.com.br/1000x750/filters:format(jpg)/veiculos/fotos/1031899/47c1f881-97ae-4ed6-a4aa-b7a063e45ce7.jpg,https://resized-images.autoconf.com.br/1000x750/filters:format(jpg)/veiculos/fotos/1031899/d38a7153-4752-49f4-a0f7-140e43c6306b.jpg,https://resized-images.autoconf.com.br/1000x750/filters:format(jpg)/veiculos/fotos/1031899/ef8223da-cda5-4d0d-bae2-3c67832198c1.jpg,https://resized-images.autoconf.com.br/1000x750/filters:format(jpg)/veiculos/fotos/1031899/0d6b229e-5661-4016-bdbc-4f122e1b535c.jpg,https://resized-images.autoconf.com.br/1000x750/filters:format(jpg)/veiculos/fotos/1031899/93098de1-704e-43fa-8a74-151da553057a.jpg,,,,,,,,,,,,Até 50 mil,SEDAN,Ford,2011,FLEX
1033280,1033280,Chevrolet S10 Pick-Up LS 2.8 TDI 4x4 CD Dies. Mec.,"Chevrolet S10 Pick-Up LS 2.8 TDI 4x4 CD Dies. Mec. — Ano 2022, 96.627 km, cor Prata. Seminovo com procedência, revisado e com garantia da loja. Thiago Veículos, em Rio Verde-GO. Agende sua visita ou chame no WhatsApp que a gente te atende rapidinho.",in stock,used,121990.00 BRL,,https://thiagoveiculosrv.com.br/carros/gm-chevrolet/s10-pick-up-ls-2-8-tdi-4x4-cd-dies-mec/2022/1033280,Chevrolet,S10,Pick-Up LS 2.8 TDI 4x4 CD Dies. Mec.,2022,PICKUP,USED,KM,96627,Prata,MANUAL,DIESEL,"Avenida Paulo Roberto Cunha, Quadra L Lote 15",Rio Verde,GO,75901-648,BR,Rio Verde,-17.7975,-50.9266,thiago-veiculos-rv,Thiago Veículos,1033280,https://resized-images.autoconf.com.br/1000x750/filters:format(jpg)/veiculos/fotos/1033280/4f07ad62-da07-4041-88a4-3abcd7a95c60.jpg,Chevrolet S10 Pick-Up LS 2.8 TDI 4x4 CD Dies. Mec.,https://resized-images.autoconf.com.br/1000x750/filters:format(jpg)/veiculos/fotos/1033280/18c92d11-7f76-442c-9b23-0a7d5c016ad0.jpg,https://resized-images.autoconf.com.br/1000x750/filters:format(jpg)/veiculos/fotos/1033280/79ed7bc1-b4f0-46b4-b8ec-e771d6f943a9.jpg,https://resized-images.autoconf.com.br/1000x750/filters:format(jpg)/veiculos/fotos/1033280/d67d636b-7a03-4977-937b-9aebaad9757e.jpg,https://resized-images.autoconf.com.br/1000x750/filters:format(jpg)/veiculos/fotos/1033280/61be6689-bcd0-4e64-804f-381534e23515.jpg,https://resized-images.autoconf.com.br/1000x750/filters:format(jpg)/veiculos/fotos/1033280/16ce9768-2a87-4753-a8e8-fde9c9797cdf.jpg,https://resized-images.autoconf.com.br/1000x750/filters:format(jpg)/veiculos/fotos/1033280/5db5d4f4-1270-427b-980e-0bdc0f1a863b.jpg,https://resized-images.autoconf.com.br/1000x750/filters:format(jpg)/veiculos/fotos/1033280/61a74e42-81b6-4182-851e-17f16d096817.jpg,https://resized-images.autoconf.com.br/1000x750/filters:format(jpg)/veiculos/fotos/1033280/659bc6f0-8e0e-4ca2-817c-712dccf04c69.jpg,,,,,,,,,,,,120 a 200 mil,PICKUP,Chevrolet,2022,DIESEL
1036412,1036412,Chevrolet ONIX HATCH Joy 1.0 8V Flex 5p Mec.,"Chevrolet ONIX HATCH Joy 1.0 8V Flex 5p Mec. — Ano 2017, 256.968 km, cor Branco. Seminovo com procedência, revisado e com garantia da loja. Thiago Veículos, em Rio Verde-GO. Agende sua visita ou chame no WhatsApp que a gente te atende rapidinho.",in stock,used,42990.00 BRL,,https://thiagoveiculosrv.com.br/carros/gm-chevrolet/onix-hatch-joy-1-0-8v-flex-5p-mec/2017/1036412,Chevrolet,ONIX,HATCH Joy 1.0 8V Flex 5p Mec.,2017,HATCHBACK,USED,KM,256968,Branco,MANUAL,FLEX,"Avenida Paulo Roberto Cunha, Quadra L Lote 15",Rio Verde,GO,75901-648,BR,Rio Verde,-17.7975,-50.9266,thiago-veiculos-rv,Thiago Veículos,1036412,https://resized-images.autoconf.com.br/1000x750/filters:format(jpg)/veiculos/fotos/1036412/b14dcf39-90cd-47ac-b7ff-91560cefddce.jpg,Chevrolet ONIX HATCH Joy 1.0 8V Flex 5p Mec.,https://resized-images.autoconf.com.br/1000x750/filters:format(jpg)/veiculos/fotos/1036412/c6404ece-c5dc-4f15-a0af-e3f25ff81ec9.jpg,https://resized-images.autoconf.com.br/1000x750/filters:format(jpg)/veiculos/fotos/1036412/e58a49a4-765b-420d-bfe7-55266ed89e8b.jpg,https://resized-images.autoconf.com.br/1000x750/filters:format(jpg)/veiculos/fotos/1036412/f3559861-b4ef-4a1d-ba02-26bb8da6f2d2.jpg,https://resized-images.autoconf.com.br/1000x750/filters:format(jpg)/veiculos/fotos/1036412/117017a1-f2b0-440a-a87f-802562508a4e.jpg,https://resized-images.autoconf.com.br/1000x750/filters:format(jpg)/veiculos/fotos/1036412/b7857c63-6409-4f9d-aaed-507c00e70e3e.jpg,https://resized-images.autoconf.com.br/1000x750/filters:format(jpg)/veiculos/fotos/1036412/da55d474-d377-47f6-926f-e43eeda53d1c.jpg,https://resized-images.autoconf.com.br/1000x750/filters:format(jpg)/veiculos/fotos/1036412/4317e2aa-3770-4f5e-adc6-0c3002d2588b.jpg,https://resized-images.autoconf.com.br/1000x750/filters:format(jpg)/veiculos/fotos/1036412/cbb4d0bb-8915-4541-b3eb-939a97d74970.jpg,,,,,,,,,,,,Até 50 mil,HATCHBACK,Chevrolet,2017,FLEX
1036417,1036417,Chevrolet Classic Life/LS 1.0 VHC FlexP. 4p,"Chevrolet Classic Life/LS 1.0 VHC FlexP. 4p — Ano 2014, 123.601 km, cor Branco. Seminovo com procedência, revisado e com garantia da loja. Thiago Veículos, em Rio Verde-GO. Agende sua visita ou chame no WhatsApp que a gente te atende rapidinho.",in stock,used,33990.00 BRL,,https://thiagoveiculosrv.com.br/carros/gm-chevrolet/classic-life-ls-1-0-vhc-flexp-4p/2014/1036417,Chevrolet,Classic,Life/LS 1.0 VHC FlexP. 4p,2014,SEDAN,USED,KM,123601,Branco,MANUAL,FLEX,"Avenida Paulo Roberto Cunha, Quadra L Lote 15",Rio Verde,GO,75901-648,BR,Rio Verde,-17.7975,-50.9266,thiago-veiculos-rv,Thiago Veículos,1036417,https://resized-images.autoconf.com.br/1000x750/filters:format(jpg)/veiculos/fotos/1036417/ea2d46c6-d62a-4db1-addb-d9df234373b0.jpg,Chevrolet Classic Life/LS 1.0 VHC FlexP. 4p,https://resized-images.autoconf.com.br/1000x750/filters:format(jpg)/veiculos/fotos/1036417/86fbefc5-a084-4120-9b33-bc48d1e6ccfd.jpg,https://resized-images.autoconf.com.br/1000x750/filters:format(jpg)/veiculos/fotos/1036417/8b73bd0c-c5cc-48de-83c5-3cbdf1ee2a3c.jpg,https://resized-images.autoconf.com.br/1000x750/filters:format(jpg)/veiculos/fotos/1036417/b4556b62-2ad1-4334-8b36-789da39eedc8.jpg,https://resized-images.autoconf.com.br/1000x750/filters:format(jpg)/veiculos/fotos/1036417/312f0344-c996-4e15-b6be-6138f64efc86.jpg,https://resized-images.autoconf.com.br/1000x750/filters:format(jpg)/veiculos/fotos/1036417/5124cb6c-41f6-4b0d-a8f7-c2122e045b1f.jpg,https://resized-images.autoconf.com.br/1000x750/filters:format(jpg)/veiculos/fotos/1036417/f6a9c192-e155-4241-a443-55039466b3fe.jpg,https://resized-images.autoconf.com.br/1000x750/filters:format(jpg)/veiculos/fotos/1036417/1ec78d9f-b6d6-4297-91c2-ac669b1f281a.jpg,https://resized-images.autoconf.com.br/1000x750/filters:format(jpg)/veiculos/fotos/1036417/2418972e-f9fc-4ebf-8af3-c71b276821d6.jpg,,,,,,,,,,,,Até 50 mil,SEDAN,Chevrolet,2014,FLEX
1036633,1036633,Chevrolet SPIN LTZ 1.8 8V Econo.Flex 5p Aut.,"Chevrolet SPIN LTZ 1.8 8V Econo.Flex 5p Aut. — Ano 2014, 99.055 km, cor Prata. Seminovo com procedência, revisado e com garantia da loja. Thiago Veículos, em Rio Verde-GO. Agende sua visita ou chame no WhatsApp que a gente te atende rapidinho.",in stock,used,54990.00 BRL,,https://thiagoveiculosrv.com.br/carros/gm-chevrolet/spin-ltz-1-8-8v-econo-flex-5p-aut/2014/1036633,Chevrolet,SPIN,LTZ 1.8 8V Econo.Flex 5p Aut.,2014,MINIVAN,USED,KM,99055,Prata,AUTOMATIC,FLEX,"Avenida Paulo Roberto Cunha, Quadra L Lote 15",Rio Verde,GO,75901-648,BR,Rio Verde,-17.7975,-50.9266,thiago-veiculos-rv,Thiago Veículos,1036633,https://resized-images.autoconf.com.br/1000x750/filters:format(jpg)/veiculos/fotos/1036633/31e8c657-20f0-4040-95ef-a81f3de5d990.jpg,Chevrolet SPIN LTZ 1.8 8V Econo.Flex 5p Aut.,https://resized-images.autoconf.com.br/1000x750/filters:format(jpg)/veiculos/fotos/1036633/8aca6ef6-2512-4744-8245-ebd5bb9c513f.jpg,https://resized-images.autoconf.com.br/1000x750/filters:format(jpg)/veiculos/fotos/1036633/2ba21d84-db43-4a28-b804-ba0c3e79f5dc.jpg,https://resized-images.autoconf.com.br/1000x750/filters:format(jpg)/veiculos/fotos/1036633/0bddc138-77a0-4db0-85ef-d929fc47f157.jpg,https://resized-images.autoconf.com.br/1000x750/filters:format(jpg)/veiculos/fotos/1036633/4b10c6ed-e60f-4102-a26e-0ec12fa63e2f.jpg,https://resized-images.autoconf.com.br/1000x750/filters:format(jpg)/veiculos/fotos/1036633/9df4db75-22f2-4ad5-a800-2d718716166d.jpg,https://resized-images.autoconf.com.br/1000x750/filters:format(jpg)/veiculos/fotos/1036633/f396c77d-6f2f-4651-ab82-7350d226b285.jpg,https://resized-images.autoconf.com.br/1000x750/filters:format(jpg)/veiculos/fotos/1036633/becfbd19-57b6-41da-9ca6-a2406c87ab5f.jpg,https://resized-images.autoconf.com.br/1000x750/filters:format(jpg)/veiculos/fotos/1036633/cd948f9b-642d-4080-a079-fb12fd792cc4.jpg,https://resized-images.autoconf.com.br/1000x750/filters:format(jpg)/veiculos/fotos/1036633/f6c2165a-d935-4e28-b432-841ec4305547.jpg,,,,,,,,,,,50 a 80 mil,MINIVAN,Chevrolet,2014,FLEX
1037303,1037303,Chevrolet CRUZE LTZ 1.4 16V Turbo Flex 4p Aut.,"Chevrolet CRUZE LTZ 1.4 16V Turbo Flex 4p Aut. — Ano 2018, 199.616 km, cor Prata. Seminovo com procedência, revisado e com garantia da loja. Thiago Veículos, em Rio Verde-GO. Agende sua visita ou chame no WhatsApp que a gente te atende rapidinho.",in stock,used,88990.00 BRL,,https://thiagoveiculosrv.com.br/carros/gm-chevrolet/cruze-ltz-1-4-16v-turbo-flex-4p-aut/2018/1037303,Chevrolet,CRUZE,LTZ 1.4 16V Turbo Flex 4p Aut.,2018,SEDAN,USED,KM,199616,Prata,AUTOMATIC,FLEX,"Avenida Paulo Roberto Cunha, Quadra L Lote 15",Rio Verde,GO,75901-648,BR,Rio Verde,-17.7975,-50.9266,thiago-veiculos-rv,Thiago Veículos,1037303,https://resized-images.autoconf.com.br/1000x750/filters:format(jpg)/veiculos/fotos/1037303/ceaf696d-f8f4-4cd1-958d-a344b9294b29.jpg,Chevrolet CRUZE LTZ 1.4 16V Turbo Flex 4p Aut.,https://resized-images.autoconf.com.br/1000x750/filters:format(jpg)/veiculos/fotos/1037303/54276154-16bd-4923-b4a9-e5bfd6385e21.jpg,https://resized-images.autoconf.com.br/1000x750/filters:format(jpg)/veiculos/fotos/1037303/e23cd4e1-b3db-494e-b772-c2c03eb026d8.jpg,https://resized-images.autoconf.com.br/1000x750/filters:format(jpg)/veiculos/fotos/1037303/bdbcd4db-bb99-4762-8066-6cb2d8e12091.jpg,https://resized-images.autoconf.com.br/1000x750/filters:format(jpg)/veiculos/fotos/1037303/0890113d-b8c1-4b12-bb37-0f17620689c3.jpg,https://resized-images.autoconf.com.br/1000x750/filters:format(jpg)/veiculos/fotos/1037303/a58cee96-c4ae-4373-8610-0d1a8086e0e8.jpg,https://resized-images.autoconf.com.br/1000x750/filters:format(jpg)/veiculos/fotos/1037303/b4eb9bc8-478c-4839-b5b5-1197338aaefd.jpg,https://resized-images.autoconf.com.br/1000x750/filters:format(jpg)/veiculos/fotos/1037303/e1ef03f9-4932-46fe-961b-4ca403a7b577.jpg,https://resized-images.autoconf.com.br/1000x750/filters:format(jpg)/veiculos/fotos/1037303/8db66c14-6640-4d28-9fb9-74d31194c607.jpg,,,,,,,,,,,,80 a 120 mil,SEDAN,Chevrolet,2018,FLEX
1038977,1038977,Toyota Hilux CD SRV D4-D 4x4 3.0 TDI Diesel Aut,"Toyota Hilux CD SRV D4-D 4x4 3.0 TDI Diesel Aut — Ano 2014, 342.052 km, cor Preto. Seminovo com procedência, revisado e com garantia da loja. Thiago Veículos, em Rio Verde-GO. Agende sua visita ou chame no WhatsApp que a gente te atende rapidinho.",in stock,used,129990.00 BRL,,https://thiagoveiculosrv.com.br/carros/toyota/hilux-cd-srv-d4-d-4x4-3-0-tdi-diesel-aut/2014/1038977,Toyota,Hilux,CD SRV D4-D 4x4 3.0 TDI Diesel Aut,2014,PICKUP,USED,KM,342052,Preto,AUTOMATIC,DIESEL,"Avenida Paulo Roberto Cunha, Quadra L Lote 15",Rio Verde,GO,75901-648,BR,Rio Verde,-17.7975,-50.9266,thiago-veiculos-rv,Thiago Veículos,1038977,https://resized-images.autoconf.com.br/1000x750/filters:format(jpg)/veiculos/fotos/1038977/3441d943-1321-4aef-a4e8-a5fd535e1cf3.jpg,Toyota Hilux CD SRV D4-D 4x4 3.0 TDI Diesel Aut,https://resized-images.autoconf.com.br/1000x750/filters:format(jpg)/veiculos/fotos/1038977/6bc3ba4a-ea08-4abb-a4a8-c9db0aa80b89.jpg,https://resized-images.autoconf.com.br/1000x750/filters:format(jpg)/veiculos/fotos/1038977/240927a7-8ee4-486e-a21d-1f6c3c35ecf1.jpg,https://resized-images.autoconf.com.br/1000x750/filters:format(jpg)/veiculos/fotos/1038977/913551eb-7be7-4bcf-97ff-f96d1dbc820f.jpg,https://resized-images.autoconf.com.br/1000x750/filters:format(jpg)/veiculos/fotos/1038977/50dec823-37dc-4fc6-8976-8060f25f0cbe.jpg,https://resized-images.autoconf.com.br/1000x750/filters:format(jpg)/veiculos/fotos/1038977/f3f89fd4-9684-4794-bfe9-04bd509d8146.jpg,https://resized-images.autoconf.com.br/1000x750/filters:format(jpg)/veiculos/fotos/1038977/2f9463bc-e875-4e6f-b197-c3efed79e2e8.jpg,https://resized-images.autoconf.com.br/1000x750/filters:format(jpg)/veiculos/fotos/1038977/31c541ab-ab62-4d93-88a9-bd104717f6af.jpg,https://resized-images.autoconf.com.br/1000x750/filters:format(jpg)/veiculos/fotos/1038977/e4f2f400-144b-4ec7-9605-797d7df90e32.jpg,,,,,,,,,,,,120 a 200 mil,PICKUP,Toyota,2014,DIESEL
1040658,1040658,Volkswagen Golf Comfortline 1.6 MSI Total Flex Mec.,"Volkswagen Golf Comfortline 1.6 MSI Total Flex Mec. — Ano 2016, 102.443 km, cor Branco. Seminovo com procedência, revisado e com garantia da loja. Thiago Veículos, em Rio Verde-GO. Agende sua visita ou chame no WhatsApp que a gente te atende rapidinho.",in stock,used,79990.00 BRL,,https://thiagoveiculosrv.com.br/carros/vw-volkswagen/golf-comfortline-1-6-msi-total-flex-mec/2016/1040658,Volkswagen,Golf,Comfortline 1.6 MSI Total Flex Mec.,2016,HATCHBACK,USED,KM,102443,Branco,MANUAL,FLEX,"Avenida Paulo Roberto Cunha, Quadra L Lote 15",Rio Verde,GO,75901-648,BR,Rio Verde,-17.7975,-50.9266,thiago-veiculos-rv,Thiago Veículos,1040658,https://resized-images.autoconf.com.br/1000x750/filters:format(jpg)/veiculos/fotos/1040658/e323162b-74b2-476d-af3c-867972188cf6.jpg,Volkswagen Golf Comfortline 1.6 MSI Total Flex Mec.,https://resized-images.autoconf.com.br/1000x750/filters:format(jpg)/veiculos/fotos/1040658/fa02f0a2-08c7-4412-9f71-911822504eb5.jpg,https://resized-images.autoconf.com.br/1000x750/filters:format(jpg)/veiculos/fotos/1040658/2b70cb5f-4c1a-436a-9b98-fee301517a15.jpg,https://resized-images.autoconf.com.br/1000x750/filters:format(jpg)/veiculos/fotos/1040658/016a6d7e-70ed-4b69-9508-08d6b7332d36.jpg,https://resized-images.autoconf.com.br/1000x750/filters:format(jpg)/veiculos/fotos/1040658/3f1571d9-1b64-448e-8bb9-3c532477fd81.jpg,https://resized-images.autoconf.com.br/1000x750/filters:format(jpg)/veiculos/fotos/1040658/58c92704-dff8-4caf-914a-a1f3dced4be4.jpg,https://resized-images.autoconf.com.br/1000x750/filters:format(jpg)/veiculos/fotos/1040658/83e35777-f35a-4e21-824b-20dbef66046d.jpg,https://resized-images.autoconf.com.br/1000x750/filters:format(jpg)/veiculos/fotos/1040658/334b2970-43db-481c-b2c2-6d9520abdba9.jpg,https://resized-images.autoconf.com.br/1000x750/filters:format(jpg)/veiculos/fotos/1040658/0f36cfb1-d3be-457f-aabf-999f53760b8d.jpg,https://resized-images.autoconf.com.br/1000x750/filters:format(jpg)/veiculos/fotos/1040658/29fc6685-6991-4852-af2a-d0aad0592020.jpg,,,,,,,,,,,50 a 80 mil,HATCHBACK,Volkswagen,2016,FLEX
1042296,1042296,Volkswagen AMAROK Highline CD 3.0 4x4 TB Dies. Aut.,"Volkswagen AMAROK Highline CD 3.0 4x4 TB Dies. Aut. — Ano 2021, 147.909 km, cor Cinza. Seminovo com procedência, revisado e com garantia da loja. Thiago Veículos, em Rio Verde-GO. Agende sua visita ou chame no WhatsApp que a gente te atende rapidinho.",in stock,used,154990.00 BRL,,https://thiagoveiculosrv.com.br/carros/vw-volkswagen/amarok-highline-cd-3-0-4x4-tb-dies-aut/2021/1042296,Volkswagen,AMAROK,Highline CD 3.0 4x4 TB Dies. Aut.,2021,PICKUP,USED,KM,147909,Cinza,AUTOMATIC,DIESEL,"Avenida Paulo Roberto Cunha, Quadra L Lote 15",Rio Verde,GO,75901-648,BR,Rio Verde,-17.7975,-50.9266,thiago-veiculos-rv,Thiago Veículos,1042296,https://resized-images.autoconf.com.br/1000x750/filters:format(jpg)/veiculos/fotos/1042296/4b04efab-882e-465c-848d-c8a675ed2778.jpg,Volkswagen AMAROK Highline CD 3.0 4x4 TB Dies. Aut.,https://resized-images.autoconf.com.br/1000x750/filters:format(jpg)/veiculos/fotos/1042296/4fd06d49-ff7f-4da2-af86-97e9ffede39c.jpg,https://resized-images.autoconf.com.br/1000x750/filters:format(jpg)/veiculos/fotos/1042296/580f712e-b114-4636-9d62-84ea91a86658.jpg,https://resized-images.autoconf.com.br/1000x750/filters:format(jpg)/veiculos/fotos/1042296/5bc6b700-4bfe-411c-aa47-a6fd5a157145.jpg,https://resized-images.autoconf.com.br/1000x750/filters:format(jpg)/veiculos/fotos/1042296/e17bc8f8-ecb1-479f-ac61-1a121312b805.jpg,https://resized-images.autoconf.com.br/1000x750/filters:format(jpg)/veiculos/fotos/1042296/c4e84411-75ba-4a9e-890c-34b08537abc5.jpg,https://resized-images.autoconf.com.br/1000x750/filters:format(jpg)/veiculos/fotos/1042296/f334f525-c0b7-4a79-be54-63ef8321ad0f.jpg,https://resized-images.autoconf.com.br/1000x750/filters:format(jpg)/veiculos/fotos/1042296/ac39c3dc-d1b1-4496-99ad-d75c7405e9c7.jpg,https://resized-images.autoconf.com.br/1000x750/filters:format(jpg)/veiculos/fotos/1042296/a19755a9-9211-4041-a83d-cb998820fb88.jpg,,,,,,,,,,,,120 a 200 mil,PICKUP,Volkswagen,2021,DIESEL
1043666,1043666,Honda CITY Sedan Personal 1.5 Flex 16V Aut.,"Honda CITY Sedan Personal 1.5 Flex 16V Aut. — Ano 2019, 91.977 km, cor Branco. Seminovo com procedência, revisado e com garantia da loja. Thiago Veículos, em Rio Verde-GO. Agende sua visita ou chame no WhatsApp que a gente te atende rapidinho.",in stock,used,79990.00 BRL,,https://thiagoveiculosrv.com.br/carros/honda/city-sedan-personal-1-5-flex-16v-aut/2019/1043666,Honda,CITY,Sedan Personal 1.5 Flex 16V Aut.,2019,SEDAN,USED,KM,91977,Branco,AUTOMATIC,FLEX,"Avenida Paulo Roberto Cunha, Quadra L Lote 15",Rio Verde,GO,75901-648,BR,Rio Verde,-17.7975,-50.9266,thiago-veiculos-rv,Thiago Veículos,1043666,https://resized-images.autoconf.com.br/1000x750/filters:format(jpg)/veiculos/fotos/1043666/73db857e-6a8e-45ca-bf86-cc8ec54aa595.jpg,Honda CITY Sedan Personal 1.5 Flex 16V Aut.,https://resized-images.autoconf.com.br/1000x750/filters:format(jpg)/veiculos/fotos/1043666/b6fe3eaa-e671-4de0-821e-ef1904d2e803.jpg,https://resized-images.autoconf.com.br/1000x750/filters:format(jpg)/veiculos/fotos/1043666/94236862-b6f7-4ba0-9f91-844d7b1dea9a.jpg,https://resized-images.autoconf.com.br/1000x750/filters:format(jpg)/veiculos/fotos/1043666/e5f80701-efed-44ea-94be-983d8b4282bf.jpg,https://resized-images.autoconf.com.br/1000x750/filters:format(jpg)/veiculos/fotos/1043666/415a7a1a-daa6-4aab-bb09-36147f54b2df.jpg,https://resized-images.autoconf.com.br/1000x750/filters:format(jpg)/veiculos/fotos/1043666/85a2a73c-b362-468e-b10f-083e1f016f64.jpg,https://resized-images.autoconf.com.br/1000x750/filters:format(jpg)/veiculos/fotos/1043666/9b581a45-26bc-4375-97bb-12edf051c518.jpg,https://resized-images.autoconf.com.br/1000x750/filters:format(jpg)/veiculos/fotos/1043666/47f89fce-9631-433a-b793-c99d231e40cc.jpg,https://resized-images.autoconf.com.br/1000x750/filters:format(jpg)/veiculos/fotos/1043666/660b039f-3c90-4a38-9b52-00de064eb0a8.jpg,,,,,,,,,,,,50 a 80 mil,SEDAN,Honda,2019,FLEX
1043683,1043683,Fiat Strada Volcano 1.3 Flex 8V CD,"Fiat Strada Volcano 1.3 Flex 8V CD — Ano 2024, 46.944 km, cor Prata. Seminovo com procedência, revisado e com garantia da loja. Thiago Veículos, em Rio Verde-GO. Agende sua visita ou chame no WhatsApp que a gente te atende rapidinho.",in stock,used,114990.00 BRL,,https://thiagoveiculosrv.com.br/carros/fiat/strada-volcano-1-3-flex-8v-cd/2024/1043683,Fiat,Strada,Volcano 1.3 Flex 8V CD,2024,PICKUP,USED,KM,46944,Prata,AUTOMATIC,FLEX,"Avenida Paulo Roberto Cunha, Quadra L Lote 15",Rio Verde,GO,75901-648,BR,Rio Verde,-17.7975,-50.9266,thiago-veiculos-rv,Thiago Veículos,1043683,https://resized-images.autoconf.com.br/1000x750/filters:format(jpg)/veiculos/fotos/1043683/fcccd865-235b-4b29-b609-6fe5d2b62e56.jpg,Fiat Strada Volcano 1.3 Flex 8V CD,https://resized-images.autoconf.com.br/1000x750/filters:format(jpg)/veiculos/fotos/1043683/34de406c-2eb1-46af-891d-bab9bee9b46b.jpg,https://resized-images.autoconf.com.br/1000x750/filters:format(jpg)/veiculos/fotos/1043683/3add005e-5c9f-41ad-aa5c-7f331cd68636.jpg,https://resized-images.autoconf.com.br/1000x750/filters:format(jpg)/veiculos/fotos/1043683/4f9c8fea-e4be-4abf-a8d9-a03ae7d5679e.jpg,https://resized-images.autoconf.com.br/1000x750/filters:format(jpg)/veiculos/fotos/1043683/46762826-7fae-4073-bfeb-a294c34415d1.jpg,https://resized-images.autoconf.com.br/1000x750/filters:format(jpg)/veiculos/fotos/1043683/81f606a2-ae87-4234-aca7-8c35fba4ebfc.jpg,https://resized-images.autoconf.com.br/1000x750/filters:format(jpg)/veiculos/fotos/1043683/6f81b7eb-b834-4b30-ae9f-e911cc31c831.jpg,https://resized-images.autoconf.com.br/1000x750/filters:format(jpg)/veiculos/fotos/1043683/0b6c6d33-1b91-421b-9c62-09ad0af4e99c.jpg,https://resized-images.autoconf.com.br/1000x750/filters:format(jpg)/veiculos/fotos/1043683/aa3d0b76-3147-4d86-b2c5-fff9012808c2.jpg,,,,,,,,,,,,80 a 120 mil,PICKUP,Fiat,2024,FLEX
1044233,1044233,Volkswagen Gol 1.0 Flex 12V 5p,"Volkswagen Gol 1.0 Flex 12V 5p — Ano 2023, 45.997 km, cor Branco. Seminovo com procedência, revisado e com garantia da loja. Thiago Veículos, em Rio Verde-GO. Agende sua visita ou chame no WhatsApp que a gente te atende rapidinho.",in stock,used,58990.00 BRL,,https://thiagoveiculosrv.com.br/carros/vw-volkswagen/gol-1-0-flex-12v-5p/2023/1044233,Volkswagen,Gol,1.0 Flex 12V 5p,2023,HATCHBACK,USED,KM,45997,Branco,MANUAL,FLEX,"Avenida Paulo Roberto Cunha, Quadra L Lote 15",Rio Verde,GO,75901-648,BR,Rio Verde,-17.7975,-50.9266,thiago-veiculos-rv,Thiago Veículos,1044233,https://resized-images.autoconf.com.br/1000x750/filters:format(jpg)/veiculos/fotos/1044233/2e045481-a667-42c3-9895-07706ce45e06.jpg,Volkswagen Gol 1.0 Flex 12V 5p,https://resized-images.autoconf.com.br/1000x750/filters:format(jpg)/veiculos/fotos/1044233/7cf0a2e7-7f2c-4d95-a857-c291c2d5e30e.jpg,https://resized-images.autoconf.com.br/1000x750/filters:format(jpg)/veiculos/fotos/1044233/401e6251-b6ee-4a5e-b4fe-de9ed93634d8.jpg,https://resized-images.autoconf.com.br/1000x750/filters:format(jpg)/veiculos/fotos/1044233/cad0c219-001c-4600-918b-aec41a97da18.jpg,https://resized-images.autoconf.com.br/1000x750/filters:format(jpg)/veiculos/fotos/1044233/e9dd834b-85b1-4cc5-9f04-590a8e00be7e.jpg,https://resized-images.autoconf.com.br/1000x750/filters:format(jpg)/veiculos/fotos/1044233/09da2ecb-8913-40b6-9624-cddfb49fd617.jpg,https://resized-images.autoconf.com.br/1000x750/filters:format(jpg)/veiculos/fotos/1044233/41461371-4adb-4ed1-b49f-14e0a05ea883.jpg,https://resized-images.autoconf.com.br/1000x750/filters:format(jpg)/veiculos/fotos/1044233/3dc1d611-b16c-4d1f-b512-21d142e6ce4c.jpg,https://resized-images.autoconf.com.br/1000x750/filters:format(jpg)/veiculos/fotos/1044233/d4479439-0e18-4f4c-b43e-66788118c8d1.jpg,,,,,,,,,,,,50 a 80 mil,HATCHBACK,Volkswagen,2023,FLEX
1045244,1045244,Chevrolet Celta Spirit/ LT 1.0 MPFI 8V FlexP. 5p,"Chevrolet Celta Spirit/ LT 1.0 MPFI 8V FlexP. 5p — Ano 2012, 155.347 km, cor Preto. Seminovo com procedência, revisado e com garantia da loja. Thiago Veículos, em Rio Verde-GO. Agende sua visita ou chame no WhatsApp que a gente te atende rapidinho.",in stock,used,32990.00 BRL,,https://thiagoveiculosrv.com.br/carros/gm-chevrolet/celta-spirit-lt-1-0-mpfi-8v-flexp-5p/2012/1045244,Chevrolet,Celta,Spirit/ LT 1.0 MPFI 8V FlexP. 5p,2012,HATCHBACK,USED,KM,155347,Preto,MANUAL,FLEX,"Avenida Paulo Roberto Cunha, Quadra L Lote 15",Rio Verde,GO,75901-648,BR,Rio Verde,-17.7975,-50.9266,thiago-veiculos-rv,Thiago Veículos,1045244,https://resized-images.autoconf.com.br/1000x750/filters:format(jpg)/veiculos/fotos/1045244/f9ba2b1f-aff8-4409-8b2b-fd637e898f5c.jpg,Chevrolet Celta Spirit/ LT 1.0 MPFI 8V FlexP. 5p,https://resized-images.autoconf.com.br/1000x750/filters:format(jpg)/veiculos/fotos/1045244/78d81e04-7796-4253-910e-6234643cddac.jpg,https://resized-images.autoconf.com.br/1000x750/filters:format(jpg)/veiculos/fotos/1045244/ec93e296-2eda-48b3-bb7f-72380ddb01b7.jpg,https://resized-images.autoconf.com.br/1000x750/filters:format(jpg)/veiculos/fotos/1045244/628b9f98-2336-4f85-af63-2ef91a717f46.jpg,https://resized-images.autoconf.com.br/1000x750/filters:format(jpg)/veiculos/fotos/1045244/f7291c24-e507-4d44-acfc-4944dab2c0b0.jpg,https://resized-images.autoconf.com.br/1000x750/filters:format(jpg)/veiculos/fotos/1045244/0e0d46fd-3ea8-457c-a75b-706a9788eafe.jpg,https://resized-images.autoconf.com.br/1000x750/filters:format(jpg)/veiculos/fotos/1045244/2a72611d-a013-43a3-a84a-6c7046da30f9.jpg,https://resized-images.autoconf.com.br/1000x750/filters:format(jpg)/veiculos/fotos/1045244/d796d212-a999-4d53-a692-58ad6e9918cf.jpg,https://resized-images.autoconf.com.br/1000x750/filters:format(jpg)/veiculos/fotos/1045244/3e961968-4a4e-4866-85ea-bce2793d202f.jpg,,,,,,,,,,,,Até 50 mil,HATCHBACK,Chevrolet,2012,FLEX
1049370,1049370,Ford Ranger Limited 3.0 V6 4x4 CD TB Die. Aut,"Ford Ranger Limited 3.0 V6 4x4 CD TB Die. Aut — Ano 2024, 66.077 km, cor Preto. Seminovo com procedência, revisado e com garantia da loja. Thiago Veículos, em Rio Verde-GO. Agende sua visita ou chame no WhatsApp que a gente te atende rapidinho.",in stock,used,275990.00 BRL,,https://thiagoveiculosrv.com.br/carros/ford/ranger-limited-3-0-v6-4x4-cd-tb-die-aut/2024/1049370,Ford,Ranger,Limited 3.0 V6 4x4 CD TB Die. Aut,2024,PICKUP,USED,KM,66077,Preto,AUTOMATIC,DIESEL,"Avenida Paulo Roberto Cunha, Quadra L Lote 15",Rio Verde,GO,75901-648,BR,Rio Verde,-17.7975,-50.9266,thiago-veiculos-rv,Thiago Veículos,1049370,https://resized-images.autoconf.com.br/1000x750/filters:format(jpg)/veiculos/fotos/1049370/97a60232-26ba-4bc3-811e-4f3815f77ffc.jpg,Ford Ranger Limited 3.0 V6 4x4 CD TB Die. Aut,https://resized-images.autoconf.com.br/1000x750/filters:format(jpg)/veiculos/fotos/1049370/347ab2bc-ead8-402c-bfd7-0944c5e26199.jpg,https://resized-images.autoconf.com.br/1000x750/filters:format(jpg)/veiculos/fotos/1049370/da738033-bd7f-46c6-98c2-2776868cc2e4.jpg,https://resized-images.autoconf.com.br/1000x750/filters:format(jpg)/veiculos/fotos/1049370/3bdd02de-6462-4cd2-948b-b5e2d5875b68.jpg,https://resized-images.autoconf.com.br/1000x750/filters:format(jpg)/veiculos/fotos/1049370/0d40bf19-fbeb-412a-a924-d2f2b03b2863.jpg,https://resized-images.autoconf.com.br/1000x750/filters:format(jpg)/veiculos/fotos/1049370/d5120053-2c77-42b2-a35e-48315b15a33f.jpg,https://resized-images.autoconf.com.br/1000x750/filters:format(jpg)/veiculos/fotos/1049370/9b7ac249-7075-4849-bdd5-8df3d8c860e0.jpg,https://resized-images.autoconf.com.br/1000x750/filters:format(jpg)/veiculos/fotos/1049370/5fa5df01-7bd9-4050-b047-0fa90e61bc50.jpg,https://resized-images.autoconf.com.br/1000x750/filters:format(jpg)/veiculos/fotos/1049370/d60ac140-88fc-4b3e-b4a0-2a25a134e1c0.jpg,,,,,,,,,,,,Acima de 200 mil,PICKUP,Ford,2024,DIESEL
1049432,1049432,Chevrolet ONIX HATCH 1.0 12V Flex 5p Mec.,"Chevrolet ONIX HATCH 1.0 12V Flex 5p Mec. — Ano 2025, 46.538 km, cor Cinza. Seminovo com procedência, revisado e com garantia da loja. Thiago Veículos, em Rio Verde-GO. Agende sua visita ou chame no WhatsApp que a gente te atende rapidinho.",in stock,used,73990.00 BRL,,https://thiagoveiculosrv.com.br/carros/gm-chevrolet/onix-hatch-1-0-12v-flex-5p-mec/2025/1049432,Chevrolet,ONIX,HATCH 1.0 12V Flex 5p Mec.,2025,HATCHBACK,USED,KM,46538,Cinza,MANUAL,FLEX,"Avenida Paulo Roberto Cunha, Quadra L Lote 15",Rio Verde,GO,75901-648,BR,Rio Verde,-17.7975,-50.9266,thiago-veiculos-rv,Thiago Veículos,1049432,https://resized-images.autoconf.com.br/1000x750/filters:format(jpg)/veiculos/fotos/1049432/22758a2b-0ce8-47d4-a6a2-4fc7254c39c2.jpg,Chevrolet ONIX HATCH 1.0 12V Flex 5p Mec.,https://resized-images.autoconf.com.br/1000x750/filters:format(jpg)/veiculos/fotos/1049432/d3d8d77a-ea75-4ac0-a83c-851392a0c3ec.jpg,https://resized-images.autoconf.com.br/1000x750/filters:format(jpg)/veiculos/fotos/1049432/bbdd3f96-7911-45b0-96b1-95f41612a7ab.jpg,https://resized-images.autoconf.com.br/1000x750/filters:format(jpg)/veiculos/fotos/1049432/49a39138-7dc7-47e8-b94c-b4233c67fb04.jpg,https://resized-images.autoconf.com.br/1000x750/filters:format(jpg)/veiculos/fotos/1049432/2f4b24ca-d922-4780-a94d-cb76011bde59.jpg,https://resized-images.autoconf.com.br/1000x750/filters:format(jpg)/veiculos/fotos/1049432/660caa4d-9727-4ef4-9e1b-80584f91dfb8.jpg,https://resized-images.autoconf.com.br/1000x750/filters:format(jpg)/veiculos/fotos/1049432/ad7c8b70-87dd-4c71-8591-a86a191b5250.jpg,https://resized-images.autoconf.com.br/1000x750/filters:format(jpg)/veiculos/fotos/1049432/71190591-cd7d-480c-8907-6ac74ae66dc5.jpg,https://resized-images.autoconf.com.br/1000x750/filters:format(jpg)/veiculos/fotos/1049432/961cc671-8a22-4fbe-a10e-b9c1a9187b2c.jpg,,,,,,,,,,,,50 a 80 mil,HATCHBACK,Chevrolet,2025,FLEX
1049542,1049542,Fiat Palio SPORTING 1.6 Flex 16V 5p,"Fiat Palio SPORTING 1.6 Flex 16V 5p — Ano 2013, 175.996 km, cor Branco. Seminovo com procedência, revisado e com garantia da loja. Thiago Veículos, em Rio Verde-GO. Agende sua visita ou chame no WhatsApp que a gente te atende rapidinho.",in stock,used,44990.00 BRL,,https://thiagoveiculosrv.com.br/carros/fiat/palio-sporting-1-6-flex-16v-5p/2013/1049542,Fiat,Palio,SPORTING 1.6 Flex 16V 5p,2013,HATCHBACK,USED,KM,175996,Branco,AUTOMATIC,FLEX,"Avenida Paulo Roberto Cunha, Quadra L Lote 15",Rio Verde,GO,75901-648,BR,Rio Verde,-17.7975,-50.9266,thiago-veiculos-rv,Thiago Veículos,1049542,https://resized-images.autoconf.com.br/1000x750/filters:format(jpg)/veiculos/fotos/1049542/d4016a7c-7124-4f11-b25f-fd14eb597fb0.jpg,Fiat Palio SPORTING 1.6 Flex 16V 5p,https://resized-images.autoconf.com.br/1000x750/filters:format(jpg)/veiculos/fotos/1049542/3742f181-518d-4d2e-93d4-0bb5a23da152.jpg,https://resized-images.autoconf.com.br/1000x750/filters:format(jpg)/veiculos/fotos/1049542/71a5b79e-83fd-4898-9f72-f27832a5a976.jpg,https://resized-images.autoconf.com.br/1000x750/filters:format(jpg)/veiculos/fotos/1049542/1f9de216-ef2b-414a-b998-4efba8d7976e.jpg,https://resized-images.autoconf.com.br/1000x750/filters:format(jpg)/veiculos/fotos/1049542/deb65c4d-3d57-4c06-8756-cf5611f0691c.jpg,https://resized-images.autoconf.com.br/1000x750/filters:format(jpg)/veiculos/fotos/1049542/b1bd26e9-96f3-4cc3-ac52-672df6e1ba6f.jpg,https://resized-images.autoconf.com.br/1000x750/filters:format(jpg)/veiculos/fotos/1049542/9be22d1f-05da-4bf2-9a5c-4ca52c3212ed.jpg,https://resized-images.autoconf.com.br/1000x750/filters:format(jpg)/veiculos/fotos/1049542/0f9ae5a9-b25d-4c50-a6ef-b706bcca1eca.jpg,https://resized-images.autoconf.com.br/1000x750/filters:format(jpg)/veiculos/fotos/1049542/afe94079-e80f-4c07-b3d2-3f9948dc6054.jpg,,,,,,,,,,,,Até 50 mil,HATCHBACK,Fiat,2013,FLEX
1055308,1055308,Ford Ranger XLT 3.2 20V 4x4 CD Diesel Aut.,"Ford Ranger XLT 3.2 20V 4x4 CD Diesel Aut. — Ano 2014, 365.070 km, cor Vermelho. Seminovo com procedência, revisado e com garantia da loja. Thiago Veículos, em Rio Verde-GO. Agende sua visita ou chame no WhatsApp que a gente te atende rapidinho.",in stock,used,87990.00 BRL,,https://thiagoveiculosrv.com.br/carros/ford/ranger-xlt-3-2-20v-4x4-cd-diesel-aut/2014/1055308,Ford,Ranger,XLT 3.2 20V 4x4 CD Diesel Aut.,2014,PICKUP,USED,KM,365070,Vermelho,AUTOMATIC,DIESEL,"Avenida Paulo Roberto Cunha, Quadra L Lote 15",Rio Verde,GO,75901-648,BR,Rio Verde,-17.7975,-50.9266,thiago-veiculos-rv,Thiago Veículos,1055308,https://resized-images.autoconf.com.br/1000x750/filters:format(jpg)/veiculos/fotos/1055308/86193cb7-84fb-4093-839b-99b26cfc4efd.jpg,Ford Ranger XLT 3.2 20V 4x4 CD Diesel Aut.,https://resized-images.autoconf.com.br/1000x750/filters:format(jpg)/veiculos/fotos/1055308/2850b7a8-6de7-4692-b733-3be8b6b87614.jpg,https://resized-images.autoconf.com.br/1000x750/filters:format(jpg)/veiculos/fotos/1055308/e4f92ef2-4b33-4183-a455-7d8bf86991fe.jpg,https://resized-images.autoconf.com.br/1000x750/filters:format(jpg)/veiculos/fotos/1055308/3bb58ee7-1975-4fc2-b7d9-f566bcb373b1.jpg,https://resized-images.autoconf.com.br/1000x750/filters:format(jpg)/veiculos/fotos/1055308/a19f2166-db9e-458f-b644-84eecda6ed70.jpg,https://resized-images.autoconf.com.br/1000x750/filters:format(jpg)/veiculos/fotos/1055308/6cf8733d-1f61-472e-9085-24ceea8f72cb.jpg,https://resized-images.autoconf.com.br/1000x750/filters:format(jpg)/veiculos/fotos/1055308/0bd23deb-8678-4043-997b-117d8b372f4a.jpg,https://resized-images.autoconf.com.br/1000x750/filters:format(jpg)/veiculos/fotos/1055308/e019b3da-ec8c-46d3-8d8a-f1366eea4fe3.jpg,https://resized-images.autoconf.com.br/1000x750/filters:format(jpg)/veiculos/fotos/1055308/dc423964-1a1d-4b7e-9744-3c97a48c2e95.jpg,,,,,,,,,,,,80 a 120 mil,PICKUP,Ford,2014,DIESEL
1059313,1059313,Chevrolet S10 P-Up Colina 2.8 TDI 4x2/4x4 CD Dies.,"Chevrolet S10 P-Up Colina 2.8 TDI 4x2/4x4 CD Dies. — Ano 2011, 185.344 km, cor Prata. Seminovo com procedência, revisado e com garantia da loja. Thiago Veículos, em Rio Verde-GO. Agende sua visita ou chame no WhatsApp que a gente te atende rapidinho.",in stock,used,69990.00 BRL,,https://thiagoveiculosrv.com.br/carros/gm-chevrolet/s10-p-up-colina-2-8-tdi-4x2-4x4-cd-dies/2011/1059313,Chevrolet,S10,P-Up Colina 2.8 TDI 4x2/4x4 CD Dies.,2011,PICKUP,USED,KM,185344,Prata,MANUAL,DIESEL,"Avenida Paulo Roberto Cunha, Quadra L Lote 15",Rio Verde,GO,75901-648,BR,Rio Verde,-17.7975,-50.9266,thiago-veiculos-rv,Thiago Veículos,1059313,https://resized-images.autoconf.com.br/1000x750/filters:format(jpg)/veiculos/fotos/1059313/503e0f5b-e0e6-4acd-b4d8-19c6d0fb1bb8.jpg,Chevrolet S10 P-Up Colina 2.8 TDI 4x2/4x4 CD Dies.,https://resized-images.autoconf.com.br/1000x750/filters:format(jpg)/veiculos/fotos/1059313/29969989-a4d9-4e9c-880c-8de31de836fa.jpg,https://resized-images.autoconf.com.br/1000x750/filters:format(jpg)/veiculos/fotos/1059313/a8f8e87a-9cef-4faf-a12d-806e263a3145.jpg,https://resized-images.autoconf.com.br/1000x750/filters:format(jpg)/veiculos/fotos/1059313/7e758eaa-fa3d-4071-8e9d-681ff181804d.jpg,https://resized-images.autoconf.com.br/1000x750/filters:format(jpg)/veiculos/fotos/1059313/b43b72eb-d19c-4801-bce4-11dee46d8c5a.jpg,https://resized-images.autoconf.com.br/1000x750/filters:format(jpg)/veiculos/fotos/1059313/b35dfb6e-5f25-491a-9cc2-34356a317315.jpg,https://resized-images.autoconf.com.br/1000x750/filters:format(jpg)/veiculos/fotos/1059313/cda63e41-1b9e-41d1-a2af-485378f6de50.jpg,https://resized-images.autoconf.com.br/1000x750/filters:format(jpg)/veiculos/fotos/1059313/a8039af6-33ef-4833-ae7b-812e2130c2f8.jpg,https://resized-images.autoconf.com.br/1000x750/filters:format(jpg)/veiculos/fotos/1059313/d47054d5-eb21-4b8c-87c7-0b7a55f7d5e9.jpg,,,,,,,,,,,,50 a 80 mil,PICKUP,Chevrolet,2011,DIESEL
1060533,1060533,Volkswagen Gol (novo) 1.0 Mi Total Flex 8V 4p,"Volkswagen Gol (novo) 1.0 Mi Total Flex 8V 4p — Ano 2013, 187.682 km, cor Branco. Seminovo com procedência, revisado e com garantia da loja. Thiago Veículos, em Rio Verde-GO. Agende sua visita ou chame no WhatsApp que a gente te atende rapidinho.",in stock,used,34990.00 BRL,,https://thiagoveiculosrv.com.br/carros/vw-volkswagen/gol-novo-1-0-mi-total-flex-8v-4p/2013/1060533,Volkswagen,Gol,(novo) 1.0 Mi Total Flex 8V 4p,2013,HATCHBACK,USED,KM,187682,Branco,MANUAL,FLEX,"Avenida Paulo Roberto Cunha, Quadra L Lote 15",Rio Verde,GO,75901-648,BR,Rio Verde,-17.7975,-50.9266,thiago-veiculos-rv,Thiago Veículos,1060533,https://resized-images.autoconf.com.br/1000x750/filters:format(jpg)/veiculos/fotos/1060533/e33ee37f-eada-4bc5-a3f3-253ef8de2e92.jpg,Volkswagen Gol (novo) 1.0 Mi Total Flex 8V 4p,https://resized-images.autoconf.com.br/1000x750/filters:format(jpg)/veiculos/fotos/1060533/ca0f672c-0552-421a-9294-70893be1f5d7.jpg,https://resized-images.autoconf.com.br/1000x750/filters:format(jpg)/veiculos/fotos/1060533/9711e868-4e99-466f-b9ab-ee38742b10c9.jpg,https://resized-images.autoconf.com.br/1000x750/filters:format(jpg)/veiculos/fotos/1060533/37d93384-d41f-4de3-bfe7-d11ef77c6928.jpg,https://resized-images.autoconf.com.br/1000x750/filters:format(jpg)/veiculos/fotos/1060533/3ddc45c4-80bf-4928-aaae-20a108bba0f1.jpg,https://resized-images.autoconf.com.br/1000x750/filters:format(jpg)/veiculos/fotos/1060533/39bcb508-3527-4389-98e3-f3394efb6523.jpg,https://resized-images.autoconf.com.br/1000x750/filters:format(jpg)/veiculos/fotos/1060533/dc717960-e89c-4b90-8934-03ef49df2878.jpg,https://resized-images.autoconf.com.br/1000x750/filters:format(jpg)/veiculos/fotos/1060533/ee722429-df8d-4e6a-bc0d-e03ca720cc7d.jpg,https://resized-images.autoconf.com.br/1000x750/filters:format(jpg)/veiculos/fotos/1060533/9531d932-dcad-4805-bf69-984e78a0295a.jpg,,,,,,,,,,,,Até 50 mil,HATCHBACK,Volkswagen,2013,FLEX
1061297,1061297,Fiat Strada Endurance 1.3 Flex 8V CS Plus,"Fiat Strada Endurance 1.3 Flex 8V CS Plus — Ano 2024, 52.699 km, cor Branco. Seminovo com procedência, revisado e com garantia da loja. Thiago Veículos, em Rio Verde-GO. Agende sua visita ou chame no WhatsApp que a gente te atende rapidinho.",in stock,used,77990.00 BRL,,https://thiagoveiculosrv.com.br/carros/fiat/strada-endurance-1-3-flex-8v-cs/2024/1061297,Fiat,Strada,Endurance 1.3 Flex 8V CS Plus,2024,PICKUP,USED,KM,52699,Branco,MANUAL,FLEX,"Avenida Paulo Roberto Cunha, Quadra L Lote 15",Rio Verde,GO,75901-648,BR,Rio Verde,-17.7975,-50.9266,thiago-veiculos-rv,Thiago Veículos,1061297,https://resized-images.autoconf.com.br/1000x750/filters:format(jpg)/veiculos/fotos/1061297/33084738-6979-4c5e-852e-41fa6bdf17e6.jpg,Fiat Strada Endurance 1.3 Flex 8V CS Plus,https://resized-images.autoconf.com.br/1000x750/filters:format(jpg)/veiculos/fotos/1061297/9f4ca64a-4000-45fd-8a22-e8dd53c42e05.jpg,https://resized-images.autoconf.com.br/1000x750/filters:format(jpg)/veiculos/fotos/1061297/da0ca83d-6ec3-4b93-8253-e166257b62f3.jpg,https://resized-images.autoconf.com.br/1000x750/filters:format(jpg)/veiculos/fotos/1061297/1b735ba5-45c2-486a-b47c-831e50276db6.jpg,https://resized-images.autoconf.com.br/1000x750/filters:format(jpg)/veiculos/fotos/1061297/64d74ed4-6e93-4f1e-bcbc-5452dd2b7b8d.jpg,https://resized-images.autoconf.com.br/1000x750/filters:format(jpg)/veiculos/fotos/1061297/8afa1808-eeb0-4131-b431-577d0813dedc.jpg,https://resized-images.autoconf.com.br/1000x750/filters:format(jpg)/veiculos/fotos/1061297/a79cd765-ce0e-42b2-a6b2-e41cfc7aa22f.jpg,https://resized-images.autoconf.com.br/1000x750/filters:format(jpg)/veiculos/fotos/1061297/c718b10d-1e28-4de3-9d97-5eee70bb639c.jpg,https://resized-images.autoconf.com.br/1000x750/filters:format(jpg)/veiculos/fotos/1061297/8554933a-4850-4183-a464-76b35b98dd5d.jpg,,,,,,,,,,,,50 a 80 mil,PICKUP,Fiat,2024,FLEX
1061422,1061422,Chevrolet S10 Pick-Up LS 2.8 TDI 4x4 CS Diesel,"Chevrolet S10 Pick-Up LS 2.8 TDI 4x4 CS Diesel — Ano 2015, 295.509 km, cor Branco. Seminovo com procedência, revisado e com garantia da loja. Thiago Veículos, em Rio Verde-GO. Agende sua visita ou chame no WhatsApp que a gente te atende rapidinho.",in stock,used,89990.00 BRL,,https://thiagoveiculosrv.com.br/carros/gm-chevrolet/s10-pick-up-ls-2-8-tdi-4x4-cs-diesel/2015/1061422,Chevrolet,S10,Pick-Up LS 2.8 TDI 4x4 CS Diesel,2015,PICKUP,USED,KM,295509,Branco,MANUAL,DIESEL,"Avenida Paulo Roberto Cunha, Quadra L Lote 15",Rio Verde,GO,75901-648,BR,Rio Verde,-17.7975,-50.9266,thiago-veiculos-rv,Thiago Veículos,1061422,https://resized-images.autoconf.com.br/1000x750/filters:format(jpg)/veiculos/fotos/1061422/9b14ebf3-88c1-4e60-b6eb-42cb944cbfd7.jpg,Chevrolet S10 Pick-Up LS 2.8 TDI 4x4 CS Diesel,https://resized-images.autoconf.com.br/1000x750/filters:format(jpg)/veiculos/fotos/1061422/4ba0ae6a-fe5e-4116-a3d5-204b1d011a6a.jpg,https://resized-images.autoconf.com.br/1000x750/filters:format(jpg)/veiculos/fotos/1061422/c901d033-1ebb-4426-add2-be820d0db21a.jpg,https://resized-images.autoconf.com.br/1000x750/filters:format(jpg)/veiculos/fotos/1061422/cfd20cfd-de65-45e4-9e17-261db65781b3.jpg,https://resized-images.autoconf.com.br/1000x750/filters:format(jpg)/veiculos/fotos/1061422/2798bf05-967c-4275-a8f7-3118122fbb45.jpg,https://resized-images.autoconf.com.br/1000x750/filters:format(jpg)/veiculos/fotos/1061422/524a6d6a-9267-4c65-81b6-650d008e9b64.jpg,https://resized-images.autoconf.com.br/1000x750/filters:format(jpg)/veiculos/fotos/1061422/eb3888cf-0942-44a5-9722-792ee87080a7.jpg,https://resized-images.autoconf.com.br/1000x750/filters:format(jpg)/veiculos/fotos/1061422/24af9cf9-1c04-4b3e-83fb-2b9020810d6e.jpg,,,,,,,,,,,,,80 a 120 mil,PICKUP,Chevrolet,2015,DIESEL
1063611,1063611,Volkswagen Saveiro Robust 1.6 Total Flex 16V,"Volkswagen Saveiro Robust 1.6 Total Flex 16V — Ano 2025, 36.243 km, cor Branco. Seminovo com procedência, revisado e com garantia da loja. Thiago Veículos, em Rio Verde-GO. Agende sua visita ou chame no WhatsApp que a gente te atende rapidinho.",in stock,used,82990.00 BRL,,https://thiagoveiculosrv.com.br/carros/vw-volkswagen/saveiro-robust-1-6-total-flex-16v/2025/1063611,Volkswagen,Saveiro,Robust 1.6 Total Flex 16V,2025,PICKUP,USED,KM,36243,Branco,MANUAL,FLEX,"Avenida Paulo Roberto Cunha, Quadra L Lote 15",Rio Verde,GO,75901-648,BR,Rio Verde,-17.7975,-50.9266,thiago-veiculos-rv,Thiago Veículos,1063611,https://resized-images.autoconf.com.br/1000x750/filters:format(jpg)/veiculos/fotos/1063611/33274c9c-3ae3-4e66-a78c-229ee04f324a.jpg,Volkswagen Saveiro Robust 1.6 Total Flex 16V,https://resized-images.autoconf.com.br/1000x750/filters:format(jpg)/veiculos/fotos/1063611/fa8fe9cc-3e56-4553-9ab8-1386e33c838a.jpg,https://resized-images.autoconf.com.br/1000x750/filters:format(jpg)/veiculos/fotos/1063611/3b7fb4b9-4e97-41b5-b6db-056825810646.jpg,https://resized-images.autoconf.com.br/1000x750/filters:format(jpg)/veiculos/fotos/1063611/888d1064-1555-4fad-af3a-68093b6097a6.jpg,https://resized-images.autoconf.com.br/1000x750/filters:format(jpg)/veiculos/fotos/1063611/f6bbe94c-e4c1-417e-bd01-e902aa2b5481.jpg,https://resized-images.autoconf.com.br/1000x750/filters:format(jpg)/veiculos/fotos/1063611/9f04b7db-22db-4e0c-ab9e-dc0212c6ea2b.jpg,https://resized-images.autoconf.com.br/1000x750/filters:format(jpg)/veiculos/fotos/1063611/29df4004-3027-400f-9a1b-2f205087e4ca.jpg,https://resized-images.autoconf.com.br/1000x750/filters:format(jpg)/veiculos/fotos/1063611/927ee3f9-8000-42ba-959e-f0ceec12e55a.jpg,,,,,,,,,,,,,80 a 120 mil,PICKUP,Volkswagen,2025,FLEX
1064380,1064380,Chevrolet Celta Spirit 1.0 MPFI 8V FlexPower 3p,"Chevrolet Celta Spirit 1.0 MPFI 8V FlexPower 3p — Ano 2011, 113.600 km, cor Prata. Seminovo com procedência, revisado e com garantia da loja. Thiago Veículos, em Rio Verde-GO. Agende sua visita ou chame no WhatsApp que a gente te atende rapidinho.",in stock,used,29990.00 BRL,,https://thiagoveiculosrv.com.br/carros/gm-chevrolet/celta-spirit-1-0-mpfi-8v-flexpower-3p/2011/1064380,Chevrolet,Celta,Spirit 1.0 MPFI 8V FlexPower 3p,2011,HATCHBACK,USED,KM,113600,Prata,MANUAL,FLEX,"Avenida Paulo Roberto Cunha, Quadra L Lote 15",Rio Verde,GO,75901-648,BR,Rio Verde,-17.7975,-50.9266,thiago-veiculos-rv,Thiago Veículos,1064380,https://resized-images.autoconf.com.br/1000x750/filters:format(jpg)/veiculos/fotos/1064380/059d5f4e-aa3d-4bc3-a02e-adfcd16518b7.jpg,Chevrolet Celta Spirit 1.0 MPFI 8V FlexPower 3p,https://resized-images.autoconf.com.br/1000x750/filters:format(jpg)/veiculos/fotos/1064380/65ee38f3-53ab-4eb2-8401-2baf79f9c5fa.jpg,https://resized-images.autoconf.com.br/1000x750/filters:format(jpg)/veiculos/fotos/1064380/268bad70-d3fe-4ed6-ac36-0fc5883a1939.jpg,https://resized-images.autoconf.com.br/1000x750/filters:format(jpg)/veiculos/fotos/1064380/9a146246-7e47-4a9e-bc25-d1d5d928fff1.jpg,https://resized-images.autoconf.com.br/1000x750/filters:format(jpg)/veiculos/fotos/1064380/b266a842-ff6f-44d4-b1a6-4a46f65ead97.jpg,https://resized-images.autoconf.com.br/1000x750/filters:format(jpg)/veiculos/fotos/1064380/bbc108f5-b2ba-4eb4-85bc-3c6ab82837cd.jpg,https://resized-images.autoconf.com.br/1000x750/filters:format(jpg)/veiculos/fotos/1064380/42d35692-55e2-419c-981e-012f86327efe.jpg,https://resized-images.autoconf.com.br/1000x750/filters:format(jpg)/veiculos/fotos/1064380/c9dd5f3e-54e7-424d-8be5-7212a91b6f46.jpg,https://resized-images.autoconf.com.br/1000x750/filters:format(jpg)/veiculos/fotos/1064380/baff00bd-4e81-4d2f-8643-ae70fc8e171c.jpg,,,,,,,,,,,,Até 50 mil,HATCHBACK,Chevrolet,2011,FLEX
1064386,1064386,Chevrolet CRUZE LTZ 1.4 16V Turbo Flex 4p Aut.,"Chevrolet CRUZE LTZ 1.4 16V Turbo Flex 4p Aut. — Ano 2023, 93.273 km, cor Branco. Seminovo com procedência, revisado e com garantia da loja. Thiago Veículos, em Rio Verde-GO. Agende sua visita ou chame no WhatsApp que a gente te atende rapidinho.",in stock,used,109990.00 BRL,,https://thiagoveiculosrv.com.br/carros/gm-chevrolet/cruze-ltz-1-4-16v-turbo-flex-4p-aut/2023/1064386,Chevrolet,CRUZE,LTZ 1.4 16V Turbo Flex 4p Aut.,2023,SEDAN,USED,KM,93273,Branco,AUTOMATIC,FLEX,"Avenida Paulo Roberto Cunha, Quadra L Lote 15",Rio Verde,GO,75901-648,BR,Rio Verde,-17.7975,-50.9266,thiago-veiculos-rv,Thiago Veículos,1064386,https://resized-images.autoconf.com.br/1000x750/filters:format(jpg)/veiculos/fotos/1064386/cc16c256-267e-4971-b4f4-b774bb0ff13d.jpg,Chevrolet CRUZE LTZ 1.4 16V Turbo Flex 4p Aut.,https://resized-images.autoconf.com.br/1000x750/filters:format(jpg)/veiculos/fotos/1064386/7ae2c03f-93f9-412b-83bd-0313fe4ba78e.jpg,https://resized-images.autoconf.com.br/1000x750/filters:format(jpg)/veiculos/fotos/1064386/92fb2bb9-3475-4e75-8fda-f9d820451280.jpg,https://resized-images.autoconf.com.br/1000x750/filters:format(jpg)/veiculos/fotos/1064386/5a1bf83b-9654-49c8-ad38-73d3e6a6197e.jpg,https://resized-images.autoconf.com.br/1000x750/filters:format(jpg)/veiculos/fotos/1064386/cc43ba09-1d8e-40a1-a9fa-e90ac2e12ba3.jpg,https://resized-images.autoconf.com.br/1000x750/filters:format(jpg)/veiculos/fotos/1064386/bb11e42b-ab2c-408d-9ab0-0a69d6d4cca0.jpg,https://resized-images.autoconf.com.br/1000x750/filters:format(jpg)/veiculos/fotos/1064386/317d4dde-5683-445a-896a-ccb8a431a189.jpg,https://resized-images.autoconf.com.br/1000x750/filters:format(jpg)/veiculos/fotos/1064386/154b63ec-058e-4e26-8046-5eaa70f354dd.jpg,https://resized-images.autoconf.com.br/1000x750/filters:format(jpg)/veiculos/fotos/1064386/f72fa84f-5ff2-4cf6-ada1-18c3d0502966.jpg,,,,,,,,,,,,80 a 120 mil,SEDAN,Chevrolet,2023,FLEX
1065395,1065395,Chevrolet ONIX HATCH 1.0 12V Flex 5p Mec.,"Chevrolet ONIX HATCH 1.0 12V Flex 5p Mec. — Ano 2024, 16.149 km, cor Branco. Seminovo com procedência, revisado e com garantia da loja. Thiago Veículos, em Rio Verde-GO. Agende sua visita ou chame no WhatsApp que a gente te atende rapidinho.",in stock,used,73990.00 BRL,,https://thiagoveiculosrv.com.br/carros/gm-chevrolet/onix-hatch-1-0-12v-flex-5p-mec/2024/1065395,Chevrolet,ONIX,HATCH 1.0 12V Flex 5p Mec.,2024,HATCHBACK,USED,KM,16149,Branco,MANUAL,FLEX,"Avenida Paulo Roberto Cunha, Quadra L Lote 15",Rio Verde,GO,75901-648,BR,Rio Verde,-17.7975,-50.9266,thiago-veiculos-rv,Thiago Veículos,1065395,https://resized-images.autoconf.com.br/1000x750/filters:format(jpg)/veiculos/fotos/1065395/ee99df17-cdd5-42cb-9712-bb1c1371b51d.jpg,Chevrolet ONIX HATCH 1.0 12V Flex 5p Mec.,https://resized-images.autoconf.com.br/1000x750/filters:format(jpg)/veiculos/fotos/1065395/4b9611ba-14e3-4757-bc5e-9faf01e353bc.jpg,https://resized-images.autoconf.com.br/1000x750/filters:format(jpg)/veiculos/fotos/1065395/ffaa93ef-32bf-4b51-a3c7-43492fb225e3.jpg,https://resized-images.autoconf.com.br/1000x750/filters:format(jpg)/veiculos/fotos/1065395/26a04f70-6551-4765-bd4c-d1d24382f001.jpg,https://resized-images.autoconf.com.br/1000x750/filters:format(jpg)/veiculos/fotos/1065395/dd3afe67-ace0-4fd2-8f68-e1cba5cbddd7.jpg,https://resized-images.autoconf.com.br/1000x750/filters:format(jpg)/veiculos/fotos/1065395/e084ac77-1dba-4c36-ba4b-e5668057dfdc.jpg,https://resized-images.autoconf.com.br/1000x750/filters:format(jpg)/veiculos/fotos/1065395/29012ac6-f3ac-4f11-9ae3-b98f64b57ffd.jpg,https://resized-images.autoconf.com.br/1000x750/filters:format(jpg)/veiculos/fotos/1065395/1903c490-733f-4c0d-8cb2-aea08085a36f.jpg,https://resized-images.autoconf.com.br/1000x750/filters:format(jpg)/veiculos/fotos/1065395/33d94659-f6fd-4678-abe2-7c53e6fcd859.jpg,,,,,,,,,,,,50 a 80 mil,HATCHBACK,Chevrolet,2024,FLEX
1066258,1066258,Volkswagen CROSSFOX 1.6 Mi Total Flex 8V 5p,"Volkswagen CROSSFOX 1.6 Mi Total Flex 8V 5p — Ano 2012, 127.095 km, cor Prata. Seminovo com procedência, revisado e com garantia da loja. Thiago Veículos, em Rio Verde-GO. Agende sua visita ou chame no WhatsApp que a gente te atende rapidinho.",in stock,used,44990.00 BRL,,https://thiagoveiculosrv.com.br/carros/vw-volkswagen/crossfox-1-6-mi-total-flex-8v-5p/2012/1066258,Volkswagen,CROSSFOX,1.6 Mi Total Flex 8V 5p,2012,SUV,USED,KM,127095,Prata,MANUAL,FLEX,"Avenida Paulo Roberto Cunha, Quadra L Lote 15",Rio Verde,GO,75901-648,BR,Rio Verde,-17.7975,-50.9266,thiago-veiculos-rv,Thiago Veículos,1066258,https://resized-images.autoconf.com.br/1000x750/filters:format(jpg)/veiculos/fotos/1066258/95430f68-d7e3-47b8-81a0-b61e4f084e8f.jpg,Volkswagen CROSSFOX 1.6 Mi Total Flex 8V 5p,https://resized-images.autoconf.com.br/1000x750/filters:format(jpg)/veiculos/fotos/1066258/6c48d131-3506-4184-acfe-b3dc76cf722a.jpg,https://resized-images.autoconf.com.br/1000x750/filters:format(jpg)/veiculos/fotos/1066258/71de3913-92b3-497e-b9fa-c0292be51c00.jpg,https://resized-images.autoconf.com.br/1000x750/filters:format(jpg)/veiculos/fotos/1066258/4bacd879-004f-40cc-b553-559991a7721e.jpg,https://resized-images.autoconf.com.br/1000x750/filters:format(jpg)/veiculos/fotos/1066258/ed0b5fe8-076d-4b14-9b59-0a8c24d9dc4e.jpg,https://resized-images.autoconf.com.br/1000x750/filters:format(jpg)/veiculos/fotos/1066258/4570712d-2644-4a80-8117-f2071eb8bb44.jpg,https://resized-images.autoconf.com.br/1000x750/filters:format(jpg)/veiculos/fotos/1066258/bb197d38-6662-4994-a163-aaadf56e5001.jpg,https://resized-images.autoconf.com.br/1000x750/filters:format(jpg)/veiculos/fotos/1066258/379b09da-aa63-4565-9e83-17ceb91fb951.jpg,https://resized-images.autoconf.com.br/1000x750/filters:format(jpg)/veiculos/fotos/1066258/df6b846f-1af0-43c7-8d7a-ecc2a71b83d3.jpg,,,,,,,,,,,,Até 50 mil,SUV,Volkswagen,2012,FLEX
1066690,1066690,YAMAHA FZ25 250 FAZER FLEX,"YAMAHA FZ25 250 FAZER FLEX — Ano 2024, 27.600 km, cor Azul. Seminovo com procedência, revisado e com garantia da loja. Thiago Veículos, em Rio Verde-GO. Agende sua visita ou chame no WhatsApp que a gente te atende rapidinho.",in stock,used,22990.00 BRL,,https://thiagoveiculosrv.com.br/motos/yamaha/fz25-250-fazer-flex/2024/1066690,YAMAHA,FZ25,250 FAZER FLEX,2024,OTHER,USED,KM,27600,Azul,MANUAL,FLEX,"Avenida Paulo Roberto Cunha, Quadra L Lote 15",Rio Verde,GO,75901-648,BR,Rio Verde,-17.7975,-50.9266,thiago-veiculos-rv,Thiago Veículos,1066690,https://resized-images.autoconf.com.br/1000x750/filters:format(jpg)/veiculos/fotos/1066690/222d72e2-f8fc-40c3-b592-63165419d6cf.jpg,YAMAHA FZ25 250 FAZER FLEX,https://resized-images.autoconf.com.br/1000x750/filters:format(jpg)/veiculos/fotos/1066690/66073540-2458-4268-a509-1ae6e6d4cb49.jpg,https://resized-images.autoconf.com.br/1000x750/filters:format(jpg)/veiculos/fotos/1066690/1ef6d168-4cd9-4c3a-9099-10cd56d9f1c8.jpg,https://resized-images.autoconf.com.br/1000x750/filters:format(jpg)/veiculos/fotos/1066690/f03a29c9-c552-4aea-bfce-78c19e49c048.jpg,,,,,,,,,,,,,,,,,Até 50 mil,OTHER,YAMAHA,2024,FLEX
1067224,1067224,Chevrolet S10 Pick-Up LT 2.8 TDI 4x4 CD Diesel,"Chevrolet S10 Pick-Up LT 2.8 TDI 4x4 CD Diesel — Ano 2017, 166.714 km, cor Prata. Seminovo com procedência, revisado e com garantia da loja. Thiago Veículos, em Rio Verde-GO. Agende sua visita ou chame no WhatsApp que a gente te atende rapidinho.",in stock,used,114990.00 BRL,,https://thiagoveiculosrv.com.br/carros/gm-chevrolet/s10-pick-up-lt-2-8-tdi-4x4-cd-diesel/2017/1067224,Chevrolet,S10,Pick-Up LT 2.8 TDI 4x4 CD Diesel,2017,PICKUP,USED,KM,166714,Prata,MANUAL,DIESEL,"Avenida Paulo Roberto Cunha, Quadra L Lote 15",Rio Verde,GO,75901-648,BR,Rio Verde,-17.7975,-50.9266,thiago-veiculos-rv,Thiago Veículos,1067224,https://resized-images.autoconf.com.br/1000x750/filters:format(jpg)/veiculos/fotos/1067224/5dbf292e-0de2-4800-97e5-c8f4b878f1a3.jpg,Chevrolet S10 Pick-Up LT 2.8 TDI 4x4 CD Diesel,https://resized-images.autoconf.com.br/1000x750/filters:format(jpg)/veiculos/fotos/1067224/647836e3-1d45-4a21-8639-76c147d73283.jpg,https://resized-images.autoconf.com.br/1000x750/filters:format(jpg)/veiculos/fotos/1067224/dbada2a1-f3f3-446e-8502-e02897bbde98.jpg,https://resized-images.autoconf.com.br/1000x750/filters:format(jpg)/veiculos/fotos/1067224/defe2cb9-78ba-43c4-baed-8175455320a4.jpg,https://resized-images.autoconf.com.br/1000x750/filters:format(jpg)/veiculos/fotos/1067224/14f689a1-874d-468c-bb32-8d95bbadaa26.jpg,https://resized-images.autoconf.com.br/1000x750/filters:format(jpg)/veiculos/fotos/1067224/e0eeabc6-ff43-4aa0-82eb-bd63c4dd3e09.jpg,https://resized-images.autoconf.com.br/1000x750/filters:format(jpg)/veiculos/fotos/1067224/d6cf2448-0698-4104-a1dc-b44ce5533c26.jpg,https://resized-images.autoconf.com.br/1000x750/filters:format(jpg)/veiculos/fotos/1067224/d620d49f-c56e-4f91-ab75-f01c19121db1.jpg,https://resized-images.autoconf.com.br/1000x750/filters:format(jpg)/veiculos/fotos/1067224/67299eb6-42b2-4ef7-8e6e-8efd977f5553.jpg,,,,,,,,,,,,80 a 120 mil,PICKUP,Chevrolet,2017,DIESEL
1068299,1068299,Fiat Strada Freedom 1.4 Flex 8V CD,"Fiat Strada Freedom 1.4 Flex 8V CD — Ano 2019, 101.095 km, cor Cinza. Seminovo com procedência, revisado e com garantia da loja. Thiago Veículos, em Rio Verde-GO. Agende sua visita ou chame no WhatsApp que a gente te atende rapidinho.",in stock,used,74990.00 BRL,,https://thiagoveiculosrv.com.br/carros/fiat/strada-freedom-1-4-flex-8v-cd/2019/1068299,Fiat,Strada,Freedom 1.4 Flex 8V CD,2019,PICKUP,USED,KM,101095,Cinza,MANUAL,FLEX,"Avenida Paulo Roberto Cunha, Quadra L Lote 15",Rio Verde,GO,75901-648,BR,Rio Verde,-17.7975,-50.9266,thiago-veiculos-rv,Thiago Veículos,1068299,https://resized-images.autoconf.com.br/1000x750/filters:format(jpg)/veiculos/fotos/1068299/637b3cfd-9e78-4ef1-abad-354d8172d852.jpg,Fiat Strada Freedom 1.4 Flex 8V CD,https://resized-images.autoconf.com.br/1000x750/filters:format(jpg)/veiculos/fotos/1068299/54c48bf3-c1d6-4e0b-a779-f90346e1a698.jpg,https://resized-images.autoconf.com.br/1000x750/filters:format(jpg)/veiculos/fotos/1068299/73afb484-20ff-4449-bc2e-129b1092fd36.jpg,https://resized-images.autoconf.com.br/1000x750/filters:format(jpg)/veiculos/fotos/1068299/d03bd0a6-f7cf-44b1-be61-0cfdb634f99b.jpg,https://resized-images.autoconf.com.br/1000x750/filters:format(jpg)/veiculos/fotos/1068299/312a8794-c342-4bfd-b6b8-fac9fbc414c8.jpg,https://resized-images.autoconf.com.br/1000x750/filters:format(jpg)/veiculos/fotos/1068299/5046fa47-42ed-445e-8bb2-f173dcec3d6e.jpg,https://resized-images.autoconf.com.br/1000x750/filters:format(jpg)/veiculos/fotos/1068299/ddf76d26-2102-4661-b36c-258d9aad68c0.jpg,https://resized-images.autoconf.com.br/1000x750/filters:format(jpg)/veiculos/fotos/1068299/100a3a24-0d78-4479-a25a-2851da5f5bed.jpg,https://resized-images.autoconf.com.br/1000x750/filters:format(jpg)/veiculos/fotos/1068299/c4edd54b-1850-4918-b0cd-78630a0bd663.jpg,,,,,,,,,,,,50 a 80 mil,PICKUP,Fiat,2019,FLEX
1070884,1070884,Chevrolet ONIX HATCH LT 1.0 12V TB Flex 5p Mec.,"Chevrolet ONIX HATCH LT 1.0 12V TB Flex 5p Mec. — Ano 2023, 127.635 km, cor Branco. Seminovo com procedência, revisado e com garantia da loja. Thiago Veículos, em Rio Verde-GO. Agende sua visita ou chame no WhatsApp que a gente te atende rapidinho.",in stock,used,67990.00 BRL,,https://thiagoveiculosrv.com.br/carros/gm-chevrolet/onix-hatch-lt-1-0-12v-tb-flex-5p-mec/2023/1070884,Chevrolet,ONIX,HATCH LT 1.0 12V TB Flex 5p Mec.,2023,HATCHBACK,USED,KM,127635,Branco,MANUAL,FLEX,"Avenida Paulo Roberto Cunha, Quadra L Lote 15",Rio Verde,GO,75901-648,BR,Rio Verde,-17.7975,-50.9266,thiago-veiculos-rv,Thiago Veículos,1070884,https://resized-images.autoconf.com.br/1000x750/filters:format(jpg)/veiculos/fotos/1070884/507da853-33a0-4a9c-bb46-2858eee1af0b.jpg,Chevrolet ONIX HATCH LT 1.0 12V TB Flex 5p Mec.,https://resized-images.autoconf.com.br/1000x750/filters:format(jpg)/veiculos/fotos/1070884/2a70dc7f-601f-412b-8b00-bb3eb56f1820.jpg,https://resized-images.autoconf.com.br/1000x750/filters:format(jpg)/veiculos/fotos/1070884/b0d79cb0-7aed-40ab-bf5a-3de5c6c27068.jpg,https://resized-images.autoconf.com.br/1000x750/filters:format(jpg)/veiculos/fotos/1070884/725ecd6a-ec53-4a09-9055-bcdc3d07efda.jpg,https://resized-images.autoconf.com.br/1000x750/filters:format(jpg)/veiculos/fotos/1070884/8873c5bd-e648-4972-80e2-ab7eac343b03.jpg,https://resized-images.autoconf.com.br/1000x750/filters:format(jpg)/veiculos/fotos/1070884/cbc50068-14f8-45f3-aa75-182816013400.jpg,https://resized-images.autoconf.com.br/1000x750/filters:format(jpg)/veiculos/fotos/1070884/483555f6-ea6e-485a-a093-298d15933500.jpg,https://resized-images.autoconf.com.br/1000x750/filters:format(jpg)/veiculos/fotos/1070884/7f60d0db-2570-4843-baea-e3c1de5e5ad9.jpg,https://resized-images.autoconf.com.br/1000x750/filters:format(jpg)/veiculos/fotos/1070884/ca523926-5b35-4ac1-84b4-92039081c250.jpg,,,,,,,,,,,,50 a 80 mil,HATCHBACK,Chevrolet,2023,FLEX
1072754,1072754,Ford Ka 1.0 8V/1.0 8V ST Flex 3p,"Ford Ka 1.0 8V/1.0 8V ST Flex 3p — Ano 2013, 118.925 km, cor Vermelho. Seminovo com procedência, revisado e com garantia da loja. Thiago Veículos, em Rio Verde-GO. Agende sua visita ou chame no WhatsApp que a gente te atende rapidinho.",in stock,used,24990.00 BRL,,https://thiagoveiculosrv.com.br/carros/ford/ka-1-0-8v-1-0-8v-st-flex-3p/2013/1072754,Ford,Ka,1.0 8V/1.0 8V ST Flex 3p,2013,HATCHBACK,USED,KM,118925,Vermelho,MANUAL,FLEX,"Avenida Paulo Roberto Cunha, Quadra L Lote 15",Rio Verde,GO,75901-648,BR,Rio Verde,-17.7975,-50.9266,thiago-veiculos-rv,Thiago Veículos,1072754,https://resized-images.autoconf.com.br/1000x750/filters:format(jpg)/veiculos/fotos/1072754/9033dc01-ae73-46ce-b05e-b764c0ca08a0.jpg,Ford Ka 1.0 8V/1.0 8V ST Flex 3p,https://resized-images.autoconf.com.br/1000x750/filters:format(jpg)/veiculos/fotos/1072754/d0f9c763-0740-4917-87ca-1d785b31075c.jpg,https://resized-images.autoconf.com.br/1000x750/filters:format(jpg)/veiculos/fotos/1072754/f94ef70f-a810-4591-b581-065727450cf4.jpg,https://resized-images.autoconf.com.br/1000x750/filters:format(jpg)/veiculos/fotos/1072754/c062fe54-0233-4a13-8cbe-e5d97776ba9a.jpg,https://resized-images.autoconf.com.br/1000x750/filters:format(jpg)/veiculos/fotos/1072754/8ac72710-3003-4c2e-b902-dd0e37a6ef1b.jpg,https://resized-images.autoconf.com.br/1000x750/filters:format(jpg)/veiculos/fotos/1072754/d8857a11-4480-40e6-a1dd-833b16ccc6e3.jpg,https://resized-images.autoconf.com.br/1000x750/filters:format(jpg)/veiculos/fotos/1072754/96ab304d-eb77-403a-bd74-e506e7b8c41e.jpg,https://resized-images.autoconf.com.br/1000x750/filters:format(jpg)/veiculos/fotos/1072754/086f320e-2b16-4270-aeb1-9025a11ecdbf.jpg,https://resized-images.autoconf.com.br/1000x750/filters:format(jpg)/veiculos/fotos/1072754/2b7432c8-cce5-4bf8-b15c-6a7aa16673af.jpg,,,,,,,,,,,,Até 50 mil,HATCHBACK,Ford,2013,FLEX
1073270,1073270,Chevrolet ONIX HATCH 1.0 12V Flex 5p Mec.,"Chevrolet ONIX HATCH 1.0 12V Flex 5p Mec. — Ano 2023, 71.922 km, cor Branco. Seminovo com procedência, revisado e com garantia da loja. Thiago Veículos, em Rio Verde-GO. Agende sua visita ou chame no WhatsApp que a gente te atende rapidinho.",in stock,used,65990.00 BRL,,https://thiagoveiculosrv.com.br/carros/gm-chevrolet/onix-hatch-1-0-12v-flex-5p-mec/2023/1073270,Chevrolet,ONIX,HATCH 1.0 12V Flex 5p Mec.,2023,HATCHBACK,USED,KM,71922,Branco,MANUAL,FLEX,"Avenida Paulo Roberto Cunha, Quadra L Lote 15",Rio Verde,GO,75901-648,BR,Rio Verde,-17.7975,-50.9266,thiago-veiculos-rv,Thiago Veículos,1073270,https://resized-images.autoconf.com.br/1000x750/filters:format(jpg)/veiculos/fotos/1073270/760a6732-d985-49e8-8f62-4816ddf62215.jpg,Chevrolet ONIX HATCH 1.0 12V Flex 5p Mec.,https://resized-images.autoconf.com.br/1000x750/filters:format(jpg)/veiculos/fotos/1073270/67f8f073-def0-426c-9a28-8337ec695ca2.jpg,https://resized-images.autoconf.com.br/1000x750/filters:format(jpg)/veiculos/fotos/1073270/0a943d51-60ff-4262-b387-1603e8565782.jpg,https://resized-images.autoconf.com.br/1000x750/filters:format(jpg)/veiculos/fotos/1073270/4d636f8f-1be3-4681-a987-caa3ac322c94.jpg,https://resized-images.autoconf.com.br/1000x750/filters:format(jpg)/veiculos/fotos/1073270/f1fcaeea-ca30-4404-8eaa-84271ddb70c0.jpg,https://resized-images.autoconf.com.br/1000x750/filters:format(jpg)/veiculos/fotos/1073270/1945c348-f1ef-4a62-97fc-6eb9d256c980.jpg,https://resized-images.autoconf.com.br/1000x750/filters:format(jpg)/veiculos/fotos/1073270/079b00a6-c996-4eaa-96b2-189fd6fe1be1.jpg,https://resized-images.autoconf.com.br/1000x750/filters:format(jpg)/veiculos/fotos/1073270/aad49f2b-6ef0-4c92-8618-64d89dcf7f24.jpg,https://resized-images.autoconf.com.br/1000x750/filters:format(jpg)/veiculos/fotos/1073270/0353e90c-2e2e-4334-95a7-384cdc9e939c.jpg,,,,,,,,,,,,50 a 80 mil,HATCHBACK,Chevrolet,2023,FLEX
1073376,1073376,Volkswagen Golf Sportline 1.6 Mi Total Flex 8V 4p,"Volkswagen Golf Sportline 1.6 Mi Total Flex 8V 4p — Ano 2010, 191.804 km, cor Preto. Seminovo com procedência, revisado e com garantia da loja. Thiago Veículos, em Rio Verde-GO. Agende sua visita ou chame no WhatsApp que a gente te atende rapidinho.",in stock,used,48990.00 BRL,,https://thiagoveiculosrv.com.br/carros/vw-volkswagen/golf-sportline-1-6-mi-total-flex-8v-4p/2010/1073376,Volkswagen,Golf,Sportline 1.6 Mi Total Flex 8V 4p,2010,HATCHBACK,USED,KM,191804,Preto,MANUAL,FLEX,"Avenida Paulo Roberto Cunha, Quadra L Lote 15",Rio Verde,GO,75901-648,BR,Rio Verde,-17.7975,-50.9266,thiago-veiculos-rv,Thiago Veículos,1073376,https://resized-images.autoconf.com.br/1000x750/filters:format(jpg)/veiculos/fotos/1073376/6d90f8e4-af07-4fe5-a446-7e10e6529604.jpg,Volkswagen Golf Sportline 1.6 Mi Total Flex 8V 4p,https://resized-images.autoconf.com.br/1000x750/filters:format(jpg)/veiculos/fotos/1073376/8779c33a-2d99-463a-81df-3f59e8da6d5c.jpg,https://resized-images.autoconf.com.br/1000x750/filters:format(jpg)/veiculos/fotos/1073376/92ad5324-00f7-45d8-a8c8-57e1892026be.jpg,https://resized-images.autoconf.com.br/1000x750/filters:format(jpg)/veiculos/fotos/1073376/f8ff5885-f012-45c2-b7a4-00fa73e070e8.jpg,https://resized-images.autoconf.com.br/1000x750/filters:format(jpg)/veiculos/fotos/1073376/cfeb42db-a09d-4fc2-922e-88ffc3c452d7.jpg,https://resized-images.autoconf.com.br/1000x750/filters:format(jpg)/veiculos/fotos/1073376/f53ca27b-9939-4e4e-9b3b-c51f65f9b1a9.jpg,https://resized-images.autoconf.com.br/1000x750/filters:format(jpg)/veiculos/fotos/1073376/d510a9c4-c942-4c6f-a33f-3abca22ee902.jpg,https://resized-images.autoconf.com.br/1000x750/filters:format(jpg)/veiculos/fotos/1073376/49426b75-55fc-4924-a041-83b20fa7a8ce.jpg,https://resized-images.autoconf.com.br/1000x750/filters:format(jpg)/veiculos/fotos/1073376/40367d20-4619-4a76-80e9-57c62de8acc6.jpg,,,,,,,,,,,,Até 50 mil,HATCHBACK,Volkswagen,2010,FLEX
1074556,1074556,Chevrolet Celta Spirit/ LT 1.0 MPFI 8V FlexP. 5p,"Chevrolet Celta Spirit/ LT 1.0 MPFI 8V FlexP. 5p — Ano 2012, 170.633 km, cor Prata. Seminovo com procedência, revisado e com garantia da loja. Thiago Veículos, em Rio Verde-GO. Agende sua visita ou chame no WhatsApp que a gente te atende rapidinho.",in stock,used,29990.00 BRL,,https://thiagoveiculosrv.com.br/carros/gm-chevrolet/celta-spirit-lt-1-0-mpfi-8v-flexp-5p/2012/1074556,Chevrolet,Celta,Spirit/ LT 1.0 MPFI 8V FlexP. 5p,2012,HATCHBACK,USED,KM,170633,Prata,MANUAL,FLEX,"Avenida Paulo Roberto Cunha, Quadra L Lote 15",Rio Verde,GO,75901-648,BR,Rio Verde,-17.7975,-50.9266,thiago-veiculos-rv,Thiago Veículos,1074556,https://resized-images.autoconf.com.br/1000x750/filters:format(jpg)/veiculos/fotos/1074556/788f2c41-db9f-4f59-ba88-9152a0343bca.jpg,Chevrolet Celta Spirit/ LT 1.0 MPFI 8V FlexP. 5p,https://resized-images.autoconf.com.br/1000x750/filters:format(jpg)/veiculos/fotos/1074556/79352110-5a7c-4eaf-b8d1-fe7403884332.jpg,https://resized-images.autoconf.com.br/1000x750/filters:format(jpg)/veiculos/fotos/1074556/6a0cf31b-e0c6-4d94-a3cf-753774d7af8e.jpg,https://resized-images.autoconf.com.br/1000x750/filters:format(jpg)/veiculos/fotos/1074556/ea316caf-425e-42b6-bd12-894ad85dc694.jpg,https://resized-images.autoconf.com.br/1000x750/filters:format(jpg)/veiculos/fotos/1074556/968859c8-df89-4a73-91f1-21aeaa13ea71.jpg,https://resized-images.autoconf.com.br/1000x750/filters:format(jpg)/veiculos/fotos/1074556/ccbc195e-1477-4661-98bb-964544f053d3.jpg,https://resized-images.autoconf.com.br/1000x750/filters:format(jpg)/veiculos/fotos/1074556/7805f00d-4275-4aa2-a68e-a89001a0300c.jpg,https://resized-images.autoconf.com.br/1000x750/filters:format(jpg)/veiculos/fotos/1074556/5004bf47-4e4d-4d0e-a97c-5a1b691d901c.jpg,https://resized-images.autoconf.com.br/1000x750/filters:format(jpg)/veiculos/fotos/1074556/d47e3a33-faf2-4328-9ead-2b18cf98eb8f.jpg,,,,,,,,,,,,Até 50 mil,HATCHBACK,Chevrolet,2012,FLEX
1080340,1080340,HONDA CG 160 TITAN FLEXONE/Ed.Especial 40 Anos,"HONDA CG 160 TITAN FLEXONE/Ed.Especial 40 Anos — Ano 2020, 27.409 km, cor Vermelho. Seminovo com procedência, revisado e com garantia da loja. Thiago Veículos, em Rio Verde-GO. Agende sua visita ou chame no WhatsApp que a gente te atende rapidinho.",in stock,used,13990.00 BRL,,https://thiagoveiculosrv.com.br/motos/honda-1/cg-160-titan-flexone-ed-especial-40-anos/2020/1080340,HONDA,CG,160 TITAN FLEXONE/Ed.Especial 40 Anos,2020,OTHER,USED,KM,27409,Vermelho,MANUAL,,"Avenida Paulo Roberto Cunha, Quadra L Lote 15",Rio Verde,GO,75901-648,BR,Rio Verde,-17.7975,-50.9266,thiago-veiculos-rv,Thiago Veículos,1080340,https://resized-images.autoconf.com.br/1000x750/filters:format(jpg)/veiculos/fotos/1080340/b92fe467-1529-45d7-b677-726cba73129d.jpg,HONDA CG 160 TITAN FLEXONE/Ed.Especial 40 Anos,https://resized-images.autoconf.com.br/1000x750/filters:format(jpg)/veiculos/fotos/1080340/766c8f61-8cd8-4057-a06b-7bb0edc9e6c8.jpg,https://resized-images.autoconf.com.br/1000x750/filters:format(jpg)/veiculos/fotos/1080340/9ad3b8a2-c637-4d8b-8c33-4ecce2d65d3d.jpg,https://resized-images.autoconf.com.br/1000x750/filters:format(jpg)/veiculos/fotos/1080340/c4d37f0a-f654-4bc7-89b8-925160df451c.jpg,,,,,,,,,,,,,,,,,Até 50 mil,OTHER,HONDA,2020,
1080350,1080350,Ford Ka+ Sedan 1.0 SE/SE PLUS TiVCT Flex 4p,"Ford Ka+ Sedan 1.0 SE/SE PLUS TiVCT Flex 4p — Ano 2020, 142.224 km, cor Prata. Seminovo com procedência, revisado e com garantia da loja. Thiago Veículos, em Rio Verde-GO. Agende sua visita ou chame no WhatsApp que a gente te atende rapidinho.",in stock,used,49990.00 BRL,,https://thiagoveiculosrv.com.br/carros/ford/ka-sedan-1-0-tivct-flex-4p/2020/1080350,Ford,Ka+,Sedan 1.0 SE/SE PLUS TiVCT Flex 4p,2020,SEDAN,USED,KM,142224,Prata,MANUAL,FLEX,"Avenida Paulo Roberto Cunha, Quadra L Lote 15",Rio Verde,GO,75901-648,BR,Rio Verde,-17.7975,-50.9266,thiago-veiculos-rv,Thiago Veículos,1080350,https://resized-images.autoconf.com.br/1000x750/filters:format(jpg)/veiculos/fotos/1080350/0bf09a74-ee7c-4e36-a044-800ca7a14506.jpg,Ford Ka+ Sedan 1.0 SE/SE PLUS TiVCT Flex 4p,https://resized-images.autoconf.com.br/1000x750/filters:format(jpg)/veiculos/fotos/1080350/bfa7175e-65e5-46ca-822e-152cdc7cc6ba.jpg,https://resized-images.autoconf.com.br/1000x750/filters:format(jpg)/veiculos/fotos/1080350/b80cd993-54ac-4882-8493-8609e6dd4385.jpg,https://resized-images.autoconf.com.br/1000x750/filters:format(jpg)/veiculos/fotos/1080350/8f35a337-2343-44c4-99bd-6dfcd7cb9c8c.jpg,https://resized-images.autoconf.com.br/1000x750/filters:format(jpg)/veiculos/fotos/1080350/67ef7cca-91ad-4e22-bb86-0c13efc293e9.jpg,https://resized-images.autoconf.com.br/1000x750/filters:format(jpg)/veiculos/fotos/1080350/4110eb0e-ed32-4e00-aa8c-2da2cd3a39e1.jpg,https://resized-images.autoconf.com.br/1000x750/filters:format(jpg)/veiculos/fotos/1080350/2306ec94-5e84-4c15-8067-ffa626143789.jpg,https://resized-images.autoconf.com.br/1000x750/filters:format(jpg)/veiculos/fotos/1080350/7a73b7fd-3a22-4c7a-82ca-c274e3a949e9.jpg,https://resized-images.autoconf.com.br/1000x750/filters:format(jpg)/veiculos/fotos/1080350/0df401ff-b6b8-4dde-8a1e-dfe5610ca5a3.jpg,,,,,,,,,,,,Até 50 mil,SEDAN,Ford,2020,FLEX
1080354,1080354,Volkswagen Saveiro TROOPER 1.6 Mi Total Flex 8V CE,"Volkswagen Saveiro TROOPER 1.6 Mi Total Flex 8V CE — Ano 2010, 191.499 km, cor Branco. Seminovo com procedência, revisado e com garantia da loja. Thiago Veículos, em Rio Verde-GO. Agende sua visita ou chame no WhatsApp que a gente te atende rapidinho.",in stock,used,44990.00 BRL,,https://thiagoveiculosrv.com.br/carros/vw-volkswagen/saveiro-trooper-1-6-mi-total-flex-8v-ce/2010/1080354,Volkswagen,Saveiro,TROOPER 1.6 Mi Total Flex 8V CE,2010,PICKUP,USED,KM,191499,Branco,MANUAL,FLEX,"Avenida Paulo Roberto Cunha, Quadra L Lote 15",Rio Verde,GO,75901-648,BR,Rio Verde,-17.7975,-50.9266,thiago-veiculos-rv,Thiago Veículos,1080354,https://resized-images.autoconf.com.br/1000x750/filters:format(jpg)/veiculos/fotos/1080354/c7d034a7-677b-4d34-bab4-4eec21762e8c.jpg,Volkswagen Saveiro TROOPER 1.6 Mi Total Flex 8V CE,https://resized-images.autoconf.com.br/1000x750/filters:format(jpg)/veiculos/fotos/1080354/1e9204f4-ebb3-407b-bfad-f102da7de08d.jpg,https://resized-images.autoconf.com.br/1000x750/filters:format(jpg)/veiculos/fotos/1080354/34eee44b-6367-46ab-86f0-c42f4cae5237.jpg,https://resized-images.autoconf.com.br/1000x750/filters:format(jpg)/veiculos/fotos/1080354/5191ef4c-ef2c-4bed-9535-fad081d2f5ba.jpg,https://resized-images.autoconf.com.br/1000x750/filters:format(jpg)/veiculos/fotos/1080354/4f4fb801-00b7-442f-9ba8-9f608f3a903f.jpg,https://resized-images.autoconf.com.br/1000x750/filters:format(jpg)/veiculos/fotos/1080354/5fe3dcaf-86ca-4eff-88de-0dcd151fff1e.jpg,https://resized-images.autoconf.com.br/1000x750/filters:format(jpg)/veiculos/fotos/1080354/c37f5970-1fe7-462d-afb8-9ad68b1675d5.jpg,https://resized-images.autoconf.com.br/1000x750/filters:format(jpg)/veiculos/fotos/1080354/979bd8c2-dd21-47b5-b75a-c474cbb03d49.jpg,,,,,,,,,,,,,Até 50 mil,PICKUP,Volkswagen,2010,FLEX
1080742,1080742,Toyota Hilux CD SRX 4x4 2.8 TDI 16V Diesel Aut.,"Toyota Hilux CD SRX 4x4 2.8 TDI 16V Diesel Aut. — Ano 2017, 156.486 km, cor Prata. Seminovo com procedência, revisado e com garantia da loja. Thiago Veículos, em Rio Verde-GO. Agende sua visita ou chame no WhatsApp que a gente te atende rapidinho.",in stock,used,175990.00 BRL,,https://thiagoveiculosrv.com.br/carros/toyota/hilux-cd-srx-4x4-2-8-tdi-16v-diesel-aut/2017/1080742,Toyota,Hilux,CD SRX 4x4 2.8 TDI 16V Diesel Aut.,2017,PICKUP,USED,KM,156486,Prata,AUTOMATIC,DIESEL,"Avenida Paulo Roberto Cunha, Quadra L Lote 15",Rio Verde,GO,75901-648,BR,Rio Verde,-17.7975,-50.9266,thiago-veiculos-rv,Thiago Veículos,1080742,https://resized-images.autoconf.com.br/1000x750/filters:format(jpg)/veiculos/fotos/1080742/5111d014-d0fe-45b4-8a77-0ba7eb5b5015.jpg,Toyota Hilux CD SRX 4x4 2.8 TDI 16V Diesel Aut.,https://resized-images.autoconf.com.br/1000x750/filters:format(jpg)/veiculos/fotos/1080742/d8dc7987-95d7-4ef1-afbd-57763f6dc95c.jpg,https://resized-images.autoconf.com.br/1000x750/filters:format(jpg)/veiculos/fotos/1080742/79233328-d1c9-4b7e-a19b-c5c88de315b4.jpg,https://resized-images.autoconf.com.br/1000x750/filters:format(jpg)/veiculos/fotos/1080742/b9dd414e-8273-4cd9-9098-173870d18115.jpg,https://resized-images.autoconf.com.br/1000x750/filters:format(jpg)/veiculos/fotos/1080742/f8015365-1a3b-479d-afe3-1fd41197f641.jpg,https://resized-images.autoconf.com.br/1000x750/filters:format(jpg)/veiculos/fotos/1080742/12f62746-8c27-4072-8dd6-dfa41df89b1e.jpg,https://resized-images.autoconf.com.br/1000x750/filters:format(jpg)/veiculos/fotos/1080742/f7567641-5608-4508-9134-b063b6faf367.jpg,https://resized-images.autoconf.com.br/1000x750/filters:format(jpg)/veiculos/fotos/1080742/17e17dd7-2346-4082-99a0-87dc3f13098b.jpg,https://resized-images.autoconf.com.br/1000x750/filters:format(jpg)/veiculos/fotos/1080742/2ee106fd-8251-4391-8239-fd7687d2ac4f.jpg,,,,,,,,,,,,120 a 200 mil,PICKUP,Toyota,2017,DIESEL
1082255,1082255,Toyota Hilux CD SRX 4x4 2.8 TDI 16V Diesel Aut.,"Toyota Hilux CD SRX 4x4 2.8 TDI 16V Diesel Aut. — Ano 2024, 41.972 km, cor Prata. Seminovo com procedência, revisado e com garantia da loja. Thiago Veículos, em Rio Verde-GO. Agende sua visita ou chame no WhatsApp que a gente te atende rapidinho.",in stock,used,280990.00 BRL,,https://thiagoveiculosrv.com.br/carros/toyota/hilux-cd-srx-4x4-2-8-tdi-16v-diesel-aut/2024/1082255,Toyota,Hilux,CD SRX 4x4 2.8 TDI 16V Diesel Aut.,2024,PICKUP,USED,KM,41972,Prata,AUTOMATIC,DIESEL,"Avenida Paulo Roberto Cunha, Quadra L Lote 15",Rio Verde,GO,75901-648,BR,Rio Verde,-17.7975,-50.9266,thiago-veiculos-rv,Thiago Veículos,1082255,https://resized-images.autoconf.com.br/1000x750/filters:format(jpg)/veiculos/fotos/1082255/98a36b0c-7572-4103-a285-e69b6f02572b.jpg,Toyota Hilux CD SRX 4x4 2.8 TDI 16V Diesel Aut.,https://resized-images.autoconf.com.br/1000x750/filters:format(jpg)/veiculos/fotos/1082255/1295a401-cae1-4dbe-a855-1bb0fbf90e8b.jpg,https://resized-images.autoconf.com.br/1000x750/filters:format(jpg)/veiculos/fotos/1082255/92153f01-322c-42ce-9f96-cbc7e207441b.jpg,https://resized-images.autoconf.com.br/1000x750/filters:format(jpg)/veiculos/fotos/1082255/bd90ccce-ac61-4282-8089-cb10f4fe2014.jpg,https://resized-images.autoconf.com.br/1000x750/filters:format(jpg)/veiculos/fotos/1082255/3b3bbdcd-668c-4345-93af-3abecb008442.jpg,https://resized-images.autoconf.com.br/1000x750/filters:format(jpg)/veiculos/fotos/1082255/796859ac-d18a-455e-927a-aef1ecd89fe6.jpg,https://resized-images.autoconf.com.br/1000x750/filters:format(jpg)/veiculos/fotos/1082255/383691e0-a7ab-49a8-8ff3-bdda401df5e1.jpg,https://resized-images.autoconf.com.br/1000x750/filters:format(jpg)/veiculos/fotos/1082255/4cdcb19b-ab0a-4420-8d57-0d0fef61b634.jpg,https://resized-images.autoconf.com.br/1000x750/filters:format(jpg)/veiculos/fotos/1082255/449a9515-39db-48fa-bdcf-436dd91cdcb2.jpg,,,,,,,,,,,,Acima de 200 mil,PICKUP,Toyota,2024,DIESEL
1082303,1082303,Chevrolet S10 P-Up Colina 2.8 TDI 4x2/4x4 CD Dies.,"Chevrolet S10 P-Up Colina 2.8 TDI 4x2/4x4 CD Dies. — Ano 2011, 278.192 km, cor Branco. Seminovo com procedência, revisado e com garantia da loja. Thiago Veículos, em Rio Verde-GO. Agende sua visita ou chame no WhatsApp que a gente te atende rapidinho.",in stock,used,67990.00 BRL,,https://thiagoveiculosrv.com.br/carros/gm-chevrolet/s10-p-up-colina-2-8-tdi-4x2-4x4-cd-dies/2011/1082303,Chevrolet,S10,P-Up Colina 2.8 TDI 4x2/4x4 CD Dies.,2011,PICKUP,USED,KM,278192,Branco,MANUAL,DIESEL,"Avenida Paulo Roberto Cunha, Quadra L Lote 15",Rio Verde,GO,75901-648,BR,Rio Verde,-17.7975,-50.9266,thiago-veiculos-rv,Thiago Veículos,1082303,https://resized-images.autoconf.com.br/1000x750/filters:format(jpg)/veiculos/fotos/1082303/d4c2dc1b-f00a-47b5-8478-9d33744bf7bc.jpg,Chevrolet S10 P-Up Colina 2.8 TDI 4x2/4x4 CD Dies.,https://resized-images.autoconf.com.br/1000x750/filters:format(jpg)/veiculos/fotos/1082303/24d9b094-253e-45c5-80b2-d794b8021bf7.jpg,https://resized-images.autoconf.com.br/1000x750/filters:format(jpg)/veiculos/fotos/1082303/daf88892-4eeb-453b-a09f-05de108c8e4c.jpg,https://resized-images.autoconf.com.br/1000x750/filters:format(jpg)/veiculos/fotos/1082303/e8ccd25d-1aef-42b7-9edc-97cc5b6b781b.jpg,https://resized-images.autoconf.com.br/1000x750/filters:format(jpg)/veiculos/fotos/1082303/68bf8295-33e5-4bf9-87e0-16e611ba4117.jpg,https://resized-images.autoconf.com.br/1000x750/filters:format(jpg)/veiculos/fotos/1082303/07b6a0de-4088-42dc-bc19-9b10fffeadb3.jpg,https://resized-images.autoconf.com.br/1000x750/filters:format(jpg)/veiculos/fotos/1082303/fdc34692-74dd-4742-8955-9b7e1ef00874.jpg,https://resized-images.autoconf.com.br/1000x750/filters:format(jpg)/veiculos/fotos/1082303/85670856-03ba-44dc-a6c7-c2e9f9d7bed2.jpg,https://resized-images.autoconf.com.br/1000x750/filters:format(jpg)/veiculos/fotos/1082303/adc19139-f5ac-411e-8e82-bf1e23683f57.jpg,,,,,,,,,,,,50 a 80 mil,PICKUP,Chevrolet,2011,DIESEL
1082661,1082661,Fiat Strada Endurance 1.3 Flex 8V CS Plus,"Fiat Strada Endurance 1.3 Flex 8V CS Plus — Ano 2025, 16.440 km, cor Branco. Seminovo com procedência, revisado e com garantia da loja. Thiago Veículos, em Rio Verde-GO. Agende sua visita ou chame no WhatsApp que a gente te atende rapidinho.",in stock,used,84990.00 BRL,,https://thiagoveiculosrv.com.br/carros/fiat/strada-endurance-1-3-flex-8v-cs/2025/1082661,Fiat,Strada,Endurance 1.3 Flex 8V CS Plus,2025,PICKUP,USED,KM,16440,Branco,MANUAL,FLEX,"Avenida Paulo Roberto Cunha, Quadra L Lote 15",Rio Verde,GO,75901-648,BR,Rio Verde,-17.7975,-50.9266,thiago-veiculos-rv,Thiago Veículos,1082661,https://resized-images.autoconf.com.br/1000x750/filters:format(jpg)/veiculos/fotos/1082661/6fededa1-8bdf-4ae3-9cad-bda630b096d6.jpg,Fiat Strada Endurance 1.3 Flex 8V CS Plus,https://resized-images.autoconf.com.br/1000x750/filters:format(jpg)/veiculos/fotos/1082661/f0bb83f4-d97d-4366-9331-f58043acad2e.jpg,https://resized-images.autoconf.com.br/1000x750/filters:format(jpg)/veiculos/fotos/1082661/e2d88a53-7b50-4e6e-944e-d4b6de5714e5.jpg,https://resized-images.autoconf.com.br/1000x750/filters:format(jpg)/veiculos/fotos/1082661/5b6310ea-678c-4057-8c02-9d21ccc44457.jpg,https://resized-images.autoconf.com.br/1000x750/filters:format(jpg)/veiculos/fotos/1082661/b837e17c-7d5b-4b6d-bdd8-06c5fd90aaf6.jpg,https://resized-images.autoconf.com.br/1000x750/filters:format(jpg)/veiculos/fotos/1082661/cfb0ef02-452a-43f7-9cd3-b4e23fc2b51f.jpg,https://resized-images.autoconf.com.br/1000x750/filters:format(jpg)/veiculos/fotos/1082661/a33805ea-9ad2-4a3c-ac63-821d11cefa76.jpg,https://resized-images.autoconf.com.br/1000x750/filters:format(jpg)/veiculos/fotos/1082661/9325744d-a4a4-416f-88a9-9d09b0be75d2.jpg,https://resized-images.autoconf.com.br/1000x750/filters:format(jpg)/veiculos/fotos/1082661/4fd8f4b0-edcf-4f5a-b9c3-0227f4fee86f.jpg,,,,,,,,,,,,80 a 120 mil,PICKUP,Fiat,2025,FLEX
1083188,1083188,Fiat Fastback Impetus 1.0 200 T. Flex Aut,"Fiat Fastback Impetus 1.0 200 T. Flex Aut — Ano 2023, 71.000 km, cor Cinza. Seminovo com procedência, revisado e com garantia da loja. Thiago Veículos, em Rio Verde-GO. Agende sua visita ou chame no WhatsApp que a gente te atende rapidinho.",in stock,used,106990.00 BRL,,https://thiagoveiculosrv.com.br/carros/fiat/fastback-impetus-1-0-200-t-flex-aut/2023/1083188,Fiat,Fastback,Impetus 1.0 200 T. Flex Aut,2023,SUV,USED,KM,71000,Cinza,AUTOMATIC,FLEX,"Avenida Paulo Roberto Cunha, Quadra L Lote 15",Rio Verde,GO,75901-648,BR,Rio Verde,-17.7975,-50.9266,thiago-veiculos-rv,Thiago Veículos,1083188,https://resized-images.autoconf.com.br/1000x750/filters:format(jpg)/veiculos/fotos/1083188/8759b8af-f81f-44d2-9e11-385cd9345f46.jpg,Fiat Fastback Impetus 1.0 200 T. Flex Aut,https://resized-images.autoconf.com.br/1000x750/filters:format(jpg)/veiculos/fotos/1083188/17e819de-e644-46df-91cc-f383da36aa54.jpg,https://resized-images.autoconf.com.br/1000x750/filters:format(jpg)/veiculos/fotos/1083188/2512061e-2a48-4bff-9a49-01dd466f7dfe.jpg,https://resized-images.autoconf.com.br/1000x750/filters:format(jpg)/veiculos/fotos/1083188/e768acfd-a071-40a2-8e82-fca1636e302f.jpg,https://resized-images.autoconf.com.br/1000x750/filters:format(jpg)/veiculos/fotos/1083188/3fdfdcab-74fe-4bd7-bbbd-5f3dd2f3ae22.jpg,https://resized-images.autoconf.com.br/1000x750/filters:format(jpg)/veiculos/fotos/1083188/1c259e9e-c41d-4948-b828-7c7d57f93535.jpg,https://resized-images.autoconf.com.br/1000x750/filters:format(jpg)/veiculos/fotos/1083188/36bf7f34-9264-43ce-a86a-a19aa8abca0d.jpg,https://resized-images.autoconf.com.br/1000x750/filters:format(jpg)/veiculos/fotos/1083188/b2720500-9881-4319-9b14-dab8c456411b.jpg,https://resized-images.autoconf.com.br/1000x750/filters:format(jpg)/veiculos/fotos/1083188/1a196a80-837c-4ef6-b452-e77c841a7258.jpg,,,,,,,,,,,,80 a 120 mil,SUV,Fiat,2023,FLEX
1083195,1083195,Chevrolet CRUZE LT 1.8 16V FlexPower 4p Aut.,"Chevrolet CRUZE LT 1.8 16V FlexPower 4p Aut. — Ano 2012, 105.000 km, cor Preto. Seminovo com procedência, revisado e com garantia da loja. Thiago Veículos, em Rio Verde-GO. Agende sua visita ou chame no WhatsApp que a gente te atende rapidinho.",in stock,used,50990.00 BRL,,https://thiagoveiculosrv.com.br/carros/gm-chevrolet/cruze-lt-1-8-16v-flexpower-4p-aut/2012/1083195,Chevrolet,CRUZE,LT 1.8 16V FlexPower 4p Aut.,2012,SEDAN,USED,KM,105000,Preto,AUTOMATIC,FLEX,"Avenida Paulo Roberto Cunha, Quadra L Lote 15",Rio Verde,GO,75901-648,BR,Rio Verde,-17.7975,-50.9266,thiago-veiculos-rv,Thiago Veículos,1083195,https://resized-images.autoconf.com.br/1000x750/filters:format(jpg)/veiculos/fotos/1083195/bc3de780-abc7-4b8a-b147-7dc6c485e07a.jpg,Chevrolet CRUZE LT 1.8 16V FlexPower 4p Aut.,https://resized-images.autoconf.com.br/1000x750/filters:format(jpg)/veiculos/fotos/1083195/98466d36-2e37-44da-9e4a-1fc02bb9512f.jpg,https://resized-images.autoconf.com.br/1000x750/filters:format(jpg)/veiculos/fotos/1083195/72d59038-3625-4d1b-bc75-07ebc285169d.jpg,https://resized-images.autoconf.com.br/1000x750/filters:format(jpg)/veiculos/fotos/1083195/5b7a731a-4249-4c0c-bf61-c067a9327d7a.jpg,https://resized-images.autoconf.com.br/1000x750/filters:format(jpg)/veiculos/fotos/1083195/74dd6fd8-f889-429c-ae70-29ce1246b091.jpg,https://resized-images.autoconf.com.br/1000x750/filters:format(jpg)/veiculos/fotos/1083195/b6607b45-e2c8-4e18-91a3-e79ae17dc503.jpg,https://resized-images.autoconf.com.br/1000x750/filters:format(jpg)/veiculos/fotos/1083195/b71c3b5d-6890-4d37-9bdf-647b39e3fbee.jpg,https://resized-images.autoconf.com.br/1000x750/filters:format(jpg)/veiculos/fotos/1083195/f992b478-949d-4235-9021-f5369bb254e3.jpg,https://resized-images.autoconf.com.br/1000x750/filters:format(jpg)/veiculos/fotos/1083195/e0ac926d-cf49-4e40-82c5-1832b9c7619e.jpg,,,,,,,,,,,,50 a 80 mil,SEDAN,Chevrolet,2012,FLEX
1083824,1083824,Volkswagen Golf Highline 1.4 TSI Total Flex Aut.,"Volkswagen Golf Highline 1.4 TSI Total Flex Aut. — Ano 2016, 119.567 km, cor Branco. Seminovo com procedência, revisado e com garantia da loja. Thiago Veículos, em Rio Verde-GO. Agende sua visita ou chame no WhatsApp que a gente te atende rapidinho.",in stock,used,84990.00 BRL,,https://thiagoveiculosrv.com.br/carros/vw-volkswagen/golf-highline-1-4-tsi-total-flex-aut/2016/1083824,Volkswagen,Golf,Highline 1.4 TSI Total Flex Aut.,2016,HATCHBACK,USED,KM,119567,Branco,AUTOMATIC,FLEX,"Avenida Paulo Roberto Cunha, Quadra L Lote 15",Rio Verde,GO,75901-648,BR,Rio Verde,-17.7975,-50.9266,thiago-veiculos-rv,Thiago Veículos,1083824,https://resized-images.autoconf.com.br/1000x750/filters:format(jpg)/veiculos/fotos/1083824/e55621a7-ddd0-4981-906a-fe1576fdb453.jpg,Volkswagen Golf Highline 1.4 TSI Total Flex Aut.,https://resized-images.autoconf.com.br/1000x750/filters:format(jpg)/veiculos/fotos/1083824/4f4c46db-a04e-4601-990e-226cc4e9baf6.jpg,https://resized-images.autoconf.com.br/1000x750/filters:format(jpg)/veiculos/fotos/1083824/3a78208e-b8c6-4ff0-82c1-4a248e0e63ab.jpg,https://resized-images.autoconf.com.br/1000x750/filters:format(jpg)/veiculos/fotos/1083824/9aee269a-b365-4188-ac74-0262a83d00c7.jpg,https://resized-images.autoconf.com.br/1000x750/filters:format(jpg)/veiculos/fotos/1083824/f7439f7e-d0b8-4f43-8904-85a5021bf716.jpg,https://resized-images.autoconf.com.br/1000x750/filters:format(jpg)/veiculos/fotos/1083824/78d88cf8-a86c-47e5-be6c-a10a26fb3a3f.jpg,https://resized-images.autoconf.com.br/1000x750/filters:format(jpg)/veiculos/fotos/1083824/ba57b8b4-6d92-42bd-bbcc-09a902804ad2.jpg,https://resized-images.autoconf.com.br/1000x750/filters:format(jpg)/veiculos/fotos/1083824/57089549-b1c7-4068-92cf-40d59d5be2c4.jpg,https://resized-images.autoconf.com.br/1000x750/filters:format(jpg)/veiculos/fotos/1083824/39b620af-8027-4a7e-8ccd-6e56a16d188e.jpg,,,,,,,,,,,,80 a 120 mil,HATCHBACK,Volkswagen,2016,FLEX
1090445,1090445,Chevrolet ONIX HATCH LT 1.0 8V FlexPower 5p Mec.,"Chevrolet ONIX HATCH LT 1.0 8V FlexPower 5p Mec. — Ano 2019, 82.049 km, cor Prata. Seminovo com procedência, revisado e com garantia da loja. Thiago Veículos, em Rio Verde-GO. Agende sua visita ou chame no WhatsApp que a gente te atende rapidinho.",in stock,used,55990.00 BRL,,https://thiagoveiculosrv.com.br/carros/gm-chevrolet/onix-hatch-lt-1-0-8v-flexpower-5p-mec/2019/1090445,Chevrolet,ONIX,HATCH LT 1.0 8V FlexPower 5p Mec.,2019,HATCHBACK,USED,KM,82049,Prata,MANUAL,FLEX,"Avenida Paulo Roberto Cunha, Quadra L Lote 15",Rio Verde,GO,75901-648,BR,Rio Verde,-17.7975,-50.9266,thiago-veiculos-rv,Thiago Veículos,1090445,https://resized-images.autoconf.com.br/1000x750/filters:format(jpg)/veiculos/fotos/1090445/0a9650c5-f2cc-4dbb-a84a-eee1390e4f0c.jpg,Chevrolet ONIX HATCH LT 1.0 8V FlexPower 5p Mec.,https://resized-images.autoconf.com.br/1000x750/filters:format(jpg)/veiculos/fotos/1090445/f1ed7016-9155-4902-898c-abdd45920ef6.jpg,https://resized-images.autoconf.com.br/1000x750/filters:format(jpg)/veiculos/fotos/1090445/64197a8f-06bc-4cd5-9123-106a880bf48e.jpg,https://resized-images.autoconf.com.br/1000x750/filters:format(jpg)/veiculos/fotos/1090445/3e30e18c-e4cb-4f5d-b06b-cdc707a143f8.jpg,https://resized-images.autoconf.com.br/1000x750/filters:format(jpg)/veiculos/fotos/1090445/a88af0eb-75c4-4c8e-908f-0cf8a4ce7363.jpg,https://resized-images.autoconf.com.br/1000x750/filters:format(jpg)/veiculos/fotos/1090445/aaa105b2-7153-4665-aaf6-63dd8144c632.jpg,https://resized-images.autoconf.com.br/1000x750/filters:format(jpg)/veiculos/fotos/1090445/c3e6c9bd-ed0c-40a6-8102-58165d5ad74d.jpg,https://resized-images.autoconf.com.br/1000x750/filters:format(jpg)/veiculos/fotos/1090445/a54ae723-2cb3-416a-bdab-c9cd21fdd079.jpg,https://resized-images.autoconf.com.br/1000x750/filters:format(jpg)/veiculos/fotos/1090445/50fbb4e8-1fe0-4d2b-90e2-188e34eaeb3a.jpg,,,,,,,,,,,,50 a 80 mil,HATCHBACK,Chevrolet,2019,FLEX
1091197,1091197,Volkswagen Polo Sedan 1.6 Mi Total Flex 8V 4p,"Volkswagen Polo Sedan 1.6 Mi Total Flex 8V 4p — Ano 2008, 157.706 km, cor Prata. Seminovo com procedência, revisado e com garantia da loja. Thiago Veículos, em Rio Verde-GO. Agende sua visita ou chame no WhatsApp que a gente te atende rapidinho.",in stock,used,34990.00 BRL,,https://thiagoveiculosrv.com.br/carros/vw-volkswagen/polo-sedan-1-6-mi-total-flex-8v-4p/2008/1091197,Volkswagen,Polo,Sedan 1.6 Mi Total Flex 8V 4p,2008,SEDAN,USED,KM,157706,Prata,MANUAL,FLEX,"Avenida Paulo Roberto Cunha, Quadra L Lote 15",Rio Verde,GO,75901-648,BR,Rio Verde,-17.7975,-50.9266,thiago-veiculos-rv,Thiago Veículos,1091197,https://resized-images.autoconf.com.br/1000x750/filters:format(jpg)/veiculos/fotos/1091197/fd396d5c-779f-4838-9d86-57bb7514cb1b.jpg,Volkswagen Polo Sedan 1.6 Mi Total Flex 8V 4p,https://resized-images.autoconf.com.br/1000x750/filters:format(jpg)/veiculos/fotos/1091197/189e9259-4cc1-4c34-a428-def35e6c3bba.jpg,https://resized-images.autoconf.com.br/1000x750/filters:format(jpg)/veiculos/fotos/1091197/f351b352-87fc-4fa9-b649-c3696b206be0.jpg,https://resized-images.autoconf.com.br/1000x750/filters:format(jpg)/veiculos/fotos/1091197/fb65e8fc-1632-4552-94be-d4efd273a5fc.jpg,https://resized-images.autoconf.com.br/1000x750/filters:format(jpg)/veiculos/fotos/1091197/c9e81e22-a225-4a4d-8ce9-bc40ed18877e.jpg,https://resized-images.autoconf.com.br/1000x750/filters:format(jpg)/veiculos/fotos/1091197/c3b358f7-99e7-413c-8181-ce274521f5dd.jpg,https://resized-images.autoconf.com.br/1000x750/filters:format(jpg)/veiculos/fotos/1091197/60ed4983-99ee-4c20-b45a-0a3388b11a8a.jpg,https://resized-images.autoconf.com.br/1000x750/filters:format(jpg)/veiculos/fotos/1091197/deaf5b90-b72d-4a8d-a2d7-fe7a39e6e699.jpg,https://resized-images.autoconf.com.br/1000x750/filters:format(jpg)/veiculos/fotos/1091197/0fbe7d24-3fbe-4ecc-8665-ac625db66978.jpg,,,,,,,,,,,,Até 50 mil,SEDAN,Volkswagen,2008,FLEX
1091776,1091776,Volkswagen TIGUAN 2.0 TSI 16V 200cv Tiptronic 5p,"Volkswagen TIGUAN 2.0 TSI 16V 200cv Tiptronic 5p — Ano 2012, 108.564 km, cor Branco. Seminovo com procedência, revisado e com garantia da loja. Thiago Veículos, em Rio Verde-GO. Agende sua visita ou chame no WhatsApp que a gente te atende rapidinho.",in stock,used,55990.00 BRL,,https://thiagoveiculosrv.com.br/carros/vw-volkswagen/tiguan-2-0-tsi-16v-200cv-tiptronic-5p/2012/1091776,Volkswagen,TIGUAN,2.0 TSI 16V 200cv Tiptronic 5p,2012,SUV,USED,KM,108564,Branco,AUTOMATIC,GASOLINE,"Avenida Paulo Roberto Cunha, Quadra L Lote 15",Rio Verde,GO,75901-648,BR,Rio Verde,-17.7975,-50.9266,thiago-veiculos-rv,Thiago Veículos,1091776,,,,,,,,,,,,,,,,,,,,,,50 a 80 mil,SUV,Volkswagen,2012,GASOLINE
372789,372789,Ford 1.6 MPI TREND SEDAN 8V FLEX 4P MANUAL,"Ford 1.6 MPI TREND SEDAN 8V FLEX 4P MANUAL — Ano 2010, 150.132 km, cor Prata. Seminovo com procedência, revisado e com garantia da loja. Thiago Veículos, em Rio Verde-GO. Agende sua visita ou chame no WhatsApp que a gente te atende rapidinho.",in stock,used,33990.00 BRL,,https://thiagoveiculosrv.com.br/carros/ford/16-mpi-trend-sedan-8v-flex-4p-manual/2010/372789,Ford,1.6,MPI TREND SEDAN 8V FLEX 4P MANUAL,2010,SEDAN,USED,KM,150132,Prata,MANUAL,FLEX,"Avenida Paulo Roberto Cunha, Quadra L Lote 15",Rio Verde,GO,75901-648,BR,Rio Verde,-17.7975,-50.9266,thiago-veiculos-rv,Thiago Veículos,372789,https://resized-images.autoconf.com.br/1000x750/filters:format(jpg)/veiculos/fotos/372789/f27a2b1f-a1e2-4fed-9ef8-6b63265ea10d.jpg,Ford 1.6 MPI TREND SEDAN 8V FLEX 4P MANUAL,https://resized-images.autoconf.com.br/1000x750/filters:format(jpg)/veiculos/fotos/372789/badc285d-1b63-4524-8ef6-daf15892c2f7.jpg,https://resized-images.autoconf.com.br/1000x750/filters:format(jpg)/veiculos/fotos/372789/26c3d4a3-096b-4a98-ab99-7dbc13f5735d.jpg,https://resized-images.autoconf.com.br/1000x750/filters:format(jpg)/veiculos/fotos/372789/90ebebdd-08dc-4457-8260-a825460c7c01.jpg,https://resized-images.autoconf.com.br/1000x750/filters:format(jpg)/veiculos/fotos/372789/a1ef0256-3ef7-4d0f-a20f-71ca242960dc.jpg,https://resized-images.autoconf.com.br/1000x750/filters:format(jpg)/veiculos/fotos/372789/557886ce-88fd-45a5-9e51-1d883534204d.jpg,https://resized-images.autoconf.com.br/1000x750/filters:format(jpg)/veiculos/fotos/372789/827dcd16-3c38-475a-948f-426320fdbac3.jpg,https://resized-images.autoconf.com.br/1000x750/filters:format(jpg)/veiculos/fotos/372789/6378069e-5d7a-4e35-b006-b0d00bd139e3.jpg,https://resized-images.autoconf.com.br/1000x750/filters:format(jpg)/veiculos/fotos/372789/1b78672e-67ae-4802-b65b-17222b4863d1.jpg,https://resized-images.autoconf.com.br/1000x750/filters:format(jpg)/veiculos/fotos/372789/6fcb27f6-c5aa-42d4-bbd4-a299bcb1d92d.jpg,,,,,,,,,,,Até 50 mil,SEDAN,Ford,2010,FLEX
380245,380245,Mitsubishi L200 Triton HPE 3.2 CD TB Int.Diesel Aut,"Mitsubishi L200 Triton HPE 3.2 CD TB Int.Diesel Aut — Ano 2015, 160.067 km, cor Prata. Seminovo com procedência, revisado e com garantia da loja. Thiago Veículos, em Rio Verde-GO. Agende sua visita ou chame no WhatsApp que a gente te atende rapidinho.",in stock,used,119990.00 BRL,,https://thiagoveiculosrv.com.br/carros/mitsubishi/l200-triton-hpe-3-2-cd-tb-int-diesel-aut/2015/380245,Mitsubishi,L200,Triton HPE 3.2 CD TB Int.Diesel Aut,2015,PICKUP,USED,KM,160067,Prata,AUTOMATIC,DIESEL,"Avenida Paulo Roberto Cunha, Quadra L Lote 15",Rio Verde,GO,75901-648,BR,Rio Verde,-17.7975,-50.9266,thiago-veiculos-rv,Thiago Veículos,380245,https://resized-images.autoconf.com.br/1000x750/filters:format(jpg)/veiculos/fotos/380245/602a29ea-f105-4c84-96c8-e58c72dd5f70.jpg,Mitsubishi L200 Triton HPE 3.2 CD TB Int.Diesel Aut,https://resized-images.autoconf.com.br/1000x750/filters:format(jpg)/veiculos/fotos/380245/b6094aa6-bccd-4a4f-9d6d-f97a4cdb7bf1.jpg,https://resized-images.autoconf.com.br/1000x750/filters:format(jpg)/veiculos/fotos/380245/b7cf03cd-70dd-41af-b7c1-1c9c6b007e78.jpg,https://resized-images.autoconf.com.br/1000x750/filters:format(jpg)/veiculos/fotos/380245/772f4ec6-0725-4599-8e2f-fbcb93e89f97.jpg,https://resized-images.autoconf.com.br/1000x750/filters:format(jpg)/veiculos/fotos/380245/cdcacc93-de64-458c-b694-ad9d942f0c17.jpg,https://resized-images.autoconf.com.br/1000x750/filters:format(jpg)/veiculos/fotos/380245/5cc0507a-3807-40c2-87b7-8cca3e18a801.jpg,https://resized-images.autoconf.com.br/1000x750/filters:format(jpg)/veiculos/fotos/380245/de71967e-18ce-4038-b2da-8cbda3e75281.jpg,https://resized-images.autoconf.com.br/1000x750/filters:format(jpg)/veiculos/fotos/380245/7e72ee0f-6aa5-4d23-a745-bf78178bf00e.jpg,https://resized-images.autoconf.com.br/1000x750/filters:format(jpg)/veiculos/fotos/380245/91c93304-c8fd-49f6-9df5-cc31ee75d271.jpg,,,,,,,,,,,,80 a 120 mil,PICKUP,Mitsubishi,2015,DIESEL
425405,425405,Honda Civic Sedan EXL 2.0 Flex 16V Aut.4p,"Honda Civic Sedan EXL 2.0 Flex 16V Aut.4p — Ano 2019, 98.000 km, cor Cinza. Seminovo com procedência, revisado e com garantia da loja. Thiago Veículos, em Rio Verde-GO. Agende sua visita ou chame no WhatsApp que a gente te atende rapidinho.",in stock,used,111900.00 BRL,,https://thiagoveiculosrv.com.br/carros/honda/civic-sedan-exl-2-0-flex-16v-aut-4p/2019/425405,Honda,Civic,Sedan EXL 2.0 Flex 16V Aut.4p,2019,HATCHBACK,USED,KM,98000,Cinza,AUTOMATIC,FLEX,"Avenida Paulo Roberto Cunha, Quadra L Lote 15",Rio Verde,GO,75901-648,BR,Rio Verde,-17.7975,-50.9266,thiago-veiculos-rv,Thiago Veículos,425405,https://resized-images.autoconf.com.br/1000x750/filters:format(jpg)/veiculos/fotos/425405/0dea10b5-2d81-406d-b76a-3550d285ef12.jpg,Honda Civic Sedan EXL 2.0 Flex 16V Aut.4p,https://resized-images.autoconf.com.br/1000x750/filters:format(jpg)/veiculos/fotos/425405/0e77068c-881a-493c-9426-c11251a04531.jpg,https://resized-images.autoconf.com.br/1000x750/filters:format(jpg)/veiculos/fotos/425405/c6d44b64-877f-48c6-9bd3-49fab311f42c.jpg,https://resized-images.autoconf.com.br/1000x750/filters:format(jpg)/veiculos/fotos/425405/41f2eb8a-1a61-472b-a1b4-6a33597c5ee1.jpg,https://resized-images.autoconf.com.br/1000x750/filters:format(jpg)/veiculos/fotos/425405/c1c79312-01f1-48ae-8be7-8f716f5e4916.jpg,https://resized-images.autoconf.com.br/1000x750/filters:format(jpg)/veiculos/fotos/425405/d5ab564a-014d-4137-b974-56814d113049.jpg,https://resized-images.autoconf.com.br/1000x750/filters:format(jpg)/veiculos/fotos/425405/5ffb59a5-1898-49ec-96db-b10feb78cddc.jpg,https://resized-images.autoconf.com.br/1000x750/filters:format(jpg)/veiculos/fotos/425405/7071dc10-826f-41c0-af51-b3e094ba5e54.jpg,https://resized-images.autoconf.com.br/1000x750/filters:format(jpg)/veiculos/fotos/425405/b1e14937-a160-47d1-9147-7a290742b35b.jpg,,,,,,,,,,,,80 a 120 mil,HATCHBACK,Honda,2019,FLEX
443105,443105,Chevrolet S10 Pick-Up LTZ 2.5 Flex 4x4 CD,"Chevrolet S10 Pick-Up LTZ 2.5 Flex 4x4 CD — Ano 2017, 153.625 km, cor Preto. Seminovo com procedência, revisado e com garantia da loja. Thiago Veículos, em Rio Verde-GO. Agende sua visita ou chame no WhatsApp que a gente te atende rapidinho.",in stock,used,139990.00 BRL,,https://thiagoveiculosrv.com.br/carros/gm-chevrolet/s10-pick-up-ltz-2-5-flex-4x4-cd/2017/443105,Chevrolet,S10,Pick-Up LTZ 2.5 Flex 4x4 CD,2017,PICKUP,USED,KM,153625,Preto,MANUAL,FLEX,"Avenida Paulo Roberto Cunha, Quadra L Lote 15",Rio Verde,GO,75901-648,BR,Rio Verde,-17.7975,-50.9266,thiago-veiculos-rv,Thiago Veículos,443105,https://resized-images.autoconf.com.br/1000x750/filters:format(jpg)/veiculos/fotos/443105/801827a2-218c-402a-94b6-0a8696af3324.jpg,Chevrolet S10 Pick-Up LTZ 2.5 Flex 4x4 CD,https://resized-images.autoconf.com.br/1000x750/filters:format(jpg)/veiculos/fotos/443105/023d8dad-b91c-49f3-b32f-663f5222e6c0.jpg,https://resized-images.autoconf.com.br/1000x750/filters:format(jpg)/veiculos/fotos/443105/1fbe2fdf-8859-4095-a0be-99ff17824ce9.jpg,https://resized-images.autoconf.com.br/1000x750/filters:format(jpg)/veiculos/fotos/443105/3f19d7d2-fcda-401e-be50-8618afa0ce5a.jpg,https://resized-images.autoconf.com.br/1000x750/filters:format(jpg)/veiculos/fotos/443105/d44f63b7-ee28-4642-93e3-8abd61f9d832.jpg,https://resized-images.autoconf.com.br/1000x750/filters:format(jpg)/veiculos/fotos/443105/ab842513-f593-4905-be75-f20a1e8add8c.jpg,https://resized-images.autoconf.com.br/1000x750/filters:format(jpg)/veiculos/fotos/443105/032e43b3-9b20-495b-bdc2-ded832b8b719.jpg,https://resized-images.autoconf.com.br/1000x750/filters:format(jpg)/veiculos/fotos/443105/e438c3b2-47e2-454d-a8fb-a5eeaa06d641.jpg,https://resized-images.autoconf.com.br/1000x750/filters:format(jpg)/veiculos/fotos/443105/e2740261-9b58-4ed6-88f3-7cc18764112f.jpg,,,,,,,,,,,,120 a 200 mil,PICKUP,Chevrolet,2017,FLEX
467029,467029,Volkswagen VOYAGE 1.6 MSI Flex 8V 4p,"Volkswagen VOYAGE 1.6 MSI Flex 8V 4p — Ano 2022, 34.162 km, cor Branco. Seminovo com procedência, revisado e com garantia da loja. Thiago Veículos, em Rio Verde-GO. Agende sua visita ou chame no WhatsApp que a gente te atende rapidinho.",in stock,used,68990.00 BRL,,https://thiagoveiculosrv.com.br/carros/vw-volkswagen/voyage-1-6-msi-flex-8v-4p/2022/467029,Volkswagen,VOYAGE,1.6 MSI Flex 8V 4p,2022,CONVERTIBLE,USED,KM,34162,Branco,MANUAL,FLEX,"Avenida Paulo Roberto Cunha, Quadra L Lote 15",Rio Verde,GO,75901-648,BR,Rio Verde,-17.7975,-50.9266,thiago-veiculos-rv,Thiago Veículos,467029,https://resized-images.autoconf.com.br/1000x750/filters:format(jpg)/veiculos/fotos/467029/6cb5e5b5-db07-46fb-869c-90d2ea0e0baf.jpg,Volkswagen VOYAGE 1.6 MSI Flex 8V 4p,https://resized-images.autoconf.com.br/1000x750/filters:format(jpg)/veiculos/fotos/467029/1d064460-2997-4b4d-8403-4e398a19dbd7.jpg,https://resized-images.autoconf.com.br/1000x750/filters:format(jpg)/veiculos/fotos/467029/6828fe1e-4a28-487e-ab41-2a2b9689b3c6.jpg,https://resized-images.autoconf.com.br/1000x750/filters:format(jpg)/veiculos/fotos/467029/5e85079b-b84f-4eb1-a74e-63d0563b99dc.jpg,https://resized-images.autoconf.com.br/1000x750/filters:format(jpg)/veiculos/fotos/467029/dce2c61c-96d9-4c89-afd7-78cf62fcee62.jpg,https://resized-images.autoconf.com.br/1000x750/filters:format(jpg)/veiculos/fotos/467029/532fad57-6e80-473c-bd32-6894b9c76356.jpg,https://resized-images.autoconf.com.br/1000x750/filters:format(jpg)/veiculos/fotos/467029/6d756f45-732a-460b-a905-f81cb0b4fcb7.jpg,https://resized-images.autoconf.com.br/1000x750/filters:format(jpg)/veiculos/fotos/467029/957f96e6-c689-4bf5-ae23-3739d27155bf.jpg,https://resized-images.autoconf.com.br/1000x750/filters:format(jpg)/veiculos/fotos/467029/cc99a20d-5b24-4379-88ae-104f29a7f3f1.jpg,,,,,,,,,,,,50 a 80 mil,CONVERTIBLE,Volkswagen,2022,FLEX
472278,472278,Chevrolet ONIX HATCH PREM. 1.0 12V TB Flex 5p Aut.,"Chevrolet ONIX HATCH PREM. 1.0 12V TB Flex 5p Aut. — Ano 2020, 78.900 km, cor Prata. Seminovo com procedência, revisado e com garantia da loja. Thiago Veículos, em Rio Verde-GO. Agende sua visita ou chame no WhatsApp que a gente te atende rapidinho.",in stock,used,74990.00 BRL,,https://thiagoveiculosrv.com.br/carros/gm-chevrolet/onix-hatch-prem-1-0-12v-tb-flex-5p-aut/2020/472278,Chevrolet,ONIX,HATCH PREM. 1.0 12V TB Flex 5p Aut.,2020,HATCHBACK,USED,KM,78900,Prata,AUTOMATIC,FLEX,"Avenida Paulo Roberto Cunha, Quadra L Lote 15",Rio Verde,GO,75901-648,BR,Rio Verde,-17.7975,-50.9266,thiago-veiculos-rv,Thiago Veículos,472278,https://resized-images.autoconf.com.br/1000x750/filters:format(jpg)/veiculos/fotos/472278/9ceea17a-09f0-42a8-98cd-3914890e6c29.jpg,Chevrolet ONIX HATCH PREM. 1.0 12V TB Flex 5p Aut.,https://resized-images.autoconf.com.br/1000x750/filters:format(jpg)/veiculos/fotos/472278/ea76f07f-796a-4b95-8a2b-491d11ce636a.jpg,https://resized-images.autoconf.com.br/1000x750/filters:format(jpg)/veiculos/fotos/472278/f09b9cfb-bcff-45d3-b234-d47b2d02955f.jpg,https://resized-images.autoconf.com.br/1000x750/filters:format(jpg)/veiculos/fotos/472278/b65ef432-33db-41b9-9448-e1101b34d834.jpg,https://resized-images.autoconf.com.br/1000x750/filters:format(jpg)/veiculos/fotos/472278/910221b3-01e4-4dcb-ba60-76d4c5655df8.jpg,https://resized-images.autoconf.com.br/1000x750/filters:format(jpg)/veiculos/fotos/472278/ed785112-6558-4de7-b157-259918e975b3.jpg,https://resized-images.autoconf.com.br/1000x750/filters:format(jpg)/veiculos/fotos/472278/0640e33c-6764-4cf4-86d8-147df0b8796f.jpg,https://resized-images.autoconf.com.br/1000x750/filters:format(jpg)/veiculos/fotos/472278/19c1906c-4410-40e0-a7c9-d1d69f383e90.jpg,https://resized-images.autoconf.com.br/1000x750/filters:format(jpg)/veiculos/fotos/472278/51d523ac-9fc8-4d3b-89cd-275930b1245b.jpg,,,,,,,,,,,,50 a 80 mil,HATCHBACK,Chevrolet,2020,FLEX
490468,490468,Honda Fit EX/S/EX 1.5 Flex/Flexone 16V 5p Aut.,"Honda Fit EX/S/EX 1.5 Flex/Flexone 16V 5p Aut. — Ano 2020, 71.085 km, cor Branco. Seminovo com procedência, revisado e com garantia da loja. Thiago Veículos, em Rio Verde-GO. Agende sua visita ou chame no WhatsApp que a gente te atende rapidinho.",in stock,used,79990.00 BRL,,https://thiagoveiculosrv.com.br/carros/honda/fit-ex-s-ex-1-5-flex-flexone-16v-5p-aut/2020/490468,Honda,Fit,EX/S/EX 1.5 Flex/Flexone 16V 5p Aut.,2020,SEDAN,USED,KM,71085,Branco,AUTOMATIC,FLEX,"Avenida Paulo Roberto Cunha, Quadra L Lote 15",Rio Verde,GO,75901-648,BR,Rio Verde,-17.7975,-50.9266,thiago-veiculos-rv,Thiago Veículos,490468,https://resized-images.autoconf.com.br/1000x750/filters:format(jpg)/veiculos/fotos/490468/f333af42-be99-4cb3-b79c-baf95f15d1af.jpg,Honda Fit EX/S/EX 1.5 Flex/Flexone 16V 5p Aut.,https://resized-images.autoconf.com.br/1000x750/filters:format(jpg)/veiculos/fotos/490468/876c6c15-0ca9-44b0-83f0-d9401089fbbf.jpg,https://resized-images.autoconf.com.br/1000x750/filters:format(jpg)/veiculos/fotos/490468/de1e41af-b6d9-4d15-aa72-b923c61d3bb6.jpg,https://resized-images.autoconf.com.br/1000x750/filters:format(jpg)/veiculos/fotos/490468/9edf9fb7-8af3-425c-9046-ed583f6a4717.jpg,https://resized-images.autoconf.com.br/1000x750/filters:format(jpg)/veiculos/fotos/490468/f0d8efeb-eba3-453e-9227-56573884e957.jpg,https://resized-images.autoconf.com.br/1000x750/filters:format(jpg)/veiculos/fotos/490468/f7ef0cb6-6e2f-4ae4-9678-9c380647997f.jpg,https://resized-images.autoconf.com.br/1000x750/filters:format(jpg)/veiculos/fotos/490468/927ab86a-8b0a-45ee-8902-fa481f310899.jpg,https://resized-images.autoconf.com.br/1000x750/filters:format(jpg)/veiculos/fotos/490468/67823588-6e15-4fca-955d-587a9e729a3b.jpg,https://resized-images.autoconf.com.br/1000x750/filters:format(jpg)/veiculos/fotos/490468/1c8e04cf-609c-4242-aba4-82c6236ce014.jpg,,,,,,,,,,,,50 a 80 mil,SEDAN,Honda,2020,FLEX
500451,500451,Toyota Corolla XEi 2.0 Flex 16V Aut.,"Toyota Corolla XEi 2.0 Flex 16V Aut. — Ano 2022, 48.568 km, cor Preto. Seminovo com procedência, revisado e com garantia da loja. Thiago Veículos, em Rio Verde-GO. Agende sua visita ou chame no WhatsApp que a gente te atende rapidinho.",in stock,used,119990.00 BRL,,https://thiagoveiculosrv.com.br/carros/toyota/corolla-xei-2-0-flex-16v-aut/2022/500451,Toyota,Corolla,XEi 2.0 Flex 16V Aut.,2022,CONVERTIBLE,USED,KM,48568,Preto,AUTOMATIC,FLEX,"Avenida Paulo Roberto Cunha, Quadra L Lote 15",Rio Verde,GO,75901-648,BR,Rio Verde,-17.7975,-50.9266,thiago-veiculos-rv,Thiago Veículos,500451,https://resized-images.autoconf.com.br/1000x750/filters:format(jpg)/veiculos/fotos/500451/83fc5978-772f-4234-a149-e781cf31e4c0.jpg,Toyota Corolla XEi 2.0 Flex 16V Aut.,https://resized-images.autoconf.com.br/1000x750/filters:format(jpg)/veiculos/fotos/500451/61ad14bc-89e4-4f74-84b1-f27bc3f9e52c.jpg,https://resized-images.autoconf.com.br/1000x750/filters:format(jpg)/veiculos/fotos/500451/6b6554d2-302d-4e86-b64d-968ad834c279.jpg,https://resized-images.autoconf.com.br/1000x750/filters:format(jpg)/veiculos/fotos/500451/5bc0709b-ae02-4272-bd1a-2e752211be7c.jpg,https://resized-images.autoconf.com.br/1000x750/filters:format(jpg)/veiculos/fotos/500451/83bdff1d-475a-4801-b07a-833cd60ea461.jpg,https://resized-images.autoconf.com.br/1000x750/filters:format(jpg)/veiculos/fotos/500451/1d6e1621-beaa-4d9c-a9d2-4c68e9d77d84.jpg,https://resized-images.autoconf.com.br/1000x750/filters:format(jpg)/veiculos/fotos/500451/639fa1c6-33da-49f7-80af-d2ebed9deb76.jpg,https://resized-images.autoconf.com.br/1000x750/filters:format(jpg)/veiculos/fotos/500451/6c53d43b-1b4f-488a-8558-735b8ecd6711.jpg,,,,,,,,,,,,,80 a 120 mil,CONVERTIBLE,Toyota,2022,FLEX
561504,561504,Porsche Cayenne S 4.5/4.8,"Porsche Cayenne S 4.5/4.8 — Ano 2009, 76.200 km, cor Prata. Seminovo com procedência, revisado e com garantia da loja. Thiago Veículos, em Rio Verde-GO. Agende sua visita ou chame no WhatsApp que a gente te atende rapidinho.",in stock,used,99990.00 BRL,,https://thiagoveiculosrv.com.br/carros/porsche/cayenne-s-4-5-4-8/2009/561504,Porsche,Cayenne,S 4.5/4.8,2009,SUV,USED,KM,76200,Prata,AUTOMATIC,FLEX,"Avenida Paulo Roberto Cunha, Quadra L Lote 15",Rio Verde,GO,75901-648,BR,Rio Verde,-17.7975,-50.9266,thiago-veiculos-rv,Thiago Veículos,561504,https://resized-images.autoconf.com.br/1000x750/filters:format(jpg)/veiculos/fotos/561504/7475dbd2-f505-49d2-a32f-ea2aea6fd31f.jpg,Porsche Cayenne S 4.5/4.8,https://resized-images.autoconf.com.br/1000x750/filters:format(jpg)/veiculos/fotos/561504/23eaabb1-d80e-4cd0-93a2-23013320e939.jpg,https://resized-images.autoconf.com.br/1000x750/filters:format(jpg)/veiculos/fotos/561504/248b9d11-1485-44bb-ac4c-beda2c97277b.jpg,https://resized-images.autoconf.com.br/1000x750/filters:format(jpg)/veiculos/fotos/561504/d9e676dc-5ca1-43c7-b6f7-159f1c8a4941.jpg,https://resized-images.autoconf.com.br/1000x750/filters:format(jpg)/veiculos/fotos/561504/1c89d417-becc-4e2f-87a7-5b81b9c13b81.jpg,https://resized-images.autoconf.com.br/1000x750/filters:format(jpg)/veiculos/fotos/561504/6520f218-a910-463f-815a-b20511ead4d9.jpg,https://resized-images.autoconf.com.br/1000x750/filters:format(jpg)/veiculos/fotos/561504/bfbf5966-88dc-4d13-928b-eb14b74efc20.jpg,https://resized-images.autoconf.com.br/1000x750/filters:format(jpg)/veiculos/fotos/561504/caaf14e3-5948-46fe-89eb-86f982d4b1eb.jpg,https://resized-images.autoconf.com.br/1000x750/filters:format(jpg)/veiculos/fotos/561504/18ecc1b7-a765-468b-9fa9-4c0e4a521627.jpg,,,,,,,,,,,,80 a 120 mil,SUV,Porsche,2009,FLEX
562949,562949,Volkswagen Polo 1.0 MPI Flex 12V 5p,"Volkswagen Polo 1.0 MPI Flex 12V 5p — Ano 2024, 57.886 km, cor Branco. Seminovo com procedência, revisado e com garantia da loja. Thiago Veículos, em Rio Verde-GO. Agende sua visita ou chame no WhatsApp que a gente te atende rapidinho.",in stock,used,84990.00 BRL,,https://thiagoveiculosrv.com.br/carros/vw-volkswagen/polo-1-0-mpi-flex-12v-5p/2024/562949,Volkswagen,Polo,1.0 MPI Flex 12V 5p,2024,HATCHBACK,USED,KM,57886,Branco,MANUAL,FLEX,"Avenida Paulo Roberto Cunha, Quadra L Lote 15",Rio Verde,GO,75901-648,BR,Rio Verde,-17.7975,-50.9266,thiago-veiculos-rv,Thiago Veículos,562949,https://resized-images.autoconf.com.br/1000x750/filters:format(jpg)/veiculos/fotos/562949/76411fad-ec5b-4f5c-af39-ce826f7bc642.jpg,Volkswagen Polo 1.0 MPI Flex 12V 5p,https://resized-images.autoconf.com.br/1000x750/filters:format(jpg)/veiculos/fotos/562949/dc9d4a04-a50c-4277-a8e5-543890ab2b90.jpg,https://resized-images.autoconf.com.br/1000x750/filters:format(jpg)/veiculos/fotos/562949/2fe7fe16-2349-44e2-831e-d5ca3239bf07.jpg,https://resized-images.autoconf.com.br/1000x750/filters:format(jpg)/veiculos/fotos/562949/9bd50b9a-fbc1-4645-b287-5ecd1ac85919.jpg,https://resized-images.autoconf.com.br/1000x750/filters:format(jpg)/veiculos/fotos/562949/c911b5c7-601e-4d69-b93a-2ed5d0176157.jpg,https://resized-images.autoconf.com.br/1000x750/filters:format(jpg)/veiculos/fotos/562949/1156ee0f-6cdb-4493-a120-693b404b1f28.jpg,https://resized-images.autoconf.com.br/1000x750/filters:format(jpg)/veiculos/fotos/562949/decb1da7-9ab8-4eeb-8652-ded2fdf80ab3.jpg,https://resized-images.autoconf.com.br/1000x750/filters:format(jpg)/veiculos/fotos/562949/8556e2bc-1e0f-4d22-9539-421ef7f07222.jpg,https://resized-images.autoconf.com.br/1000x750/filters:format(jpg)/veiculos/fotos/562949/38b57ce7-e628-4bd0-bf51-1653ffac84c3.jpg,,,,,,,,,,,,80 a 120 mil,HATCHBACK,Volkswagen,2024,FLEX
586867,586867,Volkswagen Golf Comfortline 1.4 TSI 140cv Aut.,"Volkswagen Golf Comfortline 1.4 TSI 140cv Aut. — Ano 2014, 144.117 km, cor Preto. Seminovo com procedência, revisado e com garantia da loja. Thiago Veículos, em Rio Verde-GO. Agende sua visita ou chame no WhatsApp que a gente te atende rapidinho.",in stock,used,64990.00 BRL,,https://thiagoveiculosrv.com.br/carros/vw-volkswagen/golf-comfortline-1-4-tsi-140cv-aut/2014/586867,Volkswagen,Golf,Comfortline 1.4 TSI 140cv Aut.,2014,HATCHBACK,USED,KM,144117,Preto,AUTOMATIC,FLEX,"Avenida Paulo Roberto Cunha, Quadra L Lote 15",Rio Verde,GO,75901-648,BR,Rio Verde,-17.7975,-50.9266,thiago-veiculos-rv,Thiago Veículos,586867,https://resized-images.autoconf.com.br/1000x750/filters:format(jpg)/veiculos/fotos/586867/8079fd0a-6be1-446d-8902-eae6cd059827.jpg,Volkswagen Golf Comfortline 1.4 TSI 140cv Aut.,https://resized-images.autoconf.com.br/1000x750/filters:format(jpg)/veiculos/fotos/586867/89d65f33-645f-4ac4-8145-ca571117532b.jpg,https://resized-images.autoconf.com.br/1000x750/filters:format(jpg)/veiculos/fotos/586867/16121b1f-5c7b-41ae-9168-b401b8a97904.jpg,https://resized-images.autoconf.com.br/1000x750/filters:format(jpg)/veiculos/fotos/586867/59555420-15bf-4be7-a5c2-e24173a7208b.jpg,https://resized-images.autoconf.com.br/1000x750/filters:format(jpg)/veiculos/fotos/586867/1baab4b5-9e98-4a72-9e54-ea06adce2aeb.jpg,https://resized-images.autoconf.com.br/1000x750/filters:format(jpg)/veiculos/fotos/586867/a0ff0ec1-39f5-45fb-a8bc-112552762609.jpg,https://resized-images.autoconf.com.br/1000x750/filters:format(jpg)/veiculos/fotos/586867/52732bf6-7318-40b7-8f04-6cb3134dcd1a.jpg,https://resized-images.autoconf.com.br/1000x750/filters:format(jpg)/veiculos/fotos/586867/bbe912e2-b679-4b66-9289-8295f01bcf6d.jpg,https://resized-images.autoconf.com.br/1000x750/filters:format(jpg)/veiculos/fotos/586867/c1824e4a-2b06-479e-8b51-aa17bbc4a766.jpg,,,,,,,,,,,,50 a 80 mil,HATCHBACK,Volkswagen,2014,FLEX
631760,631760,Volkswagen T-Cross Hig. 250 TSI 1.4 Flex 16V 5p Aut,"Volkswagen T-Cross Hig. 250 TSI 1.4 Flex 16V 5p Aut — Ano 2021, 52.136 km, cor Branco. Seminovo com procedência, revisado e com garantia da loja. Thiago Veículos, em Rio Verde-GO. Agende sua visita ou chame no WhatsApp que a gente te atende rapidinho.",in stock,used,115990.00 BRL,,https://thiagoveiculosrv.com.br/carros/vw-volkswagen/t-cross-highline-1-4-tsi-flex-16v-5p-aut/2021/631760,Volkswagen,T-Cross,Hig. 250 TSI 1.4 Flex 16V 5p Aut,2021,SUV,USED,KM,52136,Branco,AUTOMATIC,FLEX,"Avenida Paulo Roberto Cunha, Quadra L Lote 15",Rio Verde,GO,75901-648,BR,Rio Verde,-17.7975,-50.9266,thiago-veiculos-rv,Thiago Veículos,631760,https://resized-images.autoconf.com.br/1000x750/filters:format(jpg)/veiculos/fotos/631760/0d03036c-c4cb-4c01-b528-297373be351b.jpg,Volkswagen T-Cross Hig. 250 TSI 1.4 Flex 16V 5p Aut,https://resized-images.autoconf.com.br/1000x750/filters:format(jpg)/veiculos/fotos/631760/8eecdef6-c73f-4495-8b9c-149067fd1e9d.jpg,https://resized-images.autoconf.com.br/1000x750/filters:format(jpg)/veiculos/fotos/631760/bee71644-5545-4f50-a07c-c96f630e8eaf.jpg,https://resized-images.autoconf.com.br/1000x750/filters:format(jpg)/veiculos/fotos/631760/1edad759-4c47-4ffb-954a-30908ddec837.jpg,https://resized-images.autoconf.com.br/1000x750/filters:format(jpg)/veiculos/fotos/631760/222809fb-70e9-4b4f-a8ed-9a1157aae345.jpg,https://resized-images.autoconf.com.br/1000x750/filters:format(jpg)/veiculos/fotos/631760/92257095-1488-4627-ab7f-4856a87d40fb.jpg,https://resized-images.autoconf.com.br/1000x750/filters:format(jpg)/veiculos/fotos/631760/591a812e-46f5-4e99-a01e-a4641104a4ff.jpg,https://resized-images.autoconf.com.br/1000x750/filters:format(jpg)/veiculos/fotos/631760/33da79c8-a6a1-4f82-ae92-9ee4ba3357f3.jpg,,,,,,,,,,,,,80 a 120 mil,SUV,Volkswagen,2021,FLEX
639415,639415,Toyota Hilux CD SRX Plus 4x4 2.8 TDI Die. Aut.,"Toyota Hilux CD SRX Plus 4x4 2.8 TDI Die. Aut. — Ano 2024, 16.819 km, cor Branco. Seminovo com procedência, revisado e com garantia da loja. Thiago Veículos, em Rio Verde-GO. Agende sua visita ou chame no WhatsApp que a gente te atende rapidinho.",in stock,used,287990.00 BRL,,https://thiagoveiculosrv.com.br/carros/toyota/hilux-cd-srx-plus-4x4-2-8-tdi-die-aut/2024/639415,Toyota,Hilux,CD SRX Plus 4x4 2.8 TDI Die. Aut.,2024,PICKUP,USED,KM,16819,Branco,AUTOMATIC,FLEX,"Avenida Paulo Roberto Cunha, Quadra L Lote 15",Rio Verde,GO,75901-648,BR,Rio Verde,-17.7975,-50.9266,thiago-veiculos-rv,Thiago Veículos,639415,https://resized-images.autoconf.com.br/1000x750/filters:format(jpg)/veiculos/fotos/639415/d606a0df-468f-4651-b565-4320ee149427.jpg,Toyota Hilux CD SRX Plus 4x4 2.8 TDI Die. Aut.,https://resized-images.autoconf.com.br/1000x750/filters:format(jpg)/veiculos/fotos/639415/17aa6b14-ca06-4358-8684-59524d27068e.jpg,https://resized-images.autoconf.com.br/1000x750/filters:format(jpg)/veiculos/fotos/639415/ab448e9c-e303-451b-b062-60084646d3e3.jpg,https://resized-images.autoconf.com.br/1000x750/filters:format(jpg)/veiculos/fotos/639415/0eb06016-03be-4c80-8014-27948ae182ce.jpg,https://resized-images.autoconf.com.br/1000x750/filters:format(jpg)/veiculos/fotos/639415/a9623bfa-e002-4ca1-a36c-181a19cd28fa.jpg,https://resized-images.autoconf.com.br/1000x750/filters:format(jpg)/veiculos/fotos/639415/cf60a032-9f26-4f92-9279-8c3de5661d65.jpg,https://resized-images.autoconf.com.br/1000x750/filters:format(jpg)/veiculos/fotos/639415/aa6f6ef8-5747-4d38-a20c-e7927f92d075.jpg,https://resized-images.autoconf.com.br/1000x750/filters:format(jpg)/veiculos/fotos/639415/40fb7b78-f172-47bc-9334-cd54d6ba5fdb.jpg,https://resized-images.autoconf.com.br/1000x750/filters:format(jpg)/veiculos/fotos/639415/52aa195e-3fec-422a-90cd-c18dc2c6887f.jpg,,,,,,,,,,,,Acima de 200 mil,PICKUP,Toyota,2024,FLEX
656609,656609,Volkswagen Polo Track 1.0 Flex 12V 5p,"Volkswagen Polo Track 1.0 Flex 12V 5p — Ano 2023, 60.639 km, cor Prata. Seminovo com procedência, revisado e com garantia da loja. Thiago Veículos, em Rio Verde-GO. Agende sua visita ou chame no WhatsApp que a gente te atende rapidinho.",in stock,used,79990.00 BRL,,https://thiagoveiculosrv.com.br/carros/vw-volkswagen/polo-track-1-0-flex-12v-5p/2023/656609,Volkswagen,Polo,Track 1.0 Flex 12V 5p,2023,HATCHBACK,USED,KM,60639,Prata,MANUAL,FLEX,"Avenida Paulo Roberto Cunha, Quadra L Lote 15",Rio Verde,GO,75901-648,BR,Rio Verde,-17.7975,-50.9266,thiago-veiculos-rv,Thiago Veículos,656609,https://resized-images.autoconf.com.br/1000x750/filters:format(jpg)/veiculos/fotos/656609/38a78162-2cb2-4a51-9e6f-40713f613617.jpg,Volkswagen Polo Track 1.0 Flex 12V 5p,https://resized-images.autoconf.com.br/1000x750/filters:format(jpg)/veiculos/fotos/656609/979d1bc6-c6aa-4e3a-9067-1192b711f325.jpg,https://resized-images.autoconf.com.br/1000x750/filters:format(jpg)/veiculos/fotos/656609/4677a7f4-51a3-43a4-8d73-0c1d7aeb9c75.jpg,https://resized-images.autoconf.com.br/1000x750/filters:format(jpg)/veiculos/fotos/656609/02f0fde5-65e7-42da-a854-e83ed89abbf9.jpg,https://resized-images.autoconf.com.br/1000x750/filters:format(jpg)/veiculos/fotos/656609/22c0e4d0-54be-4d75-9da9-8b2a9e86c3de.jpg,https://resized-images.autoconf.com.br/1000x750/filters:format(jpg)/veiculos/fotos/656609/1bfb08c6-2beb-453d-98e4-51e3b2224c84.jpg,https://resized-images.autoconf.com.br/1000x750/filters:format(jpg)/veiculos/fotos/656609/dd561a9b-4309-422b-b417-51f108fa9ad1.jpg,https://resized-images.autoconf.com.br/1000x750/filters:format(jpg)/veiculos/fotos/656609/b5317c8d-701d-4132-84ac-beb9fca38020.jpg,https://resized-images.autoconf.com.br/1000x750/filters:format(jpg)/veiculos/fotos/656609/59263016-59e0-4e9e-98b5-65c2305c16d9.jpg,,,,,,,,,,,,50 a 80 mil,HATCHBACK,Volkswagen,2023,FLEX
656757,656757,Hyundai HB20 Comf./C.Plus/C.Style 1.0 Flex 12V,"Hyundai HB20 Comf./C.Plus/C.Style 1.0 Flex 12V — Ano 2015, 129.340 km, cor Preto. Seminovo com procedência, revisado e com garantia da loja. Thiago Veículos, em Rio Verde-GO. Agende sua visita ou chame no WhatsApp que a gente te atende rapidinho.",in stock,used,44990.00 BRL,,https://thiagoveiculosrv.com.br/carros/hyundai/hb20-comf-c-plus-c-style-1-0-flex-12v/2015/656757,Hyundai,HB20,Comf./C.Plus/C.Style 1.0 Flex 12V,2015,CONVERTIBLE,USED,KM,129340,Preto,MANUAL,FLEX,"Avenida Paulo Roberto Cunha, Quadra L Lote 15",Rio Verde,GO,75901-648,BR,Rio Verde,-17.7975,-50.9266,thiago-veiculos-rv,Thiago Veículos,656757,https://resized-images.autoconf.com.br/1000x750/filters:format(jpg)/veiculos/fotos/656757/011f21aa-8990-4f5a-8f20-e614ce2faf03.jpg,Hyundai HB20 Comf./C.Plus/C.Style 1.0 Flex 12V,https://resized-images.autoconf.com.br/1000x750/filters:format(jpg)/veiculos/fotos/656757/6e7805be-026c-4492-819f-3c7813752481.jpg,https://resized-images.autoconf.com.br/1000x750/filters:format(jpg)/veiculos/fotos/656757/171ab65a-1530-46d6-be00-111f9d6a9704.jpg,https://resized-images.autoconf.com.br/1000x750/filters:format(jpg)/veiculos/fotos/656757/096529e6-850e-4a2a-9f1b-f902f5bfaf1d.jpg,https://resized-images.autoconf.com.br/1000x750/filters:format(jpg)/veiculos/fotos/656757/3a28d643-e447-46e5-8831-d0057660a2d4.jpg,https://resized-images.autoconf.com.br/1000x750/filters:format(jpg)/veiculos/fotos/656757/c6066eea-acfa-4835-b06c-d7b02bbf23d5.jpg,https://resized-images.autoconf.com.br/1000x750/filters:format(jpg)/veiculos/fotos/656757/119cd295-e436-449b-bda8-8f0bc80dd618.jpg,https://resized-images.autoconf.com.br/1000x750/filters:format(jpg)/veiculos/fotos/656757/e2244072-910c-4985-b447-7aa5aa44358d.jpg,https://resized-images.autoconf.com.br/1000x750/filters:format(jpg)/veiculos/fotos/656757/ea90299c-249c-4780-b37f-8bef0b065cdb.jpg,,,,,,,,,,,,Até 50 mil,CONVERTIBLE,Hyundai,2015,FLEX
673950,673950,Citroën C3 Feel 1.0 Flex 6V 5p Mec.,"Citroën C3 Feel 1.0 Flex 6V 5p Mec. — Ano 2023, 68.280 km, cor Prata. Seminovo com procedência, revisado e com garantia da loja. Thiago Veículos, em Rio Verde-GO. Agende sua visita ou chame no WhatsApp que a gente te atende rapidinho.",in stock,used,64990.00 BRL,,https://thiagoveiculosrv.com.br/carros/citroen/c3-feel-1-0-flex-6v-5p-mec/2023/673950,Citroën,C3,Feel 1.0 Flex 6V 5p Mec.,2023,HATCHBACK,USED,KM,68280,Prata,MANUAL,FLEX,"Avenida Paulo Roberto Cunha, Quadra L Lote 15",Rio Verde,GO,75901-648,BR,Rio Verde,-17.7975,-50.9266,thiago-veiculos-rv,Thiago Veículos,673950,https://resized-images.autoconf.com.br/1000x750/filters:format(jpg)/veiculos/fotos/673950/56b6ad6e-bf34-4309-bbdc-01d5d97df12a.jpg,Citroën C3 Feel 1.0 Flex 6V 5p Mec.,https://resized-images.autoconf.com.br/1000x750/filters:format(jpg)/veiculos/fotos/673950/d7bf2b92-ba5b-40cc-83b1-7dd7311fc535.jpg,https://resized-images.autoconf.com.br/1000x750/filters:format(jpg)/veiculos/fotos/673950/8d16d4ab-488a-4c3e-90ce-1b628478bb51.jpg,https://resized-images.autoconf.com.br/1000x750/filters:format(jpg)/veiculos/fotos/673950/5c47e363-ac5d-42a2-bf4c-7291e6f8ebdd.jpg,https://resized-images.autoconf.com.br/1000x750/filters:format(jpg)/veiculos/fotos/673950/9fb989a7-05c1-44b9-a3bb-2136faa0330f.jpg,https://resized-images.autoconf.com.br/1000x750/filters:format(jpg)/veiculos/fotos/673950/c06b9db1-2f06-4ef4-acdc-ac0544db3d4b.jpg,https://resized-images.autoconf.com.br/1000x750/filters:format(jpg)/veiculos/fotos/673950/ad613f12-7121-4061-b769-9627d55695bf.jpg,https://resized-images.autoconf.com.br/1000x750/filters:format(jpg)/veiculos/fotos/673950/132ef25a-740a-4c11-bcd6-c57408747140.jpg,https://resized-images.autoconf.com.br/1000x750/filters:format(jpg)/veiculos/fotos/673950/7dda63eb-a9e2-4d93-b3d7-e61441a13229.jpg,,,,,,,,,,,,50 a 80 mil,HATCHBACK,Citroën,2023,FLEX
674381,674381,Chevrolet ONIX HATCH LTZ 1.0 12V TB Flex 5p Mec.,"Chevrolet ONIX HATCH LTZ 1.0 12V TB Flex 5p Mec. — Ano 2023, 51.659 km, cor Branco. Seminovo com procedência, revisado e com garantia da loja. Thiago Veículos, em Rio Verde-GO. Agende sua visita ou chame no WhatsApp que a gente te atende rapidinho.",in stock,used,82990.00 BRL,,https://thiagoveiculosrv.com.br/carros/gm-chevrolet/onix-hatch-ltz-1-0-12v-tb-flex-5p-mec/2023/674381,Chevrolet,ONIX,HATCH LTZ 1.0 12V TB Flex 5p Mec.,2023,HATCHBACK,USED,KM,51659,Branco,MANUAL,FLEX,"Avenida Paulo Roberto Cunha, Quadra L Lote 15",Rio Verde,GO,75901-648,BR,Rio Verde,-17.7975,-50.9266,thiago-veiculos-rv,Thiago Veículos,674381,https://resized-images.autoconf.com.br/1000x750/filters:format(jpg)/veiculos/fotos/674381/c4452930-39de-4c66-9b72-2db8fba74cb3.jpg,Chevrolet ONIX HATCH LTZ 1.0 12V TB Flex 5p Mec.,https://resized-images.autoconf.com.br/1000x750/filters:format(jpg)/veiculos/fotos/674381/31d38e24-0758-4918-8196-23006fc7e361.jpg,https://resized-images.autoconf.com.br/1000x750/filters:format(jpg)/veiculos/fotos/674381/5b4036a0-5ade-4b9e-9a42-73497ed5d5ad.jpg,https://resized-images.autoconf.com.br/1000x750/filters:format(jpg)/veiculos/fotos/674381/7a55d4f6-2a6a-4bd8-8ed2-248e93081de4.jpg,https://resized-images.autoconf.com.br/1000x750/filters:format(jpg)/veiculos/fotos/674381/79b45113-30ee-47e3-b227-3f3778449bc3.jpg,https://resized-images.autoconf.com.br/1000x750/filters:format(jpg)/veiculos/fotos/674381/a7e4423e-4843-4ab4-8757-2224c0d6fbe4.jpg,https://resized-images.autoconf.com.br/1000x750/filters:format(jpg)/veiculos/fotos/674381/74a69468-c20f-4468-a40d-5fa01edae2f3.jpg,https://resized-images.autoconf.com.br/1000x750/filters:format(jpg)/veiculos/fotos/674381/11ba793d-0571-45bb-bf38-b3b9af307e1e.jpg,https://resized-images.autoconf.com.br/1000x750/filters:format(jpg)/veiculos/fotos/674381/19401e0a-1363-4ae1-81fc-495f1af19364.jpg,,,,,,,,,,,,80 a 120 mil,HATCHBACK,Chevrolet,2023,FLEX
675981,675981,Hyundai HB20S Comfort 1.0 TB Flex 12V Aut.,"Hyundai HB20S Comfort 1.0 TB Flex 12V Aut. — Ano 2024, 42.177 km, cor Branco. Seminovo com procedência, revisado e com garantia da loja. Thiago Veículos, em Rio Verde-GO. Agende sua visita ou chame no WhatsApp que a gente te atende rapidinho.",in stock,used,97990.00 BRL,,https://thiagoveiculosrv.com.br/carros/hyundai/hb20s-comfort-1-0-tb-flex-12v-aut/2024/675981,Hyundai,HB20S,Comfort 1.0 TB Flex 12V Aut.,2024,SEDAN,USED,KM,42177,Branco,AUTOMATIC,FLEX,"Avenida Paulo Roberto Cunha, Quadra L Lote 15",Rio Verde,GO,75901-648,BR,Rio Verde,-17.7975,-50.9266,thiago-veiculos-rv,Thiago Veículos,675981,https://resized-images.autoconf.com.br/1000x750/filters:format(jpg)/veiculos/fotos/675981/9b3a223a-6004-45b5-89a0-b3d2283a692c.jpg,Hyundai HB20S Comfort 1.0 TB Flex 12V Aut.,https://resized-images.autoconf.com.br/1000x750/filters:format(jpg)/veiculos/fotos/675981/ff1124a6-02bb-41d3-82d0-c2317827e7ef.jpg,https://resized-images.autoconf.com.br/1000x750/filters:format(jpg)/veiculos/fotos/675981/2fe81e06-55bb-44f2-8e57-d0641f9f4176.jpg,https://resized-images.autoconf.com.br/1000x750/filters:format(jpg)/veiculos/fotos/675981/03273c26-2f36-483a-a616-ba13b18e6cdb.jpg,https://resized-images.autoconf.com.br/1000x750/filters:format(jpg)/veiculos/fotos/675981/8eb2f2ec-c90f-4b7f-be40-f915dd2d3179.jpg,https://resized-images.autoconf.com.br/1000x750/filters:format(jpg)/veiculos/fotos/675981/b4309d5f-9f07-4455-a13b-a46dea912704.jpg,https://resized-images.autoconf.com.br/1000x750/filters:format(jpg)/veiculos/fotos/675981/ca11ae38-b5f5-491b-afe7-669b52d50722.jpg,https://resized-images.autoconf.com.br/1000x750/filters:format(jpg)/veiculos/fotos/675981/a8decce3-a991-4ec6-a7de-e373aebe8e5b.jpg,https://resized-images.autoconf.com.br/1000x750/filters:format(jpg)/veiculos/fotos/675981/158bb37f-37de-44e4-88a7-92167b40a468.jpg,,,,,,,,,,,,80 a 120 mil,SEDAN,Hyundai,2024,FLEX
688210,688210,Volkswagen TAOS Comfortline 1.4 250 TSI Flex Aut.,"Volkswagen TAOS Comfortline 1.4 250 TSI Flex Aut. — Ano 2022, 69.599 km, cor Prata. Seminovo com procedência, revisado e com garantia da loja. Thiago Veículos, em Rio Verde-GO. Agende sua visita ou chame no WhatsApp que a gente te atende rapidinho.",in stock,used,124990.00 BRL,,https://thiagoveiculosrv.com.br/carros/vw-volkswagen/taos-comfortline-1-4-250-tsi-flex-aut/2022/688210,Volkswagen,TAOS,Comfortline 1.4 250 TSI Flex Aut.,2022,SUV,USED,KM,69599,Prata,AUTOMATIC,FLEX,"Avenida Paulo Roberto Cunha, Quadra L Lote 15",Rio Verde,GO,75901-648,BR,Rio Verde,-17.7975,-50.9266,thiago-veiculos-rv,Thiago Veículos,688210,https://resized-images.autoconf.com.br/1000x750/filters:format(jpg)/veiculos/fotos/688210/0974b706-05a8-4f72-84e7-25559124dc51.jpg,Volkswagen TAOS Comfortline 1.4 250 TSI Flex Aut.,https://resized-images.autoconf.com.br/1000x750/filters:format(jpg)/veiculos/fotos/688210/c32020c1-8166-467a-8542-77470981f08f.jpg,https://resized-images.autoconf.com.br/1000x750/filters:format(jpg)/veiculos/fotos/688210/cd895710-072b-4bcc-8e04-c11185805167.jpg,https://resized-images.autoconf.com.br/1000x750/filters:format(jpg)/veiculos/fotos/688210/cefbdac9-f80f-4804-8a7a-0d132a21507a.jpg,https://resized-images.autoconf.com.br/1000x750/filters:format(jpg)/veiculos/fotos/688210/08d4e1b6-1d66-403d-bb6c-643d97b681b9.jpg,https://resized-images.autoconf.com.br/1000x750/filters:format(jpg)/veiculos/fotos/688210/07f085f0-be3b-459a-ade9-d86bcac873e8.jpg,https://resized-images.autoconf.com.br/1000x750/filters:format(jpg)/veiculos/fotos/688210/9e0444cd-42fd-48e4-aa98-e8602b0ae363.jpg,https://resized-images.autoconf.com.br/1000x750/filters:format(jpg)/veiculos/fotos/688210/f6ac6562-6a6f-42b9-9b22-4de290188c78.jpg,https://resized-images.autoconf.com.br/1000x750/filters:format(jpg)/veiculos/fotos/688210/e5e34218-3ff8-4ffd-b585-de025fea72b4.jpg,,,,,,,,,,,,120 a 200 mil,SUV,Volkswagen,2022,FLEX
712245,712245,Volkswagen VOYAGE 1.0 Flex 12V 4p,"Volkswagen VOYAGE 1.0 Flex 12V 4p — Ano 2023, 54.919 km, cor Branco. Seminovo com procedência, revisado e com garantia da loja. Thiago Veículos, em Rio Verde-GO. Agende sua visita ou chame no WhatsApp que a gente te atende rapidinho.",in stock,used,64990.00 BRL,,https://thiagoveiculosrv.com.br/carros/vw-volkswagen/voyage-1-0-flex-12v-4p/2023/712245,Volkswagen,VOYAGE,1.0 Flex 12V 4p,2023,SEDAN,USED,KM,54919,Branco,MANUAL,FLEX,"Avenida Paulo Roberto Cunha, Quadra L Lote 15",Rio Verde,GO,75901-648,BR,Rio Verde,-17.7975,-50.9266,thiago-veiculos-rv,Thiago Veículos,712245,https://resized-images.autoconf.com.br/1000x750/filters:format(jpg)/veiculos/fotos/712245/9593ce97-2a3e-4429-aeae-1784756ae869.jpg,Volkswagen VOYAGE 1.0 Flex 12V 4p,https://resized-images.autoconf.com.br/1000x750/filters:format(jpg)/veiculos/fotos/712245/4031282c-e448-4566-be62-72a9814928a6.jpg,https://resized-images.autoconf.com.br/1000x750/filters:format(jpg)/veiculos/fotos/712245/6a88dda4-cd08-432b-a641-df5c7ad083be.jpg,https://resized-images.autoconf.com.br/1000x750/filters:format(jpg)/veiculos/fotos/712245/e77cec0c-d439-49f1-808d-eebb0c2a0c2f.jpg,https://resized-images.autoconf.com.br/1000x750/filters:format(jpg)/veiculos/fotos/712245/a1300282-0c53-48fd-8890-3cd53e0ad14f.jpg,https://resized-images.autoconf.com.br/1000x750/filters:format(jpg)/veiculos/fotos/712245/86042965-5335-4160-b1e2-219f582ec994.jpg,https://resized-images.autoconf.com.br/1000x750/filters:format(jpg)/veiculos/fotos/712245/d79ef80e-20f3-4a5a-96a1-d0df7fa34946.jpg,https://resized-images.autoconf.com.br/1000x750/filters:format(jpg)/veiculos/fotos/712245/ce109b06-6a6f-456e-b3d6-d50ca53719ec.jpg,https://resized-images.autoconf.com.br/1000x750/filters:format(jpg)/veiculos/fotos/712245/94de5014-838a-4212-84e4-ba01dc5b7f00.jpg,,,,,,,,,,,,50 a 80 mil,SEDAN,Volkswagen,2023,FLEX
714433,714433,Ford F-250 XLT 3.9 4x4 CD TB Diesel,"Ford F-250 XLT 3.9 4x4 CD TB Diesel — Ano 2009, 379.835 km, cor Prata. Seminovo com procedência, revisado e com garantia da loja. Thiago Veículos, em Rio Verde-GO. Agende sua visita ou chame no WhatsApp que a gente te atende rapidinho.",in stock,used,159990.00 BRL,,https://thiagoveiculosrv.com.br/carros/ford/f-250-xlt-3-9-4x4-cd-tb-diesel/2009/714433,Ford,F-250,XLT 3.9 4x4 CD TB Diesel,2009,PICKUP,USED,KM,379835,Prata,MANUAL,DIESEL,"Avenida Paulo Roberto Cunha, Quadra L Lote 15",Rio Verde,GO,75901-648,BR,Rio Verde,-17.7975,-50.9266,thiago-veiculos-rv,Thiago Veículos,714433,https://resized-images.autoconf.com.br/1000x750/filters:format(jpg)/veiculos/fotos/714433/b1a71b52-046b-4c36-a438-b9bedd522fd1.jpg,Ford F-250 XLT 3.9 4x4 CD TB Diesel,https://resized-images.autoconf.com.br/1000x750/filters:format(jpg)/veiculos/fotos/714433/f66a5884-bf68-4536-9992-b151148a78d3.jpg,https://resized-images.autoconf.com.br/1000x750/filters:format(jpg)/veiculos/fotos/714433/f1c209e3-0120-4c8a-bee5-ccb19be44a52.jpg,https://resized-images.autoconf.com.br/1000x750/filters:format(jpg)/veiculos/fotos/714433/b24ac454-57e2-4963-8323-85843bdeab4d.jpg,https://resized-images.autoconf.com.br/1000x750/filters:format(jpg)/veiculos/fotos/714433/b4a5c1ef-4711-4d84-bbc7-2ec6cb533c51.jpg,https://resized-images.autoconf.com.br/1000x750/filters:format(jpg)/veiculos/fotos/714433/5bbd245f-5657-477c-941a-b14170423bf2.jpg,https://resized-images.autoconf.com.br/1000x750/filters:format(jpg)/veiculos/fotos/714433/f1ea91df-ec34-4b37-9c1e-82ce59a620b3.jpg,https://resized-images.autoconf.com.br/1000x750/filters:format(jpg)/veiculos/fotos/714433/096150d6-2d30-4b58-9346-42f8eff77359.jpg,https://resized-images.autoconf.com.br/1000x750/filters:format(jpg)/veiculos/fotos/714433/0d8bea87-b145-4f13-9ba1-9dacbba1eed0.jpg,https://resized-images.autoconf.com.br/1000x750/filters:format(jpg)/veiculos/fotos/714433/e20bd02a-f5d7-45f6-94cf-d0fc41fa4206.jpg,,,,,,,,,,,120 a 200 mil,PICKUP,Ford,2009,DIESEL
718781,718781,Honda BIZ 125 ES/ 125 ES FLEX,"Honda BIZ 125 ES/ 125 ES FLEX — Ano 2014, 79.650 km, cor Vermelho. Seminovo com procedência, revisado e com garantia da loja. Thiago Veículos, em Rio Verde-GO. Agende sua visita ou chame no WhatsApp que a gente te atende rapidinho.",in stock,used,9990.00 BRL,,https://thiagoveiculosrv.com.br/carros/honda/biz-125-es-es-f-inj-es-mix-f-injection/2014/718781,Honda,BIZ,125 ES/ 125 ES FLEX,2014,OTHER,USED,KM,79650,Vermelho,MANUAL,FLEX,"Avenida Paulo Roberto Cunha, Quadra L Lote 15",Rio Verde,GO,75901-648,BR,Rio Verde,-17.7975,-50.9266,thiago-veiculos-rv,Thiago Veículos,718781,https://resized-images.autoconf.com.br/1000x750/filters:format(jpg)/veiculos/fotos/718781/37badf73-30bf-4dd4-836c-43e2dcdee70d.jpg,Honda BIZ 125 ES/ 125 ES FLEX,https://resized-images.autoconf.com.br/1000x750/filters:format(jpg)/veiculos/fotos/718781/bd55e728-fd21-4822-80d3-b305904509a9.jpg,https://resized-images.autoconf.com.br/1000x750/filters:format(jpg)/veiculos/fotos/718781/1df70acb-9240-4810-85c7-c49006c388bb.jpg,,,,,,,,,,,,,,,,,,Até 50 mil,OTHER,Honda,2014,FLEX
730988,730988,Hyundai HB20 Sense 1.0 Flex 12V Mec.,"Hyundai HB20 Sense 1.0 Flex 12V Mec. — Ano 2024, 50.381 km, cor Prata. Seminovo com procedência, revisado e com garantia da loja. Thiago Veículos, em Rio Verde-GO. Agende sua visita ou chame no WhatsApp que a gente te atende rapidinho.",in stock,used,74990.00 BRL,,https://thiagoveiculosrv.com.br/carros/hyundai/hb20-sense-1-0-flex-12v-mec/2024/730988,Hyundai,HB20,Sense 1.0 Flex 12V Mec.,2024,HATCHBACK,USED,KM,50381,Prata,MANUAL,FLEX,"Avenida Paulo Roberto Cunha, Quadra L Lote 15",Rio Verde,GO,75901-648,BR,Rio Verde,-17.7975,-50.9266,thiago-veiculos-rv,Thiago Veículos,730988,https://resized-images.autoconf.com.br/1000x750/filters:format(jpg)/veiculos/fotos/730988/56e585d0-b14f-49da-84ab-acb6339ab42f.jpg,Hyundai HB20 Sense 1.0 Flex 12V Mec.,https://resized-images.autoconf.com.br/1000x750/filters:format(jpg)/veiculos/fotos/730988/2e234fbf-d9b8-43ee-948d-88cff31e573e.jpg,https://resized-images.autoconf.com.br/1000x750/filters:format(jpg)/veiculos/fotos/730988/a0d2adc0-5e47-43ab-8fa3-bb5542dc5e89.jpg,https://resized-images.autoconf.com.br/1000x750/filters:format(jpg)/veiculos/fotos/730988/9a05ff45-8e2f-46fc-9b07-19ddf649895c.jpg,https://resized-images.autoconf.com.br/1000x750/filters:format(jpg)/veiculos/fotos/730988/4a7bc2b5-8da9-4fbb-a757-c6f151f93c13.jpg,https://resized-images.autoconf.com.br/1000x750/filters:format(jpg)/veiculos/fotos/730988/ef056473-6200-424d-898a-6da3251b2f0b.jpg,https://resized-images.autoconf.com.br/1000x750/filters:format(jpg)/veiculos/fotos/730988/6e387f3b-5fa9-4eb0-8da4-b7ab9d40858f.jpg,https://resized-images.autoconf.com.br/1000x750/filters:format(jpg)/veiculos/fotos/730988/7cd54fc2-27fe-406c-ac6c-2b3757b581c3.jpg,https://resized-images.autoconf.com.br/1000x750/filters:format(jpg)/veiculos/fotos/730988/c7000e2a-cc1b-435a-9d21-533b2a3a9186.jpg,,,,,,,,,,,,50 a 80 mil,HATCHBACK,Hyundai,2024,FLEX
739580,739580,Fiat ARGO 1.0 6V Flex,"Fiat ARGO 1.0 6V Flex — Ano 2024, 40.307 km, cor Branco. Seminovo com procedência, revisado e com garantia da loja. Thiago Veículos, em Rio Verde-GO. Agende sua visita ou chame no WhatsApp que a gente te atende rapidinho.",in stock,used,74990.00 BRL,,https://thiagoveiculosrv.com.br/carros/fiat/argo-1-0-6v-flex/2024/739580,Fiat,ARGO,1.0 6V Flex,2024,HATCHBACK,USED,KM,40307,Branco,MANUAL,FLEX,"Avenida Paulo Roberto Cunha, Quadra L Lote 15",Rio Verde,GO,75901-648,BR,Rio Verde,-17.7975,-50.9266,thiago-veiculos-rv,Thiago Veículos,739580,https://resized-images.autoconf.com.br/1000x750/filters:format(jpg)/veiculos/fotos/739580/7ad8da80-1dd0-42ac-95e6-1d96bd9ec46f.jpg,Fiat ARGO 1.0 6V Flex,https://resized-images.autoconf.com.br/1000x750/filters:format(jpg)/veiculos/fotos/739580/f9c30aa8-6220-4ad5-ad22-1bc3b08fcae3.jpg,https://resized-images.autoconf.com.br/1000x750/filters:format(jpg)/veiculos/fotos/739580/2314c690-fff2-401a-85f1-1d080ffe6901.jpg,https://resized-images.autoconf.com.br/1000x750/filters:format(jpg)/veiculos/fotos/739580/222f3087-0a49-41a4-8691-1886ffeb1153.jpg,https://resized-images.autoconf.com.br/1000x750/filters:format(jpg)/veiculos/fotos/739580/f9021038-ed38-4796-88d9-a139eaee13f1.jpg,https://resized-images.autoconf.com.br/1000x750/filters:format(jpg)/veiculos/fotos/739580/91543b56-213e-484d-9a81-8b8b55092a38.jpg,https://resized-images.autoconf.com.br/1000x750/filters:format(jpg)/veiculos/fotos/739580/bff2727e-e1d2-4c01-b326-9f11265d5822.jpg,https://resized-images.autoconf.com.br/1000x750/filters:format(jpg)/veiculos/fotos/739580/96219319-d780-41bf-8798-1eb981a9266c.jpg,https://resized-images.autoconf.com.br/1000x750/filters:format(jpg)/veiculos/fotos/739580/67ad1e0f-5edf-4ee7-9088-bb415a2b6255.jpg,,,,,,,,,,,,50 a 80 mil,HATCHBACK,Fiat,2024,FLEX
739612,739612,Fiat ARGO DRIVE 1.0 6V Flex,"Fiat ARGO DRIVE 1.0 6V Flex — Ano 2024, 48.911 km, cor Prata. Seminovo com procedência, revisado e com garantia da loja. Thiago Veículos, em Rio Verde-GO. Agende sua visita ou chame no WhatsApp que a gente te atende rapidinho.",in stock,used,75990.00 BRL,,https://thiagoveiculosrv.com.br/carros/fiat/argo-drive-1-0-6v-flex/2024/739612,Fiat,ARGO,DRIVE 1.0 6V Flex,2024,HATCHBACK,USED,KM,48911,Prata,AUTOMATIC,FLEX,"Avenida Paulo Roberto Cunha, Quadra L Lote 15",Rio Verde,GO,75901-648,BR,Rio Verde,-17.7975,-50.9266,thiago-veiculos-rv,Thiago Veículos,739612,https://resized-images.autoconf.com.br/1000x750/filters:format(jpg)/veiculos/fotos/739612/5d1eeadd-67e4-4d1d-a4a5-d6ed0708fbfa.jpg,Fiat ARGO DRIVE 1.0 6V Flex,https://resized-images.autoconf.com.br/1000x750/filters:format(jpg)/veiculos/fotos/739612/7a6700bf-4e91-4839-9e77-3b3f2501bded.jpg,https://resized-images.autoconf.com.br/1000x750/filters:format(jpg)/veiculos/fotos/739612/8cb2b71d-17bd-4e2d-88ed-e62244286db7.jpg,https://resized-images.autoconf.com.br/1000x750/filters:format(jpg)/veiculos/fotos/739612/4aa610ef-538b-4cfb-a3f4-e33f49c788c5.jpg,https://resized-images.autoconf.com.br/1000x750/filters:format(jpg)/veiculos/fotos/739612/841b140c-7c43-44c7-8b0b-c4af6e81cb57.jpg,https://resized-images.autoconf.com.br/1000x750/filters:format(jpg)/veiculos/fotos/739612/c285ece6-2e43-47b2-a1d9-8b1c18c6739e.jpg,https://resized-images.autoconf.com.br/1000x750/filters:format(jpg)/veiculos/fotos/739612/d94b02c1-a758-49f2-8977-0cd5915b8c8c.jpg,https://resized-images.autoconf.com.br/1000x750/filters:format(jpg)/veiculos/fotos/739612/bec36faf-21f8-4c59-a770-a73ce04a9171.jpg,https://resized-images.autoconf.com.br/1000x750/filters:format(jpg)/veiculos/fotos/739612/c2d77fa9-aa73-4f0a-a6ef-a736a8a91c93.jpg,,,,,,,,,,,,50 a 80 mil,HATCHBACK,Fiat,2024,FLEX
739651,739651,Hyundai HB20 Comfort 1.0 TB Flex 12V Aut,"Hyundai HB20 Comfort 1.0 TB Flex 12V Aut — Ano 2024, 18.787 km, cor Prata. Seminovo com procedência, revisado e com garantia da loja. Thiago Veículos, em Rio Verde-GO. Agende sua visita ou chame no WhatsApp que a gente te atende rapidinho.",in stock,used,94990.00 BRL,,https://thiagoveiculosrv.com.br/carros/hyundai/hb20-comfort-1-0-tb-flex-12v-aut/2024/739651,Hyundai,HB20,Comfort 1.0 TB Flex 12V Aut,2024,HATCHBACK,USED,KM,18787,Prata,AUTOMATIC,FLEX,"Avenida Paulo Roberto Cunha, Quadra L Lote 15",Rio Verde,GO,75901-648,BR,Rio Verde,-17.7975,-50.9266,thiago-veiculos-rv,Thiago Veículos,739651,https://resized-images.autoconf.com.br/1000x750/filters:format(jpg)/veiculos/fotos/739651/ae570868-e8f2-4d8b-86a0-f8a3111ba086.jpg,Hyundai HB20 Comfort 1.0 TB Flex 12V Aut,https://resized-images.autoconf.com.br/1000x750/filters:format(jpg)/veiculos/fotos/739651/35ff67be-6ddf-4f18-b183-3d9bb7e8547c.jpg,https://resized-images.autoconf.com.br/1000x750/filters:format(jpg)/veiculos/fotos/739651/32cbc6b7-0f24-41a0-80ef-267f6f90e083.jpg,https://resized-images.autoconf.com.br/1000x750/filters:format(jpg)/veiculos/fotos/739651/d427df51-d345-4a2f-95ff-0f86b6d28228.jpg,https://resized-images.autoconf.com.br/1000x750/filters:format(jpg)/veiculos/fotos/739651/53b727eb-0016-4827-be7d-6f2fbbfd515b.jpg,https://resized-images.autoconf.com.br/1000x750/filters:format(jpg)/veiculos/fotos/739651/e60c1980-a0d7-48fa-8693-0316c16c183a.jpg,https://resized-images.autoconf.com.br/1000x750/filters:format(jpg)/veiculos/fotos/739651/8941d965-22aa-4ec7-952c-85fb54a303df.jpg,https://resized-images.autoconf.com.br/1000x750/filters:format(jpg)/veiculos/fotos/739651/e28c2fc1-f8dc-46da-bfa1-6b02f1dde19f.jpg,https://resized-images.autoconf.com.br/1000x750/filters:format(jpg)/veiculos/fotos/739651/cfd789f1-3f4d-464a-b42e-a47c79107822.jpg,,,,,,,,,,,,80 a 120 mil,HATCHBACK,Hyundai,2024,FLEX
767142,767142,Volkswagen VOYAGE 1.6 MSI Flex 8V 4p,"Volkswagen VOYAGE 1.6 MSI Flex 8V 4p — Ano 2022, 62.103 km, cor Branco. Seminovo com procedência, revisado e com garantia da loja. Thiago Veículos, em Rio Verde-GO. Agende sua visita ou chame no WhatsApp que a gente te atende rapidinho.",in stock,used,66990.00 BRL,,https://thiagoveiculosrv.com.br/carros/vw-volkswagen/voyage-1-6-msi-flex-8v-4p/2022/767142,Volkswagen,VOYAGE,1.6 MSI Flex 8V 4p,2022,SEDAN,USED,KM,62103,Branco,MANUAL,FLEX,"Avenida Paulo Roberto Cunha, Quadra L Lote 15",Rio Verde,GO,75901-648,BR,Rio Verde,-17.7975,-50.9266,thiago-veiculos-rv,Thiago Veículos,767142,https://resized-images.autoconf.com.br/1000x750/filters:format(jpg)/veiculos/fotos/767142/e54cb6d2-bc80-4792-a3be-df5991f448b3.jpg,Volkswagen VOYAGE 1.6 MSI Flex 8V 4p,https://resized-images.autoconf.com.br/1000x750/filters:format(jpg)/veiculos/fotos/767142/b46651aa-9ee0-4286-9265-e547cb8bb009.jpg,https://resized-images.autoconf.com.br/1000x750/filters:format(jpg)/veiculos/fotos/767142/1f60f5a0-cf88-4946-aac4-8c7afac4091c.jpg,https://resized-images.autoconf.com.br/1000x750/filters:format(jpg)/veiculos/fotos/767142/33655a11-8168-4bcc-a8f2-4edd7913f7e4.jpg,https://resized-images.autoconf.com.br/1000x750/filters:format(jpg)/veiculos/fotos/767142/2378636d-ab90-4e89-b4c0-aa149cc9c25c.jpg,https://resized-images.autoconf.com.br/1000x750/filters:format(jpg)/veiculos/fotos/767142/8f2c970b-c25b-4014-a3e3-be32b763076a.jpg,https://resized-images.autoconf.com.br/1000x750/filters:format(jpg)/veiculos/fotos/767142/f29bb46d-8a47-4b25-8937-ed842936a7ca.jpg,https://resized-images.autoconf.com.br/1000x750/filters:format(jpg)/veiculos/fotos/767142/a27c68d2-a081-4c40-b9db-92b00fcf7ca8.jpg,https://resized-images.autoconf.com.br/1000x750/filters:format(jpg)/veiculos/fotos/767142/8c6cd35d-7ceb-457c-96d6-aa7ec7142b0b.jpg,,,,,,,,,,,,50 a 80 mil,SEDAN,Volkswagen,2022,FLEX
772808,772808,Fiat Strada Endurance 1.3 Flex 8V CS,"Fiat Strada Endurance 1.3 Flex 8V CS — Ano 2024, 65.303 km, cor Branco. Seminovo com procedência, revisado e com garantia da loja. Thiago Veículos, em Rio Verde-GO. Agende sua visita ou chame no WhatsApp que a gente te atende rapidinho.",in stock,used,79990.00 BRL,,https://thiagoveiculosrv.com.br/carros/fiat/strada-endurance-1-3-flex-8v-cs/2024/772808,Fiat,Strada,Endurance 1.3 Flex 8V CS,2024,PICKUP,USED,KM,65303,Branco,MANUAL,FLEX,"Avenida Paulo Roberto Cunha, Quadra L Lote 15",Rio Verde,GO,75901-648,BR,Rio Verde,-17.7975,-50.9266,thiago-veiculos-rv,Thiago Veículos,772808,https://resized-images.autoconf.com.br/1000x750/filters:format(jpg)/veiculos/fotos/772808/6544550b-2cc6-4475-ae1a-8d6a86d3256a.jpg,Fiat Strada Endurance 1.3 Flex 8V CS,https://resized-images.autoconf.com.br/1000x750/filters:format(jpg)/veiculos/fotos/772808/ed4ca8a3-49f0-4bc4-ba8f-c477b28244c2.jpg,https://resized-images.autoconf.com.br/1000x750/filters:format(jpg)/veiculos/fotos/772808/8655331e-b93e-4170-a958-824bc802e61e.jpg,https://resized-images.autoconf.com.br/1000x750/filters:format(jpg)/veiculos/fotos/772808/b6e88822-873d-496b-9d00-5881d96da2f4.jpg,https://resized-images.autoconf.com.br/1000x750/filters:format(jpg)/veiculos/fotos/772808/ecd3ed65-aa1b-4ddd-a3d0-7d5d4a4e11af.jpg,https://resized-images.autoconf.com.br/1000x750/filters:format(jpg)/veiculos/fotos/772808/d87e79bd-1b4d-4f3e-86be-b4aed2a76aca.jpg,https://resized-images.autoconf.com.br/1000x750/filters:format(jpg)/veiculos/fotos/772808/f154ab39-95a8-441f-8537-4c9b965bd14c.jpg,,,,,,,,,,,,,,50 a 80 mil,PICKUP,Fiat,2024,FLEX
773169,773169,Chevrolet S10 Pick-Up LTZ 2.8 TDI 4x4 CD Dies.Aut,"Chevrolet S10 Pick-Up LTZ 2.8 TDI 4x4 CD Dies.Aut — Ano 2024, 31.558 km, cor Cinza. Seminovo com procedência, revisado e com garantia da loja. Thiago Veículos, em Rio Verde-GO. Agende sua visita ou chame no WhatsApp que a gente te atende rapidinho.",in stock,used,214990.00 BRL,,https://thiagoveiculosrv.com.br/carros/gm-chevrolet/s10-pick-up-ltz-2-8-tdi-4x4-cd-dies-aut/2024/773169,Chevrolet,S10,Pick-Up LTZ 2.8 TDI 4x4 CD Dies.Aut,2024,PICKUP,USED,KM,31558,Cinza,AUTOMATIC,DIESEL,"Avenida Paulo Roberto Cunha, Quadra L Lote 15",Rio Verde,GO,75901-648,BR,Rio Verde,-17.7975,-50.9266,thiago-veiculos-rv,Thiago Veículos,773169,https://resized-images.autoconf.com.br/1000x750/filters:format(jpg)/veiculos/fotos/773169/72ab4b57-d2e1-4c50-ac02-f2ff1305bf20.jpg,Chevrolet S10 Pick-Up LTZ 2.8 TDI 4x4 CD Dies.Aut,https://resized-images.autoconf.com.br/1000x750/filters:format(jpg)/veiculos/fotos/773169/9fa804a2-d828-4e9d-a344-6c2ab5f3f705.jpg,https://resized-images.autoconf.com.br/1000x750/filters:format(jpg)/veiculos/fotos/773169/78275f6b-d814-4eee-9972-5d0580ad28cd.jpg,https://resized-images.autoconf.com.br/1000x750/filters:format(jpg)/veiculos/fotos/773169/e0d71a1d-9bcd-40a9-ab54-623b909da865.jpg,https://resized-images.autoconf.com.br/1000x750/filters:format(jpg)/veiculos/fotos/773169/5ef74662-cf53-4f39-827f-dda88af17c9a.jpg,https://resized-images.autoconf.com.br/1000x750/filters:format(jpg)/veiculos/fotos/773169/46a3e873-ff1c-4b2b-8586-ccd8adb054f0.jpg,https://resized-images.autoconf.com.br/1000x750/filters:format(jpg)/veiculos/fotos/773169/59c16b77-bcb5-4ec9-b470-f154b186de5d.jpg,https://resized-images.autoconf.com.br/1000x750/filters:format(jpg)/veiculos/fotos/773169/1c5f515e-400f-4db0-8389-10885f0a7ebb.jpg,https://resized-images.autoconf.com.br/1000x750/filters:format(jpg)/veiculos/fotos/773169/bca28350-95aa-437e-947a-752cc037b7d5.jpg,,,,,,,,,,,,Acima de 200 mil,PICKUP,Chevrolet,2024,DIESEL
779006,779006,Hyundai HB20 Comfort Plus 1.0 TB Flex 12V Aut.,"Hyundai HB20 Comfort Plus 1.0 TB Flex 12V Aut. — Ano 2024, 6.585 km, cor Branco. Seminovo com procedência, revisado e com garantia da loja. Thiago Veículos, em Rio Verde-GO. Agende sua visita ou chame no WhatsApp que a gente te atende rapidinho.",in stock,used,89990.00 BRL,,https://thiagoveiculosrv.com.br/carros/hyundai/hb20-comfort-plus-1-0-tb-flex-12v-aut/2024/779006,Hyundai,HB20,Comfort Plus 1.0 TB Flex 12V Aut.,2024,HATCHBACK,USED,KM,6585,Branco,AUTOMATIC,FLEX,"Avenida Paulo Roberto Cunha, Quadra L Lote 15",Rio Verde,GO,75901-648,BR,Rio Verde,-17.7975,-50.9266,thiago-veiculos-rv,Thiago Veículos,779006,https://resized-images.autoconf.com.br/1000x750/filters:format(jpg)/veiculos/fotos/779006/629e7031-60c3-4688-8093-e0ed77f21a1e.jpg,Hyundai HB20 Comfort Plus 1.0 TB Flex 12V Aut.,https://resized-images.autoconf.com.br/1000x750/filters:format(jpg)/veiculos/fotos/779006/cf93a8b6-d6da-40c4-8c66-515491c2bbea.jpg,https://resized-images.autoconf.com.br/1000x750/filters:format(jpg)/veiculos/fotos/779006/5a06b8cb-0a65-431d-b9f5-5cb45bc9edb0.jpg,https://resized-images.autoconf.com.br/1000x750/filters:format(jpg)/veiculos/fotos/779006/3da51370-3ded-451c-b7a2-87c26c26a0d1.jpg,https://resized-images.autoconf.com.br/1000x750/filters:format(jpg)/veiculos/fotos/779006/03f7c950-81ac-46ea-8d03-c423c2c26a97.jpg,https://resized-images.autoconf.com.br/1000x750/filters:format(jpg)/veiculos/fotos/779006/c75b366a-348e-4ba9-b6d5-fc1f6dad4ed7.jpg,https://resized-images.autoconf.com.br/1000x750/filters:format(jpg)/veiculos/fotos/779006/f1df2300-347c-451f-a21b-adf3227036c0.jpg,https://resized-images.autoconf.com.br/1000x750/filters:format(jpg)/veiculos/fotos/779006/6e76204a-a976-4a73-ae49-859690f686ab.jpg,https://resized-images.autoconf.com.br/1000x750/filters:format(jpg)/veiculos/fotos/779006/832b57fe-70a5-4b13-9c8b-10f236c5c91b.jpg,,,,,,,,,,,,80 a 120 mil,HATCHBACK,Hyundai,2024,FLEX
779017,779017,Chevrolet ONIX SEDAN Plus LTZ 1.0 12V TB Flex Aut.,"Chevrolet ONIX SEDAN Plus LTZ 1.0 12V TB Flex Aut. — Ano 2024, 48.749 km, cor Branco. Seminovo com procedência, revisado e com garantia da loja. Thiago Veículos, em Rio Verde-GO. Agende sua visita ou chame no WhatsApp que a gente te atende rapidinho.",in stock,used,84990.00 BRL,,https://thiagoveiculosrv.com.br/carros/gm-chevrolet/onix-sedan-plus-ltz-1-0-12v-tb-flex-aut/2024/779017,Chevrolet,ONIX,SEDAN Plus LTZ 1.0 12V TB Flex Aut.,2024,SEDAN,USED,KM,48749,Branco,AUTOMATIC,FLEX,"Avenida Paulo Roberto Cunha, Quadra L Lote 15",Rio Verde,GO,75901-648,BR,Rio Verde,-17.7975,-50.9266,thiago-veiculos-rv,Thiago Veículos,779017,https://resized-images.autoconf.com.br/1000x750/filters:format(jpg)/veiculos/fotos/779017/70c23dc7-a1e1-44e0-896a-05ce0331bb78.jpg,Chevrolet ONIX SEDAN Plus LTZ 1.0 12V TB Flex Aut.,https://resized-images.autoconf.com.br/1000x750/filters:format(jpg)/veiculos/fotos/779017/6e513045-2591-42f3-963e-a96c03a676bc.jpg,https://resized-images.autoconf.com.br/1000x750/filters:format(jpg)/veiculos/fotos/779017/d0e2b39b-e29b-46c7-91da-6b0ccd6bb5b0.jpg,https://resized-images.autoconf.com.br/1000x750/filters:format(jpg)/veiculos/fotos/779017/df160369-59bd-4a6c-82a7-1c63ca9b0f67.jpg,https://resized-images.autoconf.com.br/1000x750/filters:format(jpg)/veiculos/fotos/779017/ccca2fe2-9d42-4e81-92c2-8c89067407a2.jpg,https://resized-images.autoconf.com.br/1000x750/filters:format(jpg)/veiculos/fotos/779017/6dab7254-bf81-4223-855a-87c781ced48a.jpg,https://resized-images.autoconf.com.br/1000x750/filters:format(jpg)/veiculos/fotos/779017/3c85fd13-cd20-4f33-8972-815d1c3d50e0.jpg,https://resized-images.autoconf.com.br/1000x750/filters:format(jpg)/veiculos/fotos/779017/159e0473-972d-4956-9e91-8bbb8ecaad1b.jpg,https://resized-images.autoconf.com.br/1000x750/filters:format(jpg)/veiculos/fotos/779017/1cd4def1-8959-48d2-be64-e7a9b4212e70.jpg,,,,,,,,,,,,80 a 120 mil,SEDAN,Chevrolet,2024,FLEX
779028,779028,Ford Ranger XLS 2.2 4x4 CD Diesel Aut.,"Ford Ranger XLS 2.2 4x4 CD Diesel Aut. — Ano 2020, 115.945 km, cor Prata. Seminovo com procedência, revisado e com garantia da loja. Thiago Veículos, em Rio Verde-GO. Agende sua visita ou chame no WhatsApp que a gente te atende rapidinho.",in stock,used,134990.00 BRL,,https://thiagoveiculosrv.com.br/carros/ford/ranger-xls-2-2-4x4-cd-diesel-aut/2020/779028,Ford,Ranger,XLS 2.2 4x4 CD Diesel Aut.,2020,PICKUP,USED,KM,115945,Prata,AUTOMATIC,DIESEL,"Avenida Paulo Roberto Cunha, Quadra L Lote 15",Rio Verde,GO,75901-648,BR,Rio Verde,-17.7975,-50.9266,thiago-veiculos-rv,Thiago Veículos,779028,https://resized-images.autoconf.com.br/1000x750/filters:format(jpg)/veiculos/fotos/779028/12f434d0-45e9-4979-9447-0bc165eaaee9.jpg,Ford Ranger XLS 2.2 4x4 CD Diesel Aut.,https://resized-images.autoconf.com.br/1000x750/filters:format(jpg)/veiculos/fotos/779028/401583e5-2d52-43df-ac22-77acaeba1276.jpg,https://resized-images.autoconf.com.br/1000x750/filters:format(jpg)/veiculos/fotos/779028/5d9d5b60-30b6-4896-8267-e7f9982d310f.jpg,https://resized-images.autoconf.com.br/1000x750/filters:format(jpg)/veiculos/fotos/779028/4e2e6c32-68ef-4cea-bf1a-8b2e4e7c4f39.jpg,https://resized-images.autoconf.com.br/1000x750/filters:format(jpg)/veiculos/fotos/779028/9100ae6b-6c84-436d-a660-9d118e5da357.jpg,https://resized-images.autoconf.com.br/1000x750/filters:format(jpg)/veiculos/fotos/779028/6753ab30-3a7e-4fb3-98b3-0e391fc92001.jpg,https://resized-images.autoconf.com.br/1000x750/filters:format(jpg)/veiculos/fotos/779028/2edfbef5-0d37-4044-8196-b2aa512e3456.jpg,https://resized-images.autoconf.com.br/1000x750/filters:format(jpg)/veiculos/fotos/779028/97bed88d-ebb8-4951-81a1-f5e3112f127f.jpg,https://resized-images.autoconf.com.br/1000x750/filters:format(jpg)/veiculos/fotos/779028/535f6123-ad46-419c-8ee9-a4d2d092c636.jpg,,,,,,,,,,,,120 a 200 mil,PICKUP,Ford,2020,DIESEL
779038,779038,Renault KWID Zen 1.0 Flex 12V 5p Mec.,"Renault KWID Zen 1.0 Flex 12V 5p Mec. — Ano 2022, 44.442 km, cor Branco. Seminovo com procedência, revisado e com garantia da loja. Thiago Veículos, em Rio Verde-GO. Agende sua visita ou chame no WhatsApp que a gente te atende rapidinho.",in stock,used,54990.00 BRL,,https://thiagoveiculosrv.com.br/carros/renault/kwid-zen-1-0-flex-12v-5p-mec/2022/779038,Renault,KWID,Zen 1.0 Flex 12V 5p Mec.,2022,HATCHBACK,USED,KM,44442,Branco,MANUAL,FLEX,"Avenida Paulo Roberto Cunha, Quadra L Lote 15",Rio Verde,GO,75901-648,BR,Rio Verde,-17.7975,-50.9266,thiago-veiculos-rv,Thiago Veículos,779038,https://resized-images.autoconf.com.br/1000x750/filters:format(jpg)/veiculos/fotos/779038/37222ed0-e6e8-42be-8cb5-b3a5164f1236.jpg,Renault KWID Zen 1.0 Flex 12V 5p Mec.,https://resized-images.autoconf.com.br/1000x750/filters:format(jpg)/veiculos/fotos/779038/3ed75edf-d35e-4985-90e3-acfb5b7681af.jpg,https://resized-images.autoconf.com.br/1000x750/filters:format(jpg)/veiculos/fotos/779038/0bc4b718-01ee-446d-8048-0094b5dd4c32.jpg,https://resized-images.autoconf.com.br/1000x750/filters:format(jpg)/veiculos/fotos/779038/2fee6f31-e049-42ff-be05-03f23841d197.jpg,https://resized-images.autoconf.com.br/1000x750/filters:format(jpg)/veiculos/fotos/779038/54da35ff-9f96-4090-b3a0-219f75510fb8.jpg,https://resized-images.autoconf.com.br/1000x750/filters:format(jpg)/veiculos/fotos/779038/63fc2799-53fe-4467-9ba4-b8844590927d.jpg,https://resized-images.autoconf.com.br/1000x750/filters:format(jpg)/veiculos/fotos/779038/00b5fdf9-3a7f-472f-a67b-3d9ef97c2c9a.jpg,https://resized-images.autoconf.com.br/1000x750/filters:format(jpg)/veiculos/fotos/779038/e9436a04-1865-4e0f-bb82-bbb0b75f2c96.jpg,https://resized-images.autoconf.com.br/1000x750/filters:format(jpg)/veiculos/fotos/779038/e5dd4074-556a-4578-90db-60e0f8ca5a25.jpg,,,,,,,,,,,,50 a 80 mil,HATCHBACK,Renault,2022,FLEX
781282,781282,Jeep Renegade S T270 1.3 TB 4x4 Flex Aut.,"Jeep Renegade S T270 1.3 TB 4x4 Flex Aut. — Ano 2022, 62.210 km, cor Cinza. Seminovo com procedência, revisado e com garantia da loja. Thiago Veículos, em Rio Verde-GO. Agende sua visita ou chame no WhatsApp que a gente te atende rapidinho.",in stock,used,114990.00 BRL,,https://thiagoveiculosrv.com.br/carros/jeep/renegade-s-t270-1-3-tb-4x4-flex-aut/2022/781282,Jeep,Renegade,S T270 1.3 TB 4x4 Flex Aut.,2022,SUV,USED,KM,62210,Cinza,AUTOMATIC,FLEX,"Avenida Paulo Roberto Cunha, Quadra L Lote 15",Rio Verde,GO,75901-648,BR,Rio Verde,-17.7975,-50.9266,thiago-veiculos-rv,Thiago Veículos,781282,https://resized-images.autoconf.com.br/1000x750/filters:format(jpg)/veiculos/fotos/781282/91f3c772-6dff-4d0b-b524-fb2c5d102a08.jpg,Jeep Renegade S T270 1.3 TB 4x4 Flex Aut.,https://resized-images.autoconf.com.br/1000x750/filters:format(jpg)/veiculos/fotos/781282/44b8d0c2-04c9-4072-bb44-f95cd37d8df5.jpg,https://resized-images.autoconf.com.br/1000x750/filters:format(jpg)/veiculos/fotos/781282/da23cc47-ea4b-47a3-88c5-2dc347e99a26.jpg,https://resized-images.autoconf.com.br/1000x750/filters:format(jpg)/veiculos/fotos/781282/cd853bd9-a922-4283-8254-1e95f493e2d6.jpg,https://resized-images.autoconf.com.br/1000x750/filters:format(jpg)/veiculos/fotos/781282/69a85473-bb81-4c2b-b6a2-08d3d8e62df9.jpg,https://resized-images.autoconf.com.br/1000x750/filters:format(jpg)/veiculos/fotos/781282/0208481c-57ee-487c-becd-f05e0ea2aa29.jpg,https://resized-images.autoconf.com.br/1000x750/filters:format(jpg)/veiculos/fotos/781282/e9edda77-4dc0-40c5-ba9d-d61b1d75631f.jpg,https://resized-images.autoconf.com.br/1000x750/filters:format(jpg)/veiculos/fotos/781282/a3129f29-4b32-4e9b-b0ba-68da7802a28b.jpg,https://resized-images.autoconf.com.br/1000x750/filters:format(jpg)/veiculos/fotos/781282/0f63a2db-bbf3-46a2-abf2-5425c1f61f02.jpg,,,,,,,,,,,,80 a 120 mil,SUV,Jeep,2022,FLEX
786892,786892,Citroën AIRCROSS Live Bus. 1.6 Flex 5p Aut.,"Citroën AIRCROSS Live Bus. 1.6 Flex 5p Aut. — Ano 2020, 81.281 km, cor Branco. Seminovo com procedência, revisado e com garantia da loja. Thiago Veículos, em Rio Verde-GO. Agende sua visita ou chame no WhatsApp que a gente te atende rapidinho.",in stock,used,62990.00 BRL,,https://thiagoveiculosrv.com.br/carros/citroen/aircross-live-bus-1-6-flex-5p-aut-pcd/2020/786892,Citroën,AIRCROSS,Live Bus. 1.6 Flex 5p Aut.,2020,SUV,USED,KM,81281,Branco,AUTOMATIC,FLEX,"Avenida Paulo Roberto Cunha, Quadra L Lote 15",Rio Verde,GO,75901-648,BR,Rio Verde,-17.7975,-50.9266,thiago-veiculos-rv,Thiago Veículos,786892,https://resized-images.autoconf.com.br/1000x750/filters:format(jpg)/veiculos/fotos/786892/89079ef7-6e70-40e9-80dd-b0364a9d1998.jpg,Citroën AIRCROSS Live Bus. 1.6 Flex 5p Aut.,https://resized-images.autoconf.com.br/1000x750/filters:format(jpg)/veiculos/fotos/786892/8b1c70d7-9c80-41ff-87d5-2b21dd3598db.jpg,https://resized-images.autoconf.com.br/1000x750/filters:format(jpg)/veiculos/fotos/786892/d38ed861-b7dd-4cef-947c-67d190c1ad3a.jpg,https://resized-images.autoconf.com.br/1000x750/filters:format(jpg)/veiculos/fotos/786892/c5d2a1c3-349f-40d7-8889-1635eaffe604.jpg,https://resized-images.autoconf.com.br/1000x750/filters:format(jpg)/veiculos/fotos/786892/7f52348f-4a2d-4340-996a-5a9d41ad12e5.jpg,https://resized-images.autoconf.com.br/1000x750/filters:format(jpg)/veiculos/fotos/786892/ce97f800-91d7-46fd-8c4b-c8b215ba3abf.jpg,https://resized-images.autoconf.com.br/1000x750/filters:format(jpg)/veiculos/fotos/786892/57f5415a-db65-488b-896e-d49e9aa9e589.jpg,https://resized-images.autoconf.com.br/1000x750/filters:format(jpg)/veiculos/fotos/786892/3d322a69-6e5d-4e87-a66f-d0c12d63e596.jpg,https://resized-images.autoconf.com.br/1000x750/filters:format(jpg)/veiculos/fotos/786892/64d901c2-d50d-47d6-9145-0766c7d97c04.jpg,,,,,,,,,,,,50 a 80 mil,SUV,Citroën,2020,FLEX
786969,786969,Chevrolet ONIX HATCH 1.0 12V TB 5p Mec.,"Chevrolet ONIX HATCH 1.0 12V TB 5p Mec. — Ano 2026, 500 km, cor Branco. Seminovo com procedência, revisado e com garantia da loja. Thiago Veículos, em Rio Verde-GO. Agende sua visita ou chame no WhatsApp que a gente te atende rapidinho.",in stock,used,96990.00 BRL,,https://thiagoveiculosrv.com.br/carros/gm-chevrolet/onix-hatch-1-0-12v-tb-5p-mec/2026/786969,Chevrolet,ONIX,HATCH 1.0 12V TB 5p Mec.,2026,HATCHBACK,USED,KM,500,Branco,MANUAL,FLEX,"Avenida Paulo Roberto Cunha, Quadra L Lote 15",Rio Verde,GO,75901-648,BR,Rio Verde,-17.7975,-50.9266,thiago-veiculos-rv,Thiago Veículos,786969,https://resized-images.autoconf.com.br/1000x750/filters:format(jpg)/veiculos/fotos/786969/35017cfd-7fec-4fe0-aaa3-2421ddcea4ce.jpg,Chevrolet ONIX HATCH 1.0 12V TB 5p Mec.,https://resized-images.autoconf.com.br/1000x750/filters:format(jpg)/veiculos/fotos/786969/07fc10e5-b3c4-44a4-8fc9-aae782a0f56c.jpg,https://resized-images.autoconf.com.br/1000x750/filters:format(jpg)/veiculos/fotos/786969/36516047-5cf6-4783-a7ba-a2b105d9d15a.jpg,https://resized-images.autoconf.com.br/1000x750/filters:format(jpg)/veiculos/fotos/786969/8612a9c4-74b2-4599-b29d-cdd041da7777.jpg,https://resized-images.autoconf.com.br/1000x750/filters:format(jpg)/veiculos/fotos/786969/df2b7775-2018-45f7-9e4d-67b84f6f7295.jpg,https://resized-images.autoconf.com.br/1000x750/filters:format(jpg)/veiculos/fotos/786969/e97d5aba-f39b-4d40-9f47-e9e298ae69c2.jpg,https://resized-images.autoconf.com.br/1000x750/filters:format(jpg)/veiculos/fotos/786969/c0cd2d28-983d-4260-a242-214d9b10be53.jpg,https://resized-images.autoconf.com.br/1000x750/filters:format(jpg)/veiculos/fotos/786969/e2f48734-4d53-4574-b062-4c6625a97ac9.jpg,https://resized-images.autoconf.com.br/1000x750/filters:format(jpg)/veiculos/fotos/786969/b1a9584d-e44f-4353-96e7-e5449b1c15ee.jpg,https://resized-images.autoconf.com.br/1000x750/filters:format(jpg)/veiculos/fotos/786969/c1a9d646-a85d-460e-9fd1-b9936a64d117.jpg,https://resized-images.autoconf.com.br/1000x750/filters:format(jpg)/veiculos/fotos/786969/c268e434-c5d6-4f15-b007-f198b5ed9ebe.jpg,,,,,,,,,,80 a 120 mil,HATCHBACK,Chevrolet,2026,FLEX
816500,816500,Volkswagen Gol 1.0 Flex 12V 5p,"Volkswagen Gol 1.0 Flex 12V 5p — Ano 2023, 37.563 km, cor Branco. Seminovo com procedência, revisado e com garantia da loja. Thiago Veículos, em Rio Verde-GO. Agende sua visita ou chame no WhatsApp que a gente te atende rapidinho.",in stock,used,59990.00 BRL,,https://thiagoveiculosrv.com.br/carros/vw-volkswagen/gol-1-0-flex-12v-5p/2023/816500,Volkswagen,Gol,1.0 Flex 12V 5p,2023,HATCHBACK,USED,KM,37563,Branco,MANUAL,FLEX,"Avenida Paulo Roberto Cunha, Quadra L Lote 15",Rio Verde,GO,75901-648,BR,Rio Verde,-17.7975,-50.9266,thiago-veiculos-rv,Thiago Veículos,816500,https://resized-images.autoconf.com.br/1000x750/filters:format(jpg)/veiculos/fotos/816500/0c75ec51-dd02-4435-8d7c-59eb6070e869.jpg,Volkswagen Gol 1.0 Flex 12V 5p,https://resized-images.autoconf.com.br/1000x750/filters:format(jpg)/veiculos/fotos/816500/0dc8dc4d-3322-4714-bc4e-251559830354.jpg,https://resized-images.autoconf.com.br/1000x750/filters:format(jpg)/veiculos/fotos/816500/b02884ad-d920-49c8-8790-b535e9d74b44.jpg,https://resized-images.autoconf.com.br/1000x750/filters:format(jpg)/veiculos/fotos/816500/a643f703-e22e-411a-9b3c-47a0bf2328cf.jpg,https://resized-images.autoconf.com.br/1000x750/filters:format(jpg)/veiculos/fotos/816500/24c98ce6-11f0-4231-accd-a1f577778986.jpg,https://resized-images.autoconf.com.br/1000x750/filters:format(jpg)/veiculos/fotos/816500/9dacc88c-dc0b-45e3-8b4b-1c309b09f79d.jpg,https://resized-images.autoconf.com.br/1000x750/filters:format(jpg)/veiculos/fotos/816500/2f9e0920-f056-42c6-9a68-4f98e1b1320a.jpg,https://resized-images.autoconf.com.br/1000x750/filters:format(jpg)/veiculos/fotos/816500/2c5ade5f-ffd3-4bb2-9636-693cc860a0b3.jpg,https://resized-images.autoconf.com.br/1000x750/filters:format(jpg)/veiculos/fotos/816500/bdb84f1c-8988-48f7-bc0d-97782fd8d39a.jpg,,,,,,,,,,,,50 a 80 mil,HATCHBACK,Volkswagen,2023,FLEX
819058,819058,Hyundai HB20 Comf. Plus Tech 1.0 TB Flex 12V Aut,"Hyundai HB20 Comf. Plus Tech 1.0 TB Flex 12V Aut — Ano 2025, 23.531 km, cor Prata. Seminovo com procedência, revisado e com garantia da loja. Thiago Veículos, em Rio Verde-GO. Agende sua visita ou chame no WhatsApp que a gente te atende rapidinho.",in stock,used,99990.00 BRL,,https://thiagoveiculosrv.com.br/carros/hyundai/hb20-comf-plus-tech-1-0-tb-flex-12v-aut/2025/819058,Hyundai,HB20,Comf. Plus Tech 1.0 TB Flex 12V Aut,2025,HATCHBACK,USED,KM,23531,Prata,AUTOMATIC,FLEX,"Avenida Paulo Roberto Cunha, Quadra L Lote 15",Rio Verde,GO,75901-648,BR,Rio Verde,-17.7975,-50.9266,thiago-veiculos-rv,Thiago Veículos,819058,https://resized-images.autoconf.com.br/1000x750/filters:format(jpg)/veiculos/fotos/819058/f80898c3-fd7b-4ba5-8b5a-4e888fbd3485.jpg,Hyundai HB20 Comf. Plus Tech 1.0 TB Flex 12V Aut,https://resized-images.autoconf.com.br/1000x750/filters:format(jpg)/veiculos/fotos/819058/eb3a556d-54b6-4c28-8c68-4429c7c658d2.jpg,https://resized-images.autoconf.com.br/1000x750/filters:format(jpg)/veiculos/fotos/819058/f2d2a986-9f61-4136-9b66-1accdceedf02.jpg,https://resized-images.autoconf.com.br/1000x750/filters:format(jpg)/veiculos/fotos/819058/2cbd9c41-7a09-456b-ad17-89da5b21eae5.jpg,https://resized-images.autoconf.com.br/1000x750/filters:format(jpg)/veiculos/fotos/819058/4cb9f7fe-9c91-442c-9429-1c04e61eb82d.jpg,https://resized-images.autoconf.com.br/1000x750/filters:format(jpg)/veiculos/fotos/819058/37104c6b-ce56-4eac-b35f-b04c9e5b1ed5.jpg,https://resized-images.autoconf.com.br/1000x750/filters:format(jpg)/veiculos/fotos/819058/1b0e2b2a-eeb8-401a-a784-5036708b2008.jpg,https://resized-images.autoconf.com.br/1000x750/filters:format(jpg)/veiculos/fotos/819058/92c34165-f82b-455b-8dc8-2ad1b4dd14df.jpg,https://resized-images.autoconf.com.br/1000x750/filters:format(jpg)/veiculos/fotos/819058/3817373c-fef0-4e66-bb5d-641f1f26491a.jpg,https://resized-images.autoconf.com.br/1000x750/filters:format(jpg)/veiculos/fotos/819058/ca4997f8-031b-4a65-bb1c-df872228bffd.jpg,,,,,,,,,,,80 a 120 mil,HATCHBACK,Hyundai,2025,FLEX
827034,827034,Fiat Strada Trekking 1.6 16V Flex CE,"Fiat Strada Trekking 1.6 16V Flex CE — Ano 2013, 335.879 km, cor Branco. Seminovo com procedência, revisado e com garantia da loja. Thiago Veículos, em Rio Verde-GO. Agende sua visita ou chame no WhatsApp que a gente te atende rapidinho.",in stock,used,54990.00 BRL,,https://thiagoveiculosrv.com.br/carros/fiat/strada-trekking-1-6-16v-flex-ce/2013/827034,Fiat,Strada,Trekking 1.6 16V Flex CE,2013,PICKUP,USED,KM,335879,Branco,MANUAL,FLEX,"Avenida Paulo Roberto Cunha, Quadra L Lote 15",Rio Verde,GO,75901-648,BR,Rio Verde,-17.7975,-50.9266,thiago-veiculos-rv,Thiago Veículos,827034,https://resized-images.autoconf.com.br/1000x750/filters:format(jpg)/veiculos/fotos/827034/dc6033d4-b220-43a2-8763-6a48f433baa9.jpg,Fiat Strada Trekking 1.6 16V Flex CE,https://resized-images.autoconf.com.br/1000x750/filters:format(jpg)/veiculos/fotos/827034/baa96a6a-2e69-4367-acf1-b3feb6cccd4e.jpg,https://resized-images.autoconf.com.br/1000x750/filters:format(jpg)/veiculos/fotos/827034/c1aab80d-d08f-4101-8a98-476394024b73.jpg,https://resized-images.autoconf.com.br/1000x750/filters:format(jpg)/veiculos/fotos/827034/3714a3f1-370d-4165-bdb6-973daac2b47e.jpg,https://resized-images.autoconf.com.br/1000x750/filters:format(jpg)/veiculos/fotos/827034/f03853be-4e19-419e-bf31-b1ce5c644c7c.jpg,https://resized-images.autoconf.com.br/1000x750/filters:format(jpg)/veiculos/fotos/827034/58cd0758-ec6d-4e85-8c53-5df8cc2111bf.jpg,https://resized-images.autoconf.com.br/1000x750/filters:format(jpg)/veiculos/fotos/827034/9196057a-6fb8-43b8-9b71-4220cc0b65a6.jpg,,,,,,,,,,,,,,50 a 80 mil,PICKUP,Fiat,2013,FLEX
832036,832036,Hyundai HB20S Comfort Plus 1.0 TB Flex 12V Aut,"Hyundai HB20S Comfort Plus 1.0 TB Flex 12V Aut — Ano 2024, 7.000 km, cor Branco. Seminovo com procedência, revisado e com garantia da loja. Thiago Veículos, em Rio Verde-GO. Agende sua visita ou chame no WhatsApp que a gente te atende rapidinho.",in stock,used,99990.00 BRL,,https://thiagoveiculosrv.com.br/carros/hyundai/hb20s-comfort-plus-1-0-tb-flex-12v-aut/2024/832036,Hyundai,HB20S,Comfort Plus 1.0 TB Flex 12V Aut,2024,SEDAN,USED,KM,7000,Branco,AUTOMATIC,FLEX,"Avenida Paulo Roberto Cunha, Quadra L Lote 15",Rio Verde,GO,75901-648,BR,Rio Verde,-17.7975,-50.9266,thiago-veiculos-rv,Thiago Veículos,832036,https://resized-images.autoconf.com.br/1000x750/filters:format(jpg)/veiculos/fotos/832036/b77aa8c6-0c9c-48c0-bada-374d8792ebb3.jpg,Hyundai HB20S Comfort Plus 1.0 TB Flex 12V Aut,https://resized-images.autoconf.com.br/1000x750/filters:format(jpg)/veiculos/fotos/832036/eec5bca3-8d6d-4618-9212-b5886c056940.jpg,https://resized-images.autoconf.com.br/1000x750/filters:format(jpg)/veiculos/fotos/832036/d05756cb-c7a9-4ddb-add9-803991356048.jpg,https://resized-images.autoconf.com.br/1000x750/filters:format(jpg)/veiculos/fotos/832036/892ded77-6a01-4c52-a2d8-ed5870150148.jpg,https://resized-images.autoconf.com.br/1000x750/filters:format(jpg)/veiculos/fotos/832036/66cb8cd2-2f24-4876-a71a-f6ca343884ae.jpg,https://resized-images.autoconf.com.br/1000x750/filters:format(jpg)/veiculos/fotos/832036/d099166b-ae32-4412-85cf-b71af3d7a77d.jpg,https://resized-images.autoconf.com.br/1000x750/filters:format(jpg)/veiculos/fotos/832036/575eeb67-4a79-4b08-83a4-c90b393f0300.jpg,https://resized-images.autoconf.com.br/1000x750/filters:format(jpg)/veiculos/fotos/832036/2ac93dc4-68cb-41f6-81fc-51ce3b63aaed.jpg,https://resized-images.autoconf.com.br/1000x750/filters:format(jpg)/veiculos/fotos/832036/ed58f122-8f57-4101-bf09-33544c0eba51.jpg,https://resized-images.autoconf.com.br/1000x750/filters:format(jpg)/veiculos/fotos/832036/22430109-9c5b-43d9-a198-3e274dbc38c2.jpg,https://resized-images.autoconf.com.br/1000x750/filters:format(jpg)/veiculos/fotos/832036/0b88e35c-0fb9-4dd7-a42d-72ccdc168347.jpg,,,,,,,,,,80 a 120 mil,SEDAN,Hyundai,2024,FLEX
832561,832561,Fiat Strada Endurance 1.4 Flex 8V CS Plus,"Fiat Strada Endurance 1.4 Flex 8V CS Plus — Ano 2022, 50.392 km, cor Branco. Seminovo com procedência, revisado e com garantia da loja. Thiago Veículos, em Rio Verde-GO. Agende sua visita ou chame no WhatsApp que a gente te atende rapidinho.",in stock,used,79990.00 BRL,,https://thiagoveiculosrv.com.br/carros/fiat/strada-endurance-1-4-flex-8v-cs-plus/2022/832561,Fiat,Strada,Endurance 1.4 Flex 8V CS Plus,2022,PICKUP,USED,KM,50392,Branco,MANUAL,FLEX,"Avenida Paulo Roberto Cunha, Quadra L Lote 15",Rio Verde,GO,75901-648,BR,Rio Verde,-17.7975,-50.9266,thiago-veiculos-rv,Thiago Veículos,832561,https://resized-images.autoconf.com.br/1000x750/filters:format(jpg)/veiculos/fotos/832561/0155e109-67f4-475f-aa08-c130a4e08eb1.jpg,Fiat Strada Endurance 1.4 Flex 8V CS Plus,https://resized-images.autoconf.com.br/1000x750/filters:format(jpg)/veiculos/fotos/832561/74be93aa-9fb2-40d8-b019-bde721830a04.jpg,https://resized-images.autoconf.com.br/1000x750/filters:format(jpg)/veiculos/fotos/832561/64bfcc14-9001-4e8f-bb1c-f09e9057aef3.jpg,https://resized-images.autoconf.com.br/1000x750/filters:format(jpg)/veiculos/fotos/832561/496269e1-a157-4091-a5bc-0dd77d9c04bd.jpg,https://resized-images.autoconf.com.br/1000x750/filters:format(jpg)/veiculos/fotos/832561/06e8a832-c9d7-4e1f-b670-98edc0172c3f.jpg,https://resized-images.autoconf.com.br/1000x750/filters:format(jpg)/veiculos/fotos/832561/39f67180-1e5a-4fe3-99cc-63b2357331e5.jpg,https://resized-images.autoconf.com.br/1000x750/filters:format(jpg)/veiculos/fotos/832561/70e063af-f970-468b-a3fd-171c98226cdc.jpg,https://resized-images.autoconf.com.br/1000x750/filters:format(jpg)/veiculos/fotos/832561/2d35bbad-5ae4-42a9-888f-000b47bacf7f.jpg,,,,,,,,,,,,,50 a 80 mil,PICKUP,Fiat,2022,FLEX
832584,832584,Volkswagen Polo 1.0 Flex 12V 5p,"Volkswagen Polo 1.0 Flex 12V 5p — Ano 2020, 58.733 km, cor Prata. Seminovo com procedência, revisado e com garantia da loja. Thiago Veículos, em Rio Verde-GO. Agende sua visita ou chame no WhatsApp que a gente te atende rapidinho.",in stock,used,72990.00 BRL,,https://thiagoveiculosrv.com.br/carros/vw-volkswagen/polo-1-0-flex-12v-5p/2020/832584,Volkswagen,Polo,1.0 Flex 12V 5p,2020,HATCHBACK,USED,KM,58733,Prata,MANUAL,FLEX,"Avenida Paulo Roberto Cunha, Quadra L Lote 15",Rio Verde,GO,75901-648,BR,Rio Verde,-17.7975,-50.9266,thiago-veiculos-rv,Thiago Veículos,832584,https://resized-images.autoconf.com.br/1000x750/filters:format(jpg)/veiculos/fotos/832584/0152348a-d673-4741-93ae-fdbb01aa2660.jpg,Volkswagen Polo 1.0 Flex 12V 5p,https://resized-images.autoconf.com.br/1000x750/filters:format(jpg)/veiculos/fotos/832584/01d41226-d10c-4e46-910f-ddc91000c566.jpg,https://resized-images.autoconf.com.br/1000x750/filters:format(jpg)/veiculos/fotos/832584/60c5c29a-4a22-4267-80d0-0a152ca32483.jpg,https://resized-images.autoconf.com.br/1000x750/filters:format(jpg)/veiculos/fotos/832584/181c644c-d5a5-4971-a189-54fdd9dcf3e1.jpg,https://resized-images.autoconf.com.br/1000x750/filters:format(jpg)/veiculos/fotos/832584/613cccb8-b3b5-4297-94c3-0c46c83685b9.jpg,https://resized-images.autoconf.com.br/1000x750/filters:format(jpg)/veiculos/fotos/832584/3f1198d3-68ff-402e-9983-ddd73fe4db0e.jpg,https://resized-images.autoconf.com.br/1000x750/filters:format(jpg)/veiculos/fotos/832584/ce962372-6a63-4996-b1c3-2799f1f60e95.jpg,https://resized-images.autoconf.com.br/1000x750/filters:format(jpg)/veiculos/fotos/832584/4a727346-51c9-4b28-94e5-cc0366422b48.jpg,https://resized-images.autoconf.com.br/1000x750/filters:format(jpg)/veiculos/fotos/832584/5c923c3f-d2e4-4de4-a7ca-f50f355471d3.jpg,https://resized-images.autoconf.com.br/1000x750/filters:format(jpg)/veiculos/fotos/832584/8257f795-26f0-4043-8149-de84dffac91d.jpg,,,,,,,,,,,50 a 80 mil,HATCHBACK,Volkswagen,2020,FLEX
842973,842973,Volkswagen Polo Track 1.0 Flex 12V 5p,"Volkswagen Polo Track 1.0 Flex 12V 5p — Ano 2025, 65.385 km, cor Branco. Seminovo com procedência, revisado e com garantia da loja. Thiago Veículos, em Rio Verde-GO. Agende sua visita ou chame no WhatsApp que a gente te atende rapidinho.",in stock,used,78990.00 BRL,,https://thiagoveiculosrv.com.br/carros/vw-volkswagen/polo-track-1-0-flex-12v-5p/2025/842973,Volkswagen,Polo,Track 1.0 Flex 12V 5p,2025,HATCHBACK,USED,KM,65385,Branco,MANUAL,FLEX,"Avenida Paulo Roberto Cunha, Quadra L Lote 15",Rio Verde,GO,75901-648,BR,Rio Verde,-17.7975,-50.9266,thiago-veiculos-rv,Thiago Veículos,842973,https://resized-images.autoconf.com.br/1000x750/filters:format(jpg)/veiculos/fotos/842973/fd3b4ff9-fbd6-4be3-b26f-81a5e035e836.jpg,Volkswagen Polo Track 1.0 Flex 12V 5p,https://resized-images.autoconf.com.br/1000x750/filters:format(jpg)/veiculos/fotos/842973/7c056748-9dda-446e-85bc-8fb3890d0b97.jpg,https://resized-images.autoconf.com.br/1000x750/filters:format(jpg)/veiculos/fotos/842973/54dd530e-1673-44b0-8728-35bd16ee2cd1.jpg,https://resized-images.autoconf.com.br/1000x750/filters:format(jpg)/veiculos/fotos/842973/fe99342b-b9d5-4261-8c1b-4a423a2761ed.jpg,https://resized-images.autoconf.com.br/1000x750/filters:format(jpg)/veiculos/fotos/842973/f151635c-7161-4850-871b-3f0d9175a184.jpg,https://resized-images.autoconf.com.br/1000x750/filters:format(jpg)/veiculos/fotos/842973/81be2801-ccfd-428d-aa91-435959d2238c.jpg,https://resized-images.autoconf.com.br/1000x750/filters:format(jpg)/veiculos/fotos/842973/7a206be0-a165-4ed0-9f54-fbd6a7fa941e.jpg,https://resized-images.autoconf.com.br/1000x750/filters:format(jpg)/veiculos/fotos/842973/fab62a41-a7ed-409b-bc35-a881df2a32bf.jpg,https://resized-images.autoconf.com.br/1000x750/filters:format(jpg)/veiculos/fotos/842973/7507a9c5-a62c-469f-a8b8-c2c77f96597e.jpg,https://resized-images.autoconf.com.br/1000x750/filters:format(jpg)/veiculos/fotos/842973/5b2a427b-8799-49ef-960f-9352e5bda3c1.jpg,,,,,,,,,,,50 a 80 mil,HATCHBACK,Volkswagen,2025,FLEX
844543,844543,Volkswagen T-Cross 200 TSI 1.0 Flex 12V 5p Aut.,"Volkswagen T-Cross 200 TSI 1.0 Flex 12V 5p Aut. — Ano 2021, 90.797 km, cor Prata. Seminovo com procedência, revisado e com garantia da loja. Thiago Veículos, em Rio Verde-GO. Agende sua visita ou chame no WhatsApp que a gente te atende rapidinho.",in stock,used,98990.00 BRL,,https://thiagoveiculosrv.com.br/carros/vw-volkswagen/t-cross-1-0-tsi-flex-12v-5p-aut/2021/844543,Volkswagen,T-Cross,200 TSI 1.0 Flex 12V 5p Aut.,2021,SUV,USED,KM,90797,Prata,AUTOMATIC,FLEX,"Avenida Paulo Roberto Cunha, Quadra L Lote 15",Rio Verde,GO,75901-648,BR,Rio Verde,-17.7975,-50.9266,thiago-veiculos-rv,Thiago Veículos,844543,https://resized-images.autoconf.com.br/1000x750/filters:format(jpg)/veiculos/fotos/844543/3c1ac2e0-db63-48ef-8675-f5a2b89b2591.jpg,Volkswagen T-Cross 200 TSI 1.0 Flex 12V 5p Aut.,https://resized-images.autoconf.com.br/1000x750/filters:format(jpg)/veiculos/fotos/844543/62ad634a-81e4-42b9-a979-e66ba3579276.jpg,https://resized-images.autoconf.com.br/1000x750/filters:format(jpg)/veiculos/fotos/844543/9511d3fa-773b-4096-8494-35936f2514ef.jpg,https://resized-images.autoconf.com.br/1000x750/filters:format(jpg)/veiculos/fotos/844543/7e346a7e-98e7-4f08-9dec-cf5c59bc9ba3.jpg,https://resized-images.autoconf.com.br/1000x750/filters:format(jpg)/veiculos/fotos/844543/4d33f2b1-dc62-45dd-9572-6992b52a3efc.jpg,https://resized-images.autoconf.com.br/1000x750/filters:format(jpg)/veiculos/fotos/844543/052e29a6-3f61-4b73-93f9-9f114c6370e2.jpg,https://resized-images.autoconf.com.br/1000x750/filters:format(jpg)/veiculos/fotos/844543/bc7dd108-34ee-4181-83ac-868ff2ec3128.jpg,https://resized-images.autoconf.com.br/1000x750/filters:format(jpg)/veiculos/fotos/844543/31955198-e615-4c63-ad7f-19fcf8fc4092.jpg,https://resized-images.autoconf.com.br/1000x750/filters:format(jpg)/veiculos/fotos/844543/72bd7443-a51f-454e-b308-c86373aa844e.jpg,https://resized-images.autoconf.com.br/1000x750/filters:format(jpg)/veiculos/fotos/844543/136eccca-116e-4c09-9d5f-5eb7664301c1.jpg,https://resized-images.autoconf.com.br/1000x750/filters:format(jpg)/veiculos/fotos/844543/ee829344-b5c3-47b4-b8de-9daa2bbfe6d3.jpg,https://resized-images.autoconf.com.br/1000x750/filters:format(jpg)/veiculos/fotos/844543/2a00b8c7-b4ec-4afa-bf07-6ffc3591234b.jpg,,,,,,,,,80 a 120 mil,SUV,Volkswagen,2021,FLEX
846569,846569,Ford Ranger XLT 3.0 V6 4x4 CD TB Die. Aut.,"Ford Ranger XLT 3.0 V6 4x4 CD TB Die. Aut. — Ano 2025, 59.761 km, cor Preto. Seminovo com procedência, revisado e com garantia da loja. Thiago Veículos, em Rio Verde-GO. Agende sua visita ou chame no WhatsApp que a gente te atende rapidinho.",in stock,used,249990.00 BRL,,https://thiagoveiculosrv.com.br/carros/ford/ranger-xlt-3-0-v6-4x4-cd-tb-die-aut/2025/846569,Ford,Ranger,XLT 3.0 V6 4x4 CD TB Die. Aut.,2025,PICKUP,USED,KM,59761,Preto,AUTOMATIC,DIESEL,"Avenida Paulo Roberto Cunha, Quadra L Lote 15",Rio Verde,GO,75901-648,BR,Rio Verde,-17.7975,-50.9266,thiago-veiculos-rv,Thiago Veículos,846569,https://resized-images.autoconf.com.br/1000x750/filters:format(jpg)/veiculos/fotos/846569/86a0c8a8-e229-45cc-a442-c40de8b17c07.jpg,Ford Ranger XLT 3.0 V6 4x4 CD TB Die. Aut.,https://resized-images.autoconf.com.br/1000x750/filters:format(jpg)/veiculos/fotos/846569/c8425c50-f99c-413f-8b84-30dae9954e83.jpg,https://resized-images.autoconf.com.br/1000x750/filters:format(jpg)/veiculos/fotos/846569/85e9cbb0-bfc2-4786-ba31-3465e4d20664.jpg,https://resized-images.autoconf.com.br/1000x750/filters:format(jpg)/veiculos/fotos/846569/c0b97257-7e49-4dbc-ab74-cc27b4fd3e88.jpg,https://resized-images.autoconf.com.br/1000x750/filters:format(jpg)/veiculos/fotos/846569/37aa818d-f0af-4fa0-a19e-98931add72d8.jpg,https://resized-images.autoconf.com.br/1000x750/filters:format(jpg)/veiculos/fotos/846569/5f324c99-639f-493f-b0b1-09f45db3f088.jpg,https://resized-images.autoconf.com.br/1000x750/filters:format(jpg)/veiculos/fotos/846569/44fd2f1e-8f5f-43ee-8ca7-09ee376724f0.jpg,https://resized-images.autoconf.com.br/1000x750/filters:format(jpg)/veiculos/fotos/846569/7724f2f9-cd7e-4fdb-8fd6-ffc235bb378a.jpg,https://resized-images.autoconf.com.br/1000x750/filters:format(jpg)/veiculos/fotos/846569/3f4a37f2-38c0-479a-b490-f95cbcbf248b.jpg,https://resized-images.autoconf.com.br/1000x750/filters:format(jpg)/veiculos/fotos/846569/c31e08fa-9f35-4d32-b217-71ab4235432e.jpg,https://resized-images.autoconf.com.br/1000x750/filters:format(jpg)/veiculos/fotos/846569/57057b3b-c1bd-40ec-b491-958e6d0ba0a3.jpg,https://resized-images.autoconf.com.br/1000x750/filters:format(jpg)/veiculos/fotos/846569/ba6f4095-d123-4802-9def-5c85e146a199.jpg,https://resized-images.autoconf.com.br/1000x750/filters:format(jpg)/veiculos/fotos/846569/315e86a9-e6c0-4eab-831a-161d9a7f2b11.jpg,https://resized-images.autoconf.com.br/1000x750/filters:format(jpg)/veiculos/fotos/846569/183b3811-9d9e-4901-b808-4c8770b0586b.jpg,,,,,,,Acima de 200 mil,PICKUP,Ford,2025,DIESEL
848682,848682,Volkswagen Gol 1.6 MSI Flex 8V 5p,"Volkswagen Gol 1.6 MSI Flex 8V 5p — Ano 2022, 76.918 km, cor Prata. Seminovo com procedência, revisado e com garantia da loja. Thiago Veículos, em Rio Verde-GO. Agende sua visita ou chame no WhatsApp que a gente te atende rapidinho.",in stock,used,62990.00 BRL,,https://thiagoveiculosrv.com.br/carros/vw-volkswagen/gol-1-6-msi-flex-8v-5p/2022/848682,Volkswagen,Gol,1.6 MSI Flex 8V 5p,2022,HATCHBACK,USED,KM,76918,Prata,MANUAL,FLEX,"Avenida Paulo Roberto Cunha, Quadra L Lote 15",Rio Verde,GO,75901-648,BR,Rio Verde,-17.7975,-50.9266,thiago-veiculos-rv,Thiago Veículos,848682,https://resized-images.autoconf.com.br/1000x750/filters:format(jpg)/veiculos/fotos/848682/b8b65c2a-87b2-4d6f-be45-290601dd7a0c.jpg,Volkswagen Gol 1.6 MSI Flex 8V 5p,https://resized-images.autoconf.com.br/1000x750/filters:format(jpg)/veiculos/fotos/848682/4c3eacd6-eab0-4028-b494-8d598baf470d.jpg,https://resized-images.autoconf.com.br/1000x750/filters:format(jpg)/veiculos/fotos/848682/0df58539-fa3c-47d3-a467-f24458f0edfd.jpg,https://resized-images.autoconf.com.br/1000x750/filters:format(jpg)/veiculos/fotos/848682/a3eaa351-e460-4e6c-9f4e-74add131b7f6.jpg,https://resized-images.autoconf.com.br/1000x750/filters:format(jpg)/veiculos/fotos/848682/533b46c2-d0b8-472e-897c-dc8d8b5a0549.jpg,https://resized-images.autoconf.com.br/1000x750/filters:format(jpg)/veiculos/fotos/848682/2a4251bc-9dc7-4fc1-a255-2528b623d79d.jpg,https://resized-images.autoconf.com.br/1000x750/filters:format(jpg)/veiculos/fotos/848682/c20b81d7-a6f0-4b10-9125-bd38062a464a.jpg,https://resized-images.autoconf.com.br/1000x750/filters:format(jpg)/veiculos/fotos/848682/309fabed-87ec-4c53-8340-eb28627c6bda.jpg,https://resized-images.autoconf.com.br/1000x750/filters:format(jpg)/veiculos/fotos/848682/bce01221-6fbd-40c4-9358-099c6c5b4164.jpg,,,,,,,,,,,,50 a 80 mil,HATCHBACK,Volkswagen,2022,FLEX
850617,850617,Toyota Hilux CD D4-D 4x4 2.5 16V 102cv TB Dies.,"Toyota Hilux CD D4-D 4x4 2.5 16V 102cv TB Dies. — Ano 2006, 180.732 km, cor Branco. Seminovo com procedência, revisado e com garantia da loja. Thiago Veículos, em Rio Verde-GO. Agende sua visita ou chame no WhatsApp que a gente te atende rapidinho.",in stock,used,84990.00 BRL,,https://thiagoveiculosrv.com.br/carros/toyota/hilux-cd-d4-d-4x4-2-5-16v-102cv-tb-dies/2006/850617,Toyota,Hilux,CD D4-D 4x4 2.5 16V 102cv TB Dies.,2006,PICKUP,USED,KM,180732,Branco,MANUAL,DIESEL,"Avenida Paulo Roberto Cunha, Quadra L Lote 15",Rio Verde,GO,75901-648,BR,Rio Verde,-17.7975,-50.9266,thiago-veiculos-rv,Thiago Veículos,850617,https://resized-images.autoconf.com.br/1000x750/filters:format(jpg)/veiculos/fotos/850617/0b26550a-2e0f-47ee-ad96-a06732008d49.jpg,Toyota Hilux CD D4-D 4x4 2.5 16V 102cv TB Dies.,https://resized-images.autoconf.com.br/1000x750/filters:format(jpg)/veiculos/fotos/850617/606ea310-e1f9-41a1-890f-62cc484e0a4b.jpg,https://resized-images.autoconf.com.br/1000x750/filters:format(jpg)/veiculos/fotos/850617/c4f37038-704c-44b9-959d-ff08f996b3ae.jpg,https://resized-images.autoconf.com.br/1000x750/filters:format(jpg)/veiculos/fotos/850617/9a6d085a-f7ac-4ed5-be50-97feef2593a3.jpg,https://resized-images.autoconf.com.br/1000x750/filters:format(jpg)/veiculos/fotos/850617/ac5ac100-0b70-475b-af50-4d03e9775175.jpg,https://resized-images.autoconf.com.br/1000x750/filters:format(jpg)/veiculos/fotos/850617/2e37ce17-824c-4d64-8ad1-927d7cebf548.jpg,https://resized-images.autoconf.com.br/1000x750/filters:format(jpg)/veiculos/fotos/850617/9168938c-c1c3-4460-898d-73e96d4e4088.jpg,https://resized-images.autoconf.com.br/1000x750/filters:format(jpg)/veiculos/fotos/850617/21c27a21-1171-4570-8a43-629071a3196c.jpg,https://resized-images.autoconf.com.br/1000x750/filters:format(jpg)/veiculos/fotos/850617/ab195289-ccc4-4d5a-a292-44af40e4c8b5.jpg,https://resized-images.autoconf.com.br/1000x750/filters:format(jpg)/veiculos/fotos/850617/9df76d49-6f48-4fed-9d56-1857750db209.jpg,https://resized-images.autoconf.com.br/1000x750/filters:format(jpg)/veiculos/fotos/850617/21d0916b-c9f3-4af4-93e1-bfd907b83825.jpg,,,,,,,,,,80 a 120 mil,PICKUP,Toyota,2006,DIESEL
850641,850641,Fiat CRONOS DRIVE 1.0 6V Flex,"Fiat CRONOS DRIVE 1.0 6V Flex — Ano 2024, 50.331 km, cor Branco. Seminovo com procedência, revisado e com garantia da loja. Thiago Veículos, em Rio Verde-GO. Agende sua visita ou chame no WhatsApp que a gente te atende rapidinho.",in stock,used,79990.00 BRL,,https://thiagoveiculosrv.com.br/carros/fiat/cronos-drive-1-0-6v-flex/2024/850641,Fiat,CRONOS,DRIVE 1.0 6V Flex,2024,SEDAN,USED,KM,50331,Branco,MANUAL,FLEX,"Avenida Paulo Roberto Cunha, Quadra L Lote 15",Rio Verde,GO,75901-648,BR,Rio Verde,-17.7975,-50.9266,thiago-veiculos-rv,Thiago Veículos,850641,https://resized-images.autoconf.com.br/1000x750/filters:format(jpg)/veiculos/fotos/850641/41adfd6c-4fd0-4b44-9ab7-71704bf28fee.jpg,Fiat CRONOS DRIVE 1.0 6V Flex,https://resized-images.autoconf.com.br/1000x750/filters:format(jpg)/veiculos/fotos/850641/a7e4de0f-85a2-4641-8ac5-e59dd5b6f2b2.jpg,https://resized-images.autoconf.com.br/1000x750/filters:format(jpg)/veiculos/fotos/850641/694a5873-8e37-4b97-a83a-b12c1d04de63.jpg,https://resized-images.autoconf.com.br/1000x750/filters:format(jpg)/veiculos/fotos/850641/89f4f1c9-2ba3-41a7-adc4-2f136565e62a.jpg,https://resized-images.autoconf.com.br/1000x750/filters:format(jpg)/veiculos/fotos/850641/f5cb9b79-661e-4558-8bf1-a092f60f3bdf.jpg,https://resized-images.autoconf.com.br/1000x750/filters:format(jpg)/veiculos/fotos/850641/8cc2e488-3dae-4a27-823f-041c7c89879c.jpg,https://resized-images.autoconf.com.br/1000x750/filters:format(jpg)/veiculos/fotos/850641/22817797-a184-47ac-bc77-02da0dc3e429.jpg,https://resized-images.autoconf.com.br/1000x750/filters:format(jpg)/veiculos/fotos/850641/fd4f88e9-0d3e-4534-8331-42faca456372.jpg,https://resized-images.autoconf.com.br/1000x750/filters:format(jpg)/veiculos/fotos/850641/494889b9-9e4c-42a7-90a4-d064da34c0fb.jpg,https://resized-images.autoconf.com.br/1000x750/filters:format(jpg)/veiculos/fotos/850641/2507a0d7-013e-41aa-bd19-b391690a2e39.jpg,,,,,,,,,,,50 a 80 mil,SEDAN,Fiat,2024,FLEX
857743,857743,Renault DUSTER Intense 1.6 16V Flex Aut.,"Renault DUSTER Intense 1.6 16V Flex Aut. — Ano 2024, 78.419 km, cor Branco. Seminovo com procedência, revisado e com garantia da loja. Thiago Veículos, em Rio Verde-GO. Agende sua visita ou chame no WhatsApp que a gente te atende rapidinho.",in stock,used,94990.00 BRL,,https://thiagoveiculosrv.com.br/carros/renault/duster-intense-1-6-16v-flex-aut/2024/857743,Renault,DUSTER,Intense 1.6 16V Flex Aut.,2024,SUV,USED,KM,78419,Branco,AUTOMATIC,FLEX,"Avenida Paulo Roberto Cunha, Quadra L Lote 15",Rio Verde,GO,75901-648,BR,Rio Verde,-17.7975,-50.9266,thiago-veiculos-rv,Thiago Veículos,857743,https://resized-images.autoconf.com.br/1000x750/filters:format(jpg)/veiculos/fotos/857743/7f3a3984-b228-4888-91b6-4e7955a5d19f.jpg,Renault DUSTER Intense 1.6 16V Flex Aut.,https://resized-images.autoconf.com.br/1000x750/filters:format(jpg)/veiculos/fotos/857743/aedbdf94-c8bb-49d8-b84d-e431c3c403bb.jpg,https://resized-images.autoconf.com.br/1000x750/filters:format(jpg)/veiculos/fotos/857743/5095e5e3-c9e8-4137-970c-746b14f17090.jpg,https://resized-images.autoconf.com.br/1000x750/filters:format(jpg)/veiculos/fotos/857743/c75c8993-fe6f-4518-a62a-cc0c0c2e1257.jpg,https://resized-images.autoconf.com.br/1000x750/filters:format(jpg)/veiculos/fotos/857743/32cd30b4-61ea-420a-b985-6131e86d1a8f.jpg,https://resized-images.autoconf.com.br/1000x750/filters:format(jpg)/veiculos/fotos/857743/2a1f554a-ce7b-41d5-b6bd-d9d3058fe9a0.jpg,https://resized-images.autoconf.com.br/1000x750/filters:format(jpg)/veiculos/fotos/857743/0704fa92-0b56-48c1-a48d-685e76123c77.jpg,https://resized-images.autoconf.com.br/1000x750/filters:format(jpg)/veiculos/fotos/857743/96817bd0-055b-4a1f-8b73-b9228fb87716.jpg,https://resized-images.autoconf.com.br/1000x750/filters:format(jpg)/veiculos/fotos/857743/bc742cf5-19d1-46ce-81be-68e6da00fc98.jpg,https://resized-images.autoconf.com.br/1000x750/filters:format(jpg)/veiculos/fotos/857743/65f172ad-db3d-432b-89c9-9e0c89b92453.jpg,https://resized-images.autoconf.com.br/1000x750/filters:format(jpg)/veiculos/fotos/857743/8ccebe2e-5d19-4368-88d4-3aa8f2a40d4a.jpg,https://resized-images.autoconf.com.br/1000x750/filters:format(jpg)/veiculos/fotos/857743/0040ded2-19ba-4781-b305-26b0bc2033eb.jpg,,,,,,,,,80 a 120 mil,SUV,Renault,2024,FLEX
872968,872968,Fiat ARGO DRIVE 1.0 6V Flex,"Fiat ARGO DRIVE 1.0 6V Flex — Ano 2021, 69.383 km, cor Branco. Seminovo com procedência, revisado e com garantia da loja. Thiago Veículos, em Rio Verde-GO. Agende sua visita ou chame no WhatsApp que a gente te atende rapidinho.",in stock,used,63990.00 BRL,,https://thiagoveiculosrv.com.br/carros/fiat/argo-drive-1-0-6v-flex/2021/872968,Fiat,ARGO,DRIVE 1.0 6V Flex,2021,HATCHBACK,USED,KM,69383,Branco,MANUAL,FLEX,"Avenida Paulo Roberto Cunha, Quadra L Lote 15",Rio Verde,GO,75901-648,BR,Rio Verde,-17.7975,-50.9266,thiago-veiculos-rv,Thiago Veículos,872968,https://resized-images.autoconf.com.br/1000x750/filters:format(jpg)/veiculos/fotos/872968/1113d8eb-5e57-4822-9695-68d3d9a168eb.jpg,Fiat ARGO DRIVE 1.0 6V Flex,https://resized-images.autoconf.com.br/1000x750/filters:format(jpg)/veiculos/fotos/872968/b1810027-a50d-4de7-acce-fd4696a63d7a.jpg,https://resized-images.autoconf.com.br/1000x750/filters:format(jpg)/veiculos/fotos/872968/022a4576-8660-4ea7-8922-714f20cd696e.jpg,https://resized-images.autoconf.com.br/1000x750/filters:format(jpg)/veiculos/fotos/872968/1fab940a-9672-4340-99ae-16772be84325.jpg,https://resized-images.autoconf.com.br/1000x750/filters:format(jpg)/veiculos/fotos/872968/7324e499-38b9-40ca-92dd-67d370465e44.jpg,https://resized-images.autoconf.com.br/1000x750/filters:format(jpg)/veiculos/fotos/872968/410251df-b99b-480d-864e-04a270185887.jpg,https://resized-images.autoconf.com.br/1000x750/filters:format(jpg)/veiculos/fotos/872968/c6dbbbd3-ab04-4dff-9230-bff66f25fd93.jpg,https://resized-images.autoconf.com.br/1000x750/filters:format(jpg)/veiculos/fotos/872968/ec5320e8-7371-4b6d-818a-f50418e3e0a5.jpg,https://resized-images.autoconf.com.br/1000x750/filters:format(jpg)/veiculos/fotos/872968/d66a22d8-66c9-4a11-a403-f87dc01370a5.jpg,https://resized-images.autoconf.com.br/1000x750/filters:format(jpg)/veiculos/fotos/872968/25983ce6-4887-4203-8a40-73a0261c33d1.jpg,https://resized-images.autoconf.com.br/1000x750/filters:format(jpg)/veiculos/fotos/872968/8bdbdc87-679e-451a-9c1c-9386a62c2306.jpg,https://resized-images.autoconf.com.br/1000x750/filters:format(jpg)/veiculos/fotos/872968/987822b2-1445-4a42-b2f9-0bd073be5098.jpg,,,,,,,,,50 a 80 mil,HATCHBACK,Fiat,2021,FLEX
880768,880768,Volkswagen T-Cross Comfor. 200 TSI 1.0 Flex 5p Aut.,"Volkswagen T-Cross Comfor. 200 TSI 1.0 Flex 5p Aut. — Ano 2021, 84.495 km, cor Preto. Seminovo com procedência, revisado e com garantia da loja. Thiago Veículos, em Rio Verde-GO. Agende sua visita ou chame no WhatsApp que a gente te atende rapidinho.",in stock,used,99990.00 BRL,,https://thiagoveiculosrv.com.br/carros/vw-volkswagen/t-cross-comfortline-1-0-tsi-flex-5p-aut/2021/880768,Volkswagen,T-Cross,Comfor. 200 TSI 1.0 Flex 5p Aut.,2021,SUV,USED,KM,84495,Preto,AUTOMATIC,FLEX,"Avenida Paulo Roberto Cunha, Quadra L Lote 15",Rio Verde,GO,75901-648,BR,Rio Verde,-17.7975,-50.9266,thiago-veiculos-rv,Thiago Veículos,880768,https://resized-images.autoconf.com.br/1000x750/filters:format(jpg)/veiculos/fotos/880768/4bac3ec8-2889-4a89-b873-50cf99af495d.jpg,Volkswagen T-Cross Comfor. 200 TSI 1.0 Flex 5p Aut.,https://resized-images.autoconf.com.br/1000x750/filters:format(jpg)/veiculos/fotos/880768/649fbe77-35f4-42c8-be6c-344c0f2f3d77.jpg,https://resized-images.autoconf.com.br/1000x750/filters:format(jpg)/veiculos/fotos/880768/918b80a9-b367-49ba-98d5-e202b3728fcb.jpg,https://resized-images.autoconf.com.br/1000x750/filters:format(jpg)/veiculos/fotos/880768/40e08909-d10b-4ec4-acc2-3bb3ac6819c8.jpg,https://resized-images.autoconf.com.br/1000x750/filters:format(jpg)/veiculos/fotos/880768/b2282c21-de66-4b5a-9844-4fd898927cbd.jpg,https://resized-images.autoconf.com.br/1000x750/filters:format(jpg)/veiculos/fotos/880768/a2af1cc9-635c-4b3f-b3b5-86de2dbead89.jpg,https://resized-images.autoconf.com.br/1000x750/filters:format(jpg)/veiculos/fotos/880768/4cef7f85-eb0c-481b-bb66-eccce5d775ad.jpg,https://resized-images.autoconf.com.br/1000x750/filters:format(jpg)/veiculos/fotos/880768/732bd3a6-b24b-4e90-a272-fb4005aeaf2f.jpg,https://resized-images.autoconf.com.br/1000x750/filters:format(jpg)/veiculos/fotos/880768/c0ba0929-e197-4e17-b435-95b964a84696.jpg,https://resized-images.autoconf.com.br/1000x750/filters:format(jpg)/veiculos/fotos/880768/7695d0ba-c853-4f0d-9ba1-f396fa91d337.jpg,https://resized-images.autoconf.com.br/1000x750/filters:format(jpg)/veiculos/fotos/880768/9acdc447-38ff-4773-b43b-a55ecf329354.jpg,https://resized-images.autoconf.com.br/1000x750/filters:format(jpg)/veiculos/fotos/880768/75933be9-c851-4fa8-9a87-0e429c6208ac.jpg,https://resized-images.autoconf.com.br/1000x750/filters:format(jpg)/veiculos/fotos/880768/81d2d00c-9a15-470a-9e7b-ee743fce4aa5.jpg,,,,,,,,80 a 120 mil,SUV,Volkswagen,2021,FLEX
881615,881615,Chevrolet S10 Pick-Up LTZ 2.5 Flex 4x4 CD Aut.,"Chevrolet S10 Pick-Up LTZ 2.5 Flex 4x4 CD Aut. — Ano 2022, 86.176 km, cor Prata. Seminovo com procedência, revisado e com garantia da loja. Thiago Veículos, em Rio Verde-GO. Agende sua visita ou chame no WhatsApp que a gente te atende rapidinho.",in stock,used,169990.00 BRL,,https://thiagoveiculosrv.com.br/carros/gm-chevrolet/s10-pick-up-ltz-2-5-flex-4x4-cd-aut/2022/881615,Chevrolet,S10,Pick-Up LTZ 2.5 Flex 4x4 CD Aut.,2022,PICKUP,USED,KM,86176,Prata,AUTOMATIC,FLEX,"Avenida Paulo Roberto Cunha, Quadra L Lote 15",Rio Verde,GO,75901-648,BR,Rio Verde,-17.7975,-50.9266,thiago-veiculos-rv,Thiago Veículos,881615,https://resized-images.autoconf.com.br/1000x750/filters:format(jpg)/veiculos/fotos/881615/89e48602-5ff6-4edf-a9e9-51d2d4d0975f.jpg,Chevrolet S10 Pick-Up LTZ 2.5 Flex 4x4 CD Aut.,https://resized-images.autoconf.com.br/1000x750/filters:format(jpg)/veiculos/fotos/881615/7c982be4-f92a-423e-99b8-86e5bf677f6e.jpg,https://resized-images.autoconf.com.br/1000x750/filters:format(jpg)/veiculos/fotos/881615/0f33935c-d72f-4e9a-ba5f-af8829d68132.jpg,https://resized-images.autoconf.com.br/1000x750/filters:format(jpg)/veiculos/fotos/881615/0c3ae1d1-9e02-405d-979f-e662e7340386.jpg,https://resized-images.autoconf.com.br/1000x750/filters:format(jpg)/veiculos/fotos/881615/87b1c071-d380-4ef9-acf7-eab20469b82a.jpg,https://resized-images.autoconf.com.br/1000x750/filters:format(jpg)/veiculos/fotos/881615/d9770fc6-5130-4c7c-92f4-9ba00b920c84.jpg,https://resized-images.autoconf.com.br/1000x750/filters:format(jpg)/veiculos/fotos/881615/98a34ccc-74b1-4268-9796-a75a2185425d.jpg,https://resized-images.autoconf.com.br/1000x750/filters:format(jpg)/veiculos/fotos/881615/0618cb6b-bf37-45a4-b73a-5154c8d35152.jpg,https://resized-images.autoconf.com.br/1000x750/filters:format(jpg)/veiculos/fotos/881615/01e269bd-ca5f-4636-822f-7fb0a06e2ebc.jpg,https://resized-images.autoconf.com.br/1000x750/filters:format(jpg)/veiculos/fotos/881615/16a07942-fb77-4622-9c9f-a3ec9bb9f3f6.jpg,,,,,,,,,,,120 a 200 mil,PICKUP,Chevrolet,2022,FLEX
884626,884626,Mitsubishi L200 Triton HPE 3.2 CD TB Int.Diesel Aut,"Mitsubishi L200 Triton HPE 3.2 CD TB Int.Diesel Aut — Ano 2012, 170.000 km, cor Prata. Seminovo com procedência, revisado e com garantia da loja. Thiago Veículos, em Rio Verde-GO. Agende sua visita ou chame no WhatsApp que a gente te atende rapidinho.",in stock,used,99990.00 BRL,,https://thiagoveiculosrv.com.br/carros/mitsubishi/l200-triton-hpe-3-2-cd-tb-int-diesel-aut/2012/884626,Mitsubishi,L200,Triton HPE 3.2 CD TB Int.Diesel Aut,2012,PICKUP,USED,KM,170000,Prata,AUTOMATIC,DIESEL,"Avenida Paulo Roberto Cunha, Quadra L Lote 15",Rio Verde,GO,75901-648,BR,Rio Verde,-17.7975,-50.9266,thiago-veiculos-rv,Thiago Veículos,884626,https://resized-images.autoconf.com.br/1000x750/filters:format(jpg)/veiculos/fotos/884626/dce25172-cca1-4c64-a397-5dcb28d76774.jpg,Mitsubishi L200 Triton HPE 3.2 CD TB Int.Diesel Aut,https://resized-images.autoconf.com.br/1000x750/filters:format(jpg)/veiculos/fotos/884626/14141578-d3e6-4951-9047-5cb2a7189736.jpg,https://resized-images.autoconf.com.br/1000x750/filters:format(jpg)/veiculos/fotos/884626/44f41e21-9ef2-49bf-a696-24389239a6af.jpg,https://resized-images.autoconf.com.br/1000x750/filters:format(jpg)/veiculos/fotos/884626/313a78f3-027c-4487-803c-31ce356541ea.jpg,https://resized-images.autoconf.com.br/1000x750/filters:format(jpg)/veiculos/fotos/884626/1e4bbbae-2559-49e5-8706-aa537e120e43.jpg,https://resized-images.autoconf.com.br/1000x750/filters:format(jpg)/veiculos/fotos/884626/be6b4029-807f-4a9d-afaa-051b6a237416.jpg,https://resized-images.autoconf.com.br/1000x750/filters:format(jpg)/veiculos/fotos/884626/783d2784-4bc4-48ae-85b6-21fbe22749a9.jpg,https://resized-images.autoconf.com.br/1000x750/filters:format(jpg)/veiculos/fotos/884626/bf9e655e-6094-454a-8838-fe84be0bbc7a.jpg,https://resized-images.autoconf.com.br/1000x750/filters:format(jpg)/veiculos/fotos/884626/1396398e-25a7-4c51-acbd-7a69556c7fd9.jpg,https://resized-images.autoconf.com.br/1000x750/filters:format(jpg)/veiculos/fotos/884626/379ce44a-f431-4b42-ae8b-6330cad78c71.jpg,https://resized-images.autoconf.com.br/1000x750/filters:format(jpg)/veiculos/fotos/884626/a70b0174-7c22-4458-8d93-c6dea4d5286d.jpg,,,,,,,,,,80 a 120 mil,PICKUP,Mitsubishi,2012,DIESEL
884665,884665,Volkswagen VOYAGE TREND 1.6 Mi Total Flex 8V 4p,"Volkswagen VOYAGE TREND 1.6 Mi Total Flex 8V 4p — Ano 2011, 196.557 km, cor Prata. Seminovo com procedência, revisado e com garantia da loja. Thiago Veículos, em Rio Verde-GO. Agende sua visita ou chame no WhatsApp que a gente te atende rapidinho.",in stock,used,34990.00 BRL,,https://thiagoveiculosrv.com.br/carros/vw-volkswagen/voyage-trend-1-6-mi-total-flex-8v-4p/2011/884665,Volkswagen,VOYAGE,TREND 1.6 Mi Total Flex 8V 4p,2011,SEDAN,USED,KM,196557,Prata,MANUAL,FLEX,"Avenida Paulo Roberto Cunha, Quadra L Lote 15",Rio Verde,GO,75901-648,BR,Rio Verde,-17.7975,-50.9266,thiago-veiculos-rv,Thiago Veículos,884665,https://resized-images.autoconf.com.br/1000x750/filters:format(jpg)/veiculos/fotos/884665/5b794da1-39c7-458e-84ac-583e154c4241.jpg,Volkswagen VOYAGE TREND 1.6 Mi Total Flex 8V 4p,https://resized-images.autoconf.com.br/1000x750/filters:format(jpg)/veiculos/fotos/884665/dde28a26-ce1b-440e-9a16-554e059990f0.jpg,https://resized-images.autoconf.com.br/1000x750/filters:format(jpg)/veiculos/fotos/884665/8eea53ba-07d6-49ee-b2e0-0c0aca9cc81a.jpg,https://resized-images.autoconf.com.br/1000x750/filters:format(jpg)/veiculos/fotos/884665/fa6c5f42-d455-41c8-904c-c00ba6aeb0e2.jpg,https://resized-images.autoconf.com.br/1000x750/filters:format(jpg)/veiculos/fotos/884665/2c67e595-16cb-460b-8d08-f633f2adcdff.jpg,https://resized-images.autoconf.com.br/1000x750/filters:format(jpg)/veiculos/fotos/884665/54faf446-9149-4eab-bdca-4395570c61eb.jpg,https://resized-images.autoconf.com.br/1000x750/filters:format(jpg)/veiculos/fotos/884665/1271c187-c79d-4412-8166-c0066ae8974b.jpg,https://resized-images.autoconf.com.br/1000x750/filters:format(jpg)/veiculos/fotos/884665/ecac1706-02f5-46b0-83f0-ecd7c703d65c.jpg,https://resized-images.autoconf.com.br/1000x750/filters:format(jpg)/veiculos/fotos/884665/1d44fe54-2c57-47ce-b234-314695d16138.jpg,https://resized-images.autoconf.com.br/1000x750/filters:format(jpg)/veiculos/fotos/884665/a2ae3f1f-25a9-4fa3-aaed-b1ee70d42be4.jpg,https://resized-images.autoconf.com.br/1000x750/filters:format(jpg)/veiculos/fotos/884665/5bad1f75-cad4-429b-997b-025a359fbaa8.jpg,https://resized-images.autoconf.com.br/1000x750/filters:format(jpg)/veiculos/fotos/884665/78da64de-e15a-4686-82b5-975e6a2aa167.jpg,,,,,,,,,Até 50 mil,SEDAN,Volkswagen,2011,FLEX
884678,884678,Toyota Hilux CD SRX 4x4 2.8 TDI 16V Diesel Aut.,"Toyota Hilux CD SRX 4x4 2.8 TDI 16V Diesel Aut. — Ano 2022, 93.137 km, cor Cinza. Seminovo com procedência, revisado e com garantia da loja. Thiago Veículos, em Rio Verde-GO. Agende sua visita ou chame no WhatsApp que a gente te atende rapidinho.",in stock,used,245990.00 BRL,,https://thiagoveiculosrv.com.br/carros/toyota/hilux-cd-srx-4x4-2-8-tdi-16v-diesel-aut/2022/884678,Toyota,Hilux,CD SRX 4x4 2.8 TDI 16V Diesel Aut.,2022,PICKUP,USED,KM,93137,Cinza,AUTOMATIC,DIESEL,"Avenida Paulo Roberto Cunha, Quadra L Lote 15",Rio Verde,GO,75901-648,BR,Rio Verde,-17.7975,-50.9266,thiago-veiculos-rv,Thiago Veículos,884678,https://resized-images.autoconf.com.br/1000x750/filters:format(jpg)/veiculos/fotos/884678/16b04d41-b6ec-4825-a664-4a7a1c38ced8.jpg,Toyota Hilux CD SRX 4x4 2.8 TDI 16V Diesel Aut.,https://resized-images.autoconf.com.br/1000x750/filters:format(jpg)/veiculos/fotos/884678/fe5ad219-906b-4418-87b6-872e9137171c.jpg,https://resized-images.autoconf.com.br/1000x750/filters:format(jpg)/veiculos/fotos/884678/5e2981eb-ac5a-4490-8770-c57a37e4c1e2.jpg,https://resized-images.autoconf.com.br/1000x750/filters:format(jpg)/veiculos/fotos/884678/48d01493-f031-42a1-ae5a-b620fefd0660.jpg,https://resized-images.autoconf.com.br/1000x750/filters:format(jpg)/veiculos/fotos/884678/426461df-4f4c-4a70-84b3-9cb9fb36c1a7.jpg,https://resized-images.autoconf.com.br/1000x750/filters:format(jpg)/veiculos/fotos/884678/10131ccd-e698-4a29-8a76-c068394ba0bb.jpg,https://resized-images.autoconf.com.br/1000x750/filters:format(jpg)/veiculos/fotos/884678/6397aae3-44b0-4315-bab6-60e5f81ae094.jpg,https://resized-images.autoconf.com.br/1000x750/filters:format(jpg)/veiculos/fotos/884678/24422ff9-d6ed-421b-b5fc-c980a3950ac4.jpg,https://resized-images.autoconf.com.br/1000x750/filters:format(jpg)/veiculos/fotos/884678/bdcce7ca-3c7a-4f27-ae2d-38585dc692fd.jpg,https://resized-images.autoconf.com.br/1000x750/filters:format(jpg)/veiculos/fotos/884678/37fc4ac7-d9cb-4051-83ae-035189c21bb0.jpg,https://resized-images.autoconf.com.br/1000x750/filters:format(jpg)/veiculos/fotos/884678/d4d8d704-6e0c-474a-9ac7-c57b8923a8ea.jpg,https://resized-images.autoconf.com.br/1000x750/filters:format(jpg)/veiculos/fotos/884678/2635a9be-4818-443e-bb2c-c822fefa2560.jpg,https://resized-images.autoconf.com.br/1000x750/filters:format(jpg)/veiculos/fotos/884678/9015d77e-f631-494e-9a6e-673005f31a92.jpg,,,,,,,,Acima de 200 mil,PICKUP,Toyota,2022,DIESEL
887614,887614,Honda HR-V EXL 1.5 Flex Sensing 16V 5p Aut.,"Honda HR-V EXL 1.5 Flex Sensing 16V 5p Aut. — Ano 2024, 14.302 km, cor Prata. Seminovo com procedência, revisado e com garantia da loja. Thiago Veículos, em Rio Verde-GO. Agende sua visita ou chame no WhatsApp que a gente te atende rapidinho.",in stock,used,159990.00 BRL,,https://thiagoveiculosrv.com.br/carros/honda/hr-v-exl-1-5-sensing-16v-5p-aut/2024/887614,Honda,HR-V,EXL 1.5 Flex Sensing 16V 5p Aut.,2024,SUV,USED,KM,14302,Prata,AUTOMATIC,FLEX,"Avenida Paulo Roberto Cunha, Quadra L Lote 15",Rio Verde,GO,75901-648,BR,Rio Verde,-17.7975,-50.9266,thiago-veiculos-rv,Thiago Veículos,887614,https://resized-images.autoconf.com.br/1000x750/filters:format(jpg)/veiculos/fotos/887614/1397d839-8af6-4b18-b159-2b00b31b4311.jpg,Honda HR-V EXL 1.5 Flex Sensing 16V 5p Aut.,https://resized-images.autoconf.com.br/1000x750/filters:format(jpg)/veiculos/fotos/887614/3be3ed32-37ca-4072-b21c-0bf8a5dc5943.jpg,https://resized-images.autoconf.com.br/1000x750/filters:format(jpg)/veiculos/fotos/887614/a512776e-55e7-40f8-b1cb-c1f12135c8dc.jpg,https://resized-images.autoconf.com.br/1000x750/filters:format(jpg)/veiculos/fotos/887614/c13c4812-a28e-4137-9cce-5d50c2b0f459.jpg,https://resized-images.autoconf.com.br/1000x750/filters:format(jpg)/veiculos/fotos/887614/a52d71cb-3bb5-47ea-bb84-324b9e959fc0.jpg,https://resized-images.autoconf.com.br/1000x750/filters:format(jpg)/veiculos/fotos/887614/542fd9e6-2824-463e-9cdc-f9c2645a42d5.jpg,https://resized-images.autoconf.com.br/1000x750/filters:format(jpg)/veiculos/fotos/887614/c3560ffe-1845-4afe-b53e-c292cf0444bc.jpg,https://resized-images.autoconf.com.br/1000x750/filters:format(jpg)/veiculos/fotos/887614/b82533d7-a248-4299-b437-b3e9129be758.jpg,https://resized-images.autoconf.com.br/1000x750/filters:format(jpg)/veiculos/fotos/887614/2cb06cdb-a421-4f20-a59c-fe536ad4869d.jpg,https://resized-images.autoconf.com.br/1000x750/filters:format(jpg)/veiculos/fotos/887614/17ae7c40-21d6-4dd4-b2cd-4be57fd74c81.jpg,https://resized-images.autoconf.com.br/1000x750/filters:format(jpg)/veiculos/fotos/887614/927ae055-0513-4d09-862a-dc74d4262f17.jpg,https://resized-images.autoconf.com.br/1000x750/filters:format(jpg)/veiculos/fotos/887614/3ee8febd-b515-49f0-bfb9-7db03dd56385.jpg,,,,,,,,,120 a 200 mil,SUV,Honda,2024,FLEX
888047,888047,Fiat CRONOS DRIVE 1.3 8V Flex Aut.,"Fiat CRONOS DRIVE 1.3 8V Flex Aut. — Ano 2023, 59.705 km, cor Prata. Seminovo com procedência, revisado e com garantia da loja. Thiago Veículos, em Rio Verde-GO. Agende sua visita ou chame no WhatsApp que a gente te atende rapidinho.",in stock,used,87990.00 BRL,,https://thiagoveiculosrv.com.br/carros/fiat/cronos-drive-1-3-8v-flex-aut/2023/888047,Fiat,CRONOS,DRIVE 1.3 8V Flex Aut.,2023,SEDAN,USED,KM,59705,Prata,AUTOMATIC,FLEX,"Avenida Paulo Roberto Cunha, Quadra L Lote 15",Rio Verde,GO,75901-648,BR,Rio Verde,-17.7975,-50.9266,thiago-veiculos-rv,Thiago Veículos,888047,https://resized-images.autoconf.com.br/1000x750/filters:format(jpg)/veiculos/fotos/888047/1489147c-2b84-409d-8521-14540f348594.jpg,Fiat CRONOS DRIVE 1.3 8V Flex Aut.,https://resized-images.autoconf.com.br/1000x750/filters:format(jpg)/veiculos/fotos/888047/760e614f-e20f-45f9-8396-6247d3b22cb3.jpg,https://resized-images.autoconf.com.br/1000x750/filters:format(jpg)/veiculos/fotos/888047/37d5611b-6497-401e-9011-b28b7c22b186.jpg,https://resized-images.autoconf.com.br/1000x750/filters:format(jpg)/veiculos/fotos/888047/a9a370a7-3146-46ee-83b3-7e6f95f048b3.jpg,https://resized-images.autoconf.com.br/1000x750/filters:format(jpg)/veiculos/fotos/888047/e1094040-720d-479d-9971-d3cb66618b9d.jpg,https://resized-images.autoconf.com.br/1000x750/filters:format(jpg)/veiculos/fotos/888047/16bf6bf2-2953-4c4f-855c-ccd48c2f66d0.jpg,https://resized-images.autoconf.com.br/1000x750/filters:format(jpg)/veiculos/fotos/888047/db9c0606-8f90-4c91-81aa-49639600e465.jpg,https://resized-images.autoconf.com.br/1000x750/filters:format(jpg)/veiculos/fotos/888047/f6950aba-2106-47e7-830d-38d34435e312.jpg,https://resized-images.autoconf.com.br/1000x750/filters:format(jpg)/veiculos/fotos/888047/5889549c-fba5-472b-ba3f-7f854f60c798.jpg,https://resized-images.autoconf.com.br/1000x750/filters:format(jpg)/veiculos/fotos/888047/97a57614-5a33-4478-a47f-35131b20c791.jpg,https://resized-images.autoconf.com.br/1000x750/filters:format(jpg)/veiculos/fotos/888047/27f22e15-46c6-41d4-aa0f-dfaeafa337a7.jpg,,,,,,,,,,80 a 120 mil,SEDAN,Fiat,2023,FLEX
891854,891854,Volkswagen Saveiro Robust 1.6 Total Flex 8V,"Volkswagen Saveiro Robust 1.6 Total Flex 8V — Ano 2019, 92.252 km, cor Branco. Seminovo com procedência, revisado e com garantia da loja. Thiago Veículos, em Rio Verde-GO. Agende sua visita ou chame no WhatsApp que a gente te atende rapidinho.",in stock,used,59990.00 BRL,,https://thiagoveiculosrv.com.br/carros/vw-volkswagen/saveiro-robust-1-6-total-flex-8v/2019/891854,Volkswagen,Saveiro,Robust 1.6 Total Flex 8V,2019,PICKUP,USED,KM,92252,Branco,MANUAL,FLEX,"Avenida Paulo Roberto Cunha, Quadra L Lote 15",Rio Verde,GO,75901-648,BR,Rio Verde,-17.7975,-50.9266,thiago-veiculos-rv,Thiago Veículos,891854,https://resized-images.autoconf.com.br/1000x750/filters:format(jpg)/veiculos/fotos/891854/946ccdc3-803a-4ef0-8928-7b476e3a55ba.jpg,Volkswagen Saveiro Robust 1.6 Total Flex 8V,https://resized-images.autoconf.com.br/1000x750/filters:format(jpg)/veiculos/fotos/891854/9cee4070-2a23-4e61-bdcd-d27f5e11535c.jpg,https://resized-images.autoconf.com.br/1000x750/filters:format(jpg)/veiculos/fotos/891854/cabc2c16-7c8b-4b0c-8b65-0540a0ad57e0.jpg,https://resized-images.autoconf.com.br/1000x750/filters:format(jpg)/veiculos/fotos/891854/14fb7a55-0b95-4c70-bc4d-f1e24de8a0bc.jpg,https://resized-images.autoconf.com.br/1000x750/filters:format(jpg)/veiculos/fotos/891854/209442cc-28b5-4306-a288-62549a042591.jpg,https://resized-images.autoconf.com.br/1000x750/filters:format(jpg)/veiculos/fotos/891854/e699a322-11b0-46d4-b93d-3219e89cedfe.jpg,https://resized-images.autoconf.com.br/1000x750/filters:format(jpg)/veiculos/fotos/891854/ea2bdda8-24c3-4911-8fd5-9c88cc1bbfda.jpg,https://resized-images.autoconf.com.br/1000x750/filters:format(jpg)/veiculos/fotos/891854/b705c04c-b6c7-4d84-9933-ef16be3446d6.jpg,,,,,,,,,,,,,50 a 80 mil,PICKUP,Volkswagen,2019,FLEX
893949,893949,Volkswagen Saveiro Robust 1.6 Total Flex 16V,"Volkswagen Saveiro Robust 1.6 Total Flex 16V — Ano 2024, 40.576 km, cor Branco. Seminovo com procedência, revisado e com garantia da loja. Thiago Veículos, em Rio Verde-GO. Agende sua visita ou chame no WhatsApp que a gente te atende rapidinho.",in stock,used,84990.00 BRL,,https://thiagoveiculosrv.com.br/carros/vw-volkswagen/saveiro-robust-1-6-total-flex-16v/2024/893949,Volkswagen,Saveiro,Robust 1.6 Total Flex 16V,2024,PICKUP,USED,KM,40576,Branco,MANUAL,FLEX,"Avenida Paulo Roberto Cunha, Quadra L Lote 15",Rio Verde,GO,75901-648,BR,Rio Verde,-17.7975,-50.9266,thiago-veiculos-rv,Thiago Veículos,893949,https://resized-images.autoconf.com.br/1000x750/filters:format(jpg)/veiculos/fotos/893949/8e3ee262-687d-4195-9e86-f5f35a326e04.jpg,Volkswagen Saveiro Robust 1.6 Total Flex 16V,https://resized-images.autoconf.com.br/1000x750/filters:format(jpg)/veiculos/fotos/893949/95e63036-1677-4e38-bd0d-2ac757909f1f.jpg,https://resized-images.autoconf.com.br/1000x750/filters:format(jpg)/veiculos/fotos/893949/d7b42c45-6cb1-492d-bca7-8d20e7db6089.jpg,https://resized-images.autoconf.com.br/1000x750/filters:format(jpg)/veiculos/fotos/893949/fb94d8e4-8a2d-436a-8dd5-179936f2e328.jpg,https://resized-images.autoconf.com.br/1000x750/filters:format(jpg)/veiculos/fotos/893949/56fbcf8b-0e23-4f76-9ce4-e56cb5cc63fb.jpg,https://resized-images.autoconf.com.br/1000x750/filters:format(jpg)/veiculos/fotos/893949/56a1ab0a-92d8-40f0-b45b-bfbefad29e48.jpg,https://resized-images.autoconf.com.br/1000x750/filters:format(jpg)/veiculos/fotos/893949/149aef7b-90b6-4f58-ae8b-6446c7caa97b.jpg,https://resized-images.autoconf.com.br/1000x750/filters:format(jpg)/veiculos/fotos/893949/2b1478f0-1904-4ed7-ab97-ba7d0ff730b7.jpg,https://resized-images.autoconf.com.br/1000x750/filters:format(jpg)/veiculos/fotos/893949/08fc66f1-f255-4303-99dc-b6a0af8d515e.jpg,,,,,,,,,,,,80 a 120 mil,PICKUP,Volkswagen,2024,FLEX
894060,894060,Fiat Toro Freedom 2.0 16V 4x4 TB Diesel Aut.,"Fiat Toro Freedom 2.0 16V 4x4 TB Diesel Aut. — Ano 2021, 116.626 km, cor Branco. Seminovo com procedência, revisado e com garantia da loja. Thiago Veículos, em Rio Verde-GO. Agende sua visita ou chame no WhatsApp que a gente te atende rapidinho.",in stock,used,114990.00 BRL,,https://thiagoveiculosrv.com.br/carros/fiat/toro-freedom-2-0-16v-4x4-diesel-aut/2021/894060,Fiat,Toro,Freedom 2.0 16V 4x4 TB Diesel Aut.,2021,PICKUP,USED,KM,116626,Branco,AUTOMATIC,DIESEL,"Avenida Paulo Roberto Cunha, Quadra L Lote 15",Rio Verde,GO,75901-648,BR,Rio Verde,-17.7975,-50.9266,thiago-veiculos-rv,Thiago Veículos,894060,https://resized-images.autoconf.com.br/1000x750/filters:format(jpg)/veiculos/fotos/894060/5525287a-8cc0-419d-82c9-1418ca4219cb.jpg,Fiat Toro Freedom 2.0 16V 4x4 TB Diesel Aut.,https://resized-images.autoconf.com.br/1000x750/filters:format(jpg)/veiculos/fotos/894060/d80a25a2-d55e-4388-9267-f07b7635d503.jpg,https://resized-images.autoconf.com.br/1000x750/filters:format(jpg)/veiculos/fotos/894060/00ac4d40-7030-47c3-9b09-1f236833be82.jpg,https://resized-images.autoconf.com.br/1000x750/filters:format(jpg)/veiculos/fotos/894060/b9220a45-b794-44f4-a97c-e2c622dacebf.jpg,https://resized-images.autoconf.com.br/1000x750/filters:format(jpg)/veiculos/fotos/894060/6362a565-63d3-4394-9b82-bbe294dad0ab.jpg,https://resized-images.autoconf.com.br/1000x750/filters:format(jpg)/veiculos/fotos/894060/750d5de8-dd2b-4a94-b149-e08a132120b9.jpg,https://resized-images.autoconf.com.br/1000x750/filters:format(jpg)/veiculos/fotos/894060/06c9ae51-449d-4274-90cd-714c5be3ce9d.jpg,https://resized-images.autoconf.com.br/1000x750/filters:format(jpg)/veiculos/fotos/894060/15f7ce93-49d5-422d-9139-893ebc258ab7.jpg,,,,,,,,,,,,,80 a 120 mil,PICKUP,Fiat,2021,DIESEL
894934,894934,Ford Ka 1.5 Sedan SE Plus 12V Flex 4p Aut.,"Ford Ka 1.5 Sedan SE Plus 12V Flex 4p Aut. — Ano 2019, 72.627 km, cor Branco. Seminovo com procedência, revisado e com garantia da loja. Thiago Veículos, em Rio Verde-GO. Agende sua visita ou chame no WhatsApp que a gente te atende rapidinho.",in stock,used,44990.00 BRL,,https://thiagoveiculosrv.com.br/carros/ford/ka-1-5-sedan-se-plus-12v-flex-4p-aut/2019/894934,Ford,Ka,1.5 Sedan SE Plus 12V Flex 4p Aut.,2019,PICKUP,USED,KM,72627,Branco,AUTOMATIC,FLEX,"Avenida Paulo Roberto Cunha, Quadra L Lote 15",Rio Verde,GO,75901-648,BR,Rio Verde,-17.7975,-50.9266,thiago-veiculos-rv,Thiago Veículos,894934,https://resized-images.autoconf.com.br/1000x750/filters:format(jpg)/veiculos/fotos/894934/281cedfe-6751-47da-a407-bdcc063b4606.jpg,Ford Ka 1.5 Sedan SE Plus 12V Flex 4p Aut.,https://resized-images.autoconf.com.br/1000x750/filters:format(jpg)/veiculos/fotos/894934/de04485a-bf3a-434a-b5ee-221160d9ffeb.jpg,https://resized-images.autoconf.com.br/1000x750/filters:format(jpg)/veiculos/fotos/894934/31709479-7b0a-431c-9f5c-e18aba40733c.jpg,https://resized-images.autoconf.com.br/1000x750/filters:format(jpg)/veiculos/fotos/894934/7649cf16-8906-4c00-998b-766f8fe8c58b.jpg,https://resized-images.autoconf.com.br/1000x750/filters:format(jpg)/veiculos/fotos/894934/a2d5372e-a573-43da-971f-45bb69be1b70.jpg,https://resized-images.autoconf.com.br/1000x750/filters:format(jpg)/veiculos/fotos/894934/baf34a00-3437-430f-bd7b-5cad11b951b2.jpg,https://resized-images.autoconf.com.br/1000x750/filters:format(jpg)/veiculos/fotos/894934/cd8751be-0b2c-4be1-95fc-4fcdc016de06.jpg,https://resized-images.autoconf.com.br/1000x750/filters:format(jpg)/veiculos/fotos/894934/0983d650-0eca-432b-a67c-9e8f356e76a5.jpg,https://resized-images.autoconf.com.br/1000x750/filters:format(jpg)/veiculos/fotos/894934/03cfe0dd-0ef1-49dd-adbe-0cbfe81bff3d.jpg,,,,,,,,,,,,Até 50 mil,PICKUP,Ford,2019,FLEX
894964,894964,Volkswagen Polo Track 1.0 Flex 12V 5p,"Volkswagen Polo Track 1.0 Flex 12V 5p — Ano 2025, 73.448 km, cor Branco. Seminovo com procedência, revisado e com garantia da loja. Thiago Veículos, em Rio Verde-GO. Agende sua visita ou chame no WhatsApp que a gente te atende rapidinho.",in stock,used,79990.00 BRL,,https://thiagoveiculosrv.com.br/carros/vw-volkswagen/polo-track-1-0-flex-12v-5p/2025/894964,Volkswagen,Polo,Track 1.0 Flex 12V 5p,2025,HATCHBACK,USED,KM,73448,Branco,MANUAL,FLEX,"Avenida Paulo Roberto Cunha, Quadra L Lote 15",Rio Verde,GO,75901-648,BR,Rio Verde,-17.7975,-50.9266,thiago-veiculos-rv,Thiago Veículos,894964,https://resized-images.autoconf.com.br/1000x750/filters:format(jpg)/veiculos/fotos/894964/b0641c19-c1ad-4d6b-a0b7-54779809cad2.jpg,Volkswagen Polo Track 1.0 Flex 12V 5p,https://resized-images.autoconf.com.br/1000x750/filters:format(jpg)/veiculos/fotos/894964/6bdfdfc8-bf78-4bd0-bfe5-c4d0161b356e.jpg,https://resized-images.autoconf.com.br/1000x750/filters:format(jpg)/veiculos/fotos/894964/69028810-4586-470f-bd6a-ad4521868872.jpg,https://resized-images.autoconf.com.br/1000x750/filters:format(jpg)/veiculos/fotos/894964/8d4535eb-7a39-4433-9ab4-fbeff7dd9a3c.jpg,https://resized-images.autoconf.com.br/1000x750/filters:format(jpg)/veiculos/fotos/894964/9f9182bd-066d-44e6-a92c-9031fa09bc7a.jpg,https://resized-images.autoconf.com.br/1000x750/filters:format(jpg)/veiculos/fotos/894964/281ed294-aad2-4fc6-8582-a5aac9c4305b.jpg,https://resized-images.autoconf.com.br/1000x750/filters:format(jpg)/veiculos/fotos/894964/6f121b7f-52ee-4f33-b4c9-7afaae98ed3d.jpg,https://resized-images.autoconf.com.br/1000x750/filters:format(jpg)/veiculos/fotos/894964/6eb02ea2-0f0a-46ac-a050-cf73067a6bef.jpg,https://resized-images.autoconf.com.br/1000x750/filters:format(jpg)/veiculos/fotos/894964/91f467d5-2474-4e73-85b9-a6b9d8672431.jpg,,,,,,,,,,,,50 a 80 mil,HATCHBACK,Volkswagen,2025,FLEX
895019,895019,Honda HR-V LX 1.8 Flexone 16V 5p Aut.,"Honda HR-V LX 1.8 Flexone 16V 5p Aut. — Ano 2020, 93.145 km, cor Preto. Seminovo com procedência, revisado e com garantia da loja. Thiago Veículos, em Rio Verde-GO. Agende sua visita ou chame no WhatsApp que a gente te atende rapidinho.",in stock,used,109990.00 BRL,,https://thiagoveiculosrv.com.br/carros/honda/hr-v-lx-1-8-flexone-16v-5p-aut/2020/895019,Honda,HR-V,LX 1.8 Flexone 16V 5p Aut.,2020,SUV,USED,KM,93145,Preto,AUTOMATIC,FLEX,"Avenida Paulo Roberto Cunha, Quadra L Lote 15",Rio Verde,GO,75901-648,BR,Rio Verde,-17.7975,-50.9266,thiago-veiculos-rv,Thiago Veículos,895019,https://resized-images.autoconf.com.br/1000x750/filters:format(jpg)/veiculos/fotos/895019/9d5358f1-c014-4f4b-a2d4-04515a91e082.jpg,Honda HR-V LX 1.8 Flexone 16V 5p Aut.,https://resized-images.autoconf.com.br/1000x750/filters:format(jpg)/veiculos/fotos/895019/4f8608e9-390f-4aac-960b-87b5ded671b0.jpg,https://resized-images.autoconf.com.br/1000x750/filters:format(jpg)/veiculos/fotos/895019/d84f65be-da57-40dd-9823-84118655421d.jpg,https://resized-images.autoconf.com.br/1000x750/filters:format(jpg)/veiculos/fotos/895019/8d92a6f9-6cdb-4fc3-b722-35065af571ed.jpg,https://resized-images.autoconf.com.br/1000x750/filters:format(jpg)/veiculos/fotos/895019/26bf959d-5c7a-4d35-a3af-ecf3b25e7012.jpg,https://resized-images.autoconf.com.br/1000x750/filters:format(jpg)/veiculos/fotos/895019/0d690b13-6b74-4bed-b895-6b958adf80b2.jpg,https://resized-images.autoconf.com.br/1000x750/filters:format(jpg)/veiculos/fotos/895019/1eac63f9-e161-404c-9277-35bf271f9807.jpg,https://resized-images.autoconf.com.br/1000x750/filters:format(jpg)/veiculos/fotos/895019/5751728c-e574-4636-a340-f624240fbd3e.jpg,,,,,,,,,,,,,80 a 120 mil,SUV,Honda,2020,FLEX
895186,895186,Land Rover Discovery Dyn HSE 3.0 4x4 Die. (Hib.),"Land Rover Discovery Dyn HSE 3.0 4x4 Die. (Hib.) — Ano 2018, 50.233 km, cor Azul. Seminovo com procedência, revisado e com garantia da loja. Thiago Veículos, em Rio Verde-GO. Agende sua visita ou chame no WhatsApp que a gente te atende rapidinho.",in stock,used,130990.00 BRL,,https://thiagoveiculosrv.com.br/carros/land-rover/discovery-dyn-hse-3-0-4x4-die-hib/2018/895186,Land Rover,Discovery,Dyn HSE 3.0 4x4 Die. (Hib.),2018,SUV,USED,KM,50233,Azul,AUTOMATIC,DIESEL,"Avenida Paulo Roberto Cunha, Quadra L Lote 15",Rio Verde,GO,75901-648,BR,Rio Verde,-17.7975,-50.9266,thiago-veiculos-rv,Thiago Veículos,895186,https://resized-images.autoconf.com.br/1000x750/filters:format(jpg)/veiculos/fotos/895186/b56713ea-5cdc-408f-93c8-adec309da02e.jpg,Land Rover Discovery Dyn HSE 3.0 4x4 Die. (Hib.),https://resized-images.autoconf.com.br/1000x750/filters:format(jpg)/veiculos/fotos/895186/5fba9cf1-f6cb-4659-a25d-305d674db475.jpg,https://resized-images.autoconf.com.br/1000x750/filters:format(jpg)/veiculos/fotos/895186/b3bd4850-1f6d-4109-961e-86f22c1947a1.jpg,https://resized-images.autoconf.com.br/1000x750/filters:format(jpg)/veiculos/fotos/895186/f41f1ef9-8ca2-4088-b91d-6f39b50606a1.jpg,https://resized-images.autoconf.com.br/1000x750/filters:format(jpg)/veiculos/fotos/895186/827d6392-0290-4b5c-aa63-99afca9e357f.jpg,https://resized-images.autoconf.com.br/1000x750/filters:format(jpg)/veiculos/fotos/895186/01a637fc-2426-4171-a7d2-0c4c978f0c8a.jpg,https://resized-images.autoconf.com.br/1000x750/filters:format(jpg)/veiculos/fotos/895186/89dc2f9e-869a-4b67-89ba-5893f49645d1.jpg,https://resized-images.autoconf.com.br/1000x750/filters:format(jpg)/veiculos/fotos/895186/f4fea99a-bb86-4877-8ac1-fbb79c35f2e7.jpg,https://resized-images.autoconf.com.br/1000x750/filters:format(jpg)/veiculos/fotos/895186/67a4d7ad-1865-4dea-b1b4-2c76c1bf3f3e.jpg,,,,,,,,,,,,120 a 200 mil,SUV,Land Rover,2018,DIESEL
895261,895261,Fiat Strada Endurance 1.3 Flex 8V CS Plus,"Fiat Strada Endurance 1.3 Flex 8V CS Plus — Ano 2024, 74.715 km, cor Branco. Seminovo com procedência, revisado e com garantia da loja. Thiago Veículos, em Rio Verde-GO. Agende sua visita ou chame no WhatsApp que a gente te atende rapidinho.",in stock,used,84990.00 BRL,,https://thiagoveiculosrv.com.br/carros/fiat/strada-endurance-1-3-flex-8v-cs/2024/895261,Fiat,Strada,Endurance 1.3 Flex 8V CS Plus,2024,PICKUP,USED,KM,74715,Branco,MANUAL,FLEX,"Avenida Paulo Roberto Cunha, Quadra L Lote 15",Rio Verde,GO,75901-648,BR,Rio Verde,-17.7975,-50.9266,thiago-veiculos-rv,Thiago Veículos,895261,https://resized-images.autoconf.com.br/1000x750/filters:format(jpg)/veiculos/fotos/895261/c6ea889e-85fc-4dcc-930e-9863a5374e76.jpg,Fiat Strada Endurance 1.3 Flex 8V CS Plus,https://resized-images.autoconf.com.br/1000x750/filters:format(jpg)/veiculos/fotos/895261/7bbc5991-b424-4cf7-a6cf-69ca7f17218a.jpg,https://resized-images.autoconf.com.br/1000x750/filters:format(jpg)/veiculos/fotos/895261/8b676564-7959-4189-94fe-d9bf0923d7d3.jpg,https://resized-images.autoconf.com.br/1000x750/filters:format(jpg)/veiculos/fotos/895261/dbffacfe-9ee5-4b22-b16d-7f5d5a7abf3b.jpg,https://resized-images.autoconf.com.br/1000x750/filters:format(jpg)/veiculos/fotos/895261/70b5c789-7fa1-40c8-af55-86b917ce1395.jpg,https://resized-images.autoconf.com.br/1000x750/filters:format(jpg)/veiculos/fotos/895261/64e9bf61-0c38-4bd0-8490-83e3d517a1fd.jpg,https://resized-images.autoconf.com.br/1000x750/filters:format(jpg)/veiculos/fotos/895261/5a251e64-5122-423c-aa2b-1a278a761799.jpg,,,,,,,,,,,,,,80 a 120 mil,PICKUP,Fiat,2024,FLEX
895958,895958,Toyota Corolla ALTIS/A.Premiu. 2.0 Flex 16V Aut,"Toyota Corolla ALTIS/A.Premiu. 2.0 Flex 16V Aut — Ano 2020, 114.080 km, cor Branco. Seminovo com procedência, revisado e com garantia da loja. Thiago Veículos, em Rio Verde-GO. Agende sua visita ou chame no WhatsApp que a gente te atende rapidinho.",in stock,used,129990.00 BRL,,https://thiagoveiculosrv.com.br/carros/toyota/corolla-altis-2-0-flex-16v-aut/2020/895958,Toyota,Corolla,ALTIS/A.Premiu. 2.0 Flex 16V Aut,2020,SEDAN,USED,KM,114080,Branco,AUTOMATIC,FLEX,"Avenida Paulo Roberto Cunha, Quadra L Lote 15",Rio Verde,GO,75901-648,BR,Rio Verde,-17.7975,-50.9266,thiago-veiculos-rv,Thiago Veículos,895958,https://resized-images.autoconf.com.br/1000x750/filters:format(jpg)/veiculos/fotos/895958/0bbd5591-7d80-4083-9df2-ba9b2cff9689.jpg,Toyota Corolla ALTIS/A.Premiu. 2.0 Flex 16V Aut,https://resized-images.autoconf.com.br/1000x750/filters:format(jpg)/veiculos/fotos/895958/f3202356-81e7-4362-ab76-f15314f1288a.jpg,https://resized-images.autoconf.com.br/1000x750/filters:format(jpg)/veiculos/fotos/895958/7cdc6bd6-e2d5-4e33-b52f-518eaf3fc86a.jpg,https://resized-images.autoconf.com.br/1000x750/filters:format(jpg)/veiculos/fotos/895958/b2b0f081-225b-4b7b-9513-6298ab6dc362.jpg,https://resized-images.autoconf.com.br/1000x750/filters:format(jpg)/veiculos/fotos/895958/533507ef-35ad-41eb-bd7e-3da34f106bca.jpg,https://resized-images.autoconf.com.br/1000x750/filters:format(jpg)/veiculos/fotos/895958/f014b0bd-c16b-43ea-b24a-bb262711249c.jpg,https://resized-images.autoconf.com.br/1000x750/filters:format(jpg)/veiculos/fotos/895958/621e9929-01bf-42dc-a59e-c0737c00aad9.jpg,https://resized-images.autoconf.com.br/1000x750/filters:format(jpg)/veiculos/fotos/895958/6ba85363-84a9-41d1-8989-d1399b613211.jpg,https://resized-images.autoconf.com.br/1000x750/filters:format(jpg)/veiculos/fotos/895958/87ed2378-4e78-495a-8cde-a55d051db395.jpg,https://resized-images.autoconf.com.br/1000x750/filters:format(jpg)/veiculos/fotos/895958/2c0777e3-9922-49ea-ad43-510bcd695e99.jpg,https://resized-images.autoconf.com.br/1000x750/filters:format(jpg)/veiculos/fotos/895958/49bd30e3-1606-4411-9156-23a23224d598.jpg,https://resized-images.autoconf.com.br/1000x750/filters:format(jpg)/veiculos/fotos/895958/4a7fe206-c5a8-42fb-b937-a7b33b7f0b8f.jpg,,,,,,,,,120 a 200 mil,SEDAN,Toyota,2020,FLEX
900470,900470,Chevrolet S10 Pick-Up LTZ 2.5 Flex 4x4 CD Aut.,"Chevrolet S10 Pick-Up LTZ 2.5 Flex 4x4 CD Aut. — Ano 2022, 134.875 km, cor Prata. Seminovo com procedência, revisado e com garantia da loja. Thiago Veículos, em Rio Verde-GO. Agende sua visita ou chame no WhatsApp que a gente te atende rapidinho.",in stock,used,159990.00 BRL,,https://thiagoveiculosrv.com.br/carros/gm-chevrolet/s10-pick-up-ltz-2-5-flex-4x4-cd-aut/2022/900470,Chevrolet,S10,Pick-Up LTZ 2.5 Flex 4x4 CD Aut.,2022,PICKUP,USED,KM,134875,Prata,AUTOMATIC,FLEX,"Avenida Paulo Roberto Cunha, Quadra L Lote 15",Rio Verde,GO,75901-648,BR,Rio Verde,-17.7975,-50.9266,thiago-veiculos-rv,Thiago Veículos,900470,https://resized-images.autoconf.com.br/1000x750/filters:format(jpg)/veiculos/fotos/900470/d8dbb66e-820c-4fce-aa13-f5d0646c7433.jpg,Chevrolet S10 Pick-Up LTZ 2.5 Flex 4x4 CD Aut.,https://resized-images.autoconf.com.br/1000x750/filters:format(jpg)/veiculos/fotos/900470/3dc7189d-106a-467c-a169-caa4131ff9c5.jpg,https://resized-images.autoconf.com.br/1000x750/filters:format(jpg)/veiculos/fotos/900470/b002645a-1200-47c5-a9f9-82876c7a9857.jpg,https://resized-images.autoconf.com.br/1000x750/filters:format(jpg)/veiculos/fotos/900470/db2fe915-6ae8-40ab-b6dc-93568917f3df.jpg,https://resized-images.autoconf.com.br/1000x750/filters:format(jpg)/veiculos/fotos/900470/9ada8e8e-82fe-424e-bf8e-9f7f5d03d6be.jpg,https://resized-images.autoconf.com.br/1000x750/filters:format(jpg)/veiculos/fotos/900470/5dfd0c41-f627-4df2-b704-f9df3c9d3ec3.jpg,https://resized-images.autoconf.com.br/1000x750/filters:format(jpg)/veiculos/fotos/900470/70d9d656-d454-4a7d-8e8b-d944c9e7827e.jpg,https://resized-images.autoconf.com.br/1000x750/filters:format(jpg)/veiculos/fotos/900470/a8f47c01-4c63-4b63-9bf1-df2539af93a6.jpg,https://resized-images.autoconf.com.br/1000x750/filters:format(jpg)/veiculos/fotos/900470/8e0f4745-a5e9-42d8-922a-cc45853089c2.jpg,https://resized-images.autoconf.com.br/1000x750/filters:format(jpg)/veiculos/fotos/900470/213c864e-0aa4-44c1-ba6b-4ee19f2193db.jpg,,,,,,,,,,,120 a 200 mil,PICKUP,Chevrolet,2022,FLEX
903136,903136,Fiat Strada Working HARD 1.4 Fire Flex 8V CE,"Fiat Strada Working HARD 1.4 Fire Flex 8V CE — Ano 2019, 165.181 km, cor Prata. Seminovo com procedência, revisado e com garantia da loja. Thiago Veículos, em Rio Verde-GO. Agende sua visita ou chame no WhatsApp que a gente te atende rapidinho.",in stock,used,54990.00 BRL,,https://thiagoveiculosrv.com.br/carros/fiat/strada-working-hard-1-4-fire-flex-8v-ce/2019/903136,Fiat,Strada,Working HARD 1.4 Fire Flex 8V CE,2019,PICKUP,USED,KM,165181,Prata,MANUAL,FLEX,"Avenida Paulo Roberto Cunha, Quadra L Lote 15",Rio Verde,GO,75901-648,BR,Rio Verde,-17.7975,-50.9266,thiago-veiculos-rv,Thiago Veículos,903136,https://resized-images.autoconf.com.br/1000x750/filters:format(jpg)/veiculos/fotos/903136/e69d9756-dc91-4e17-8fcf-6a9f92dc121f.jpg,Fiat Strada Working HARD 1.4 Fire Flex 8V CE,https://resized-images.autoconf.com.br/1000x750/filters:format(jpg)/veiculos/fotos/903136/8d31027d-89ae-42f7-8c8e-3673ffc659eb.jpg,https://resized-images.autoconf.com.br/1000x750/filters:format(jpg)/veiculos/fotos/903136/6e8c8a05-0d48-4097-991f-b71f0505c28a.jpg,https://resized-images.autoconf.com.br/1000x750/filters:format(jpg)/veiculos/fotos/903136/85bb0c80-f8fa-4f2a-8d19-e3424e964def.jpg,https://resized-images.autoconf.com.br/1000x750/filters:format(jpg)/veiculos/fotos/903136/24bdee38-7b6f-4a9e-ab54-6e0028c0862a.jpg,https://resized-images.autoconf.com.br/1000x750/filters:format(jpg)/veiculos/fotos/903136/a39f829b-b517-462a-b7b4-1ca0e0165449.jpg,https://resized-images.autoconf.com.br/1000x750/filters:format(jpg)/veiculos/fotos/903136/0a79d18e-66e0-4939-9533-71299a867691.jpg,https://resized-images.autoconf.com.br/1000x750/filters:format(jpg)/veiculos/fotos/903136/10ee0de4-e06c-4130-9179-56b16d3d44bb.jpg,https://resized-images.autoconf.com.br/1000x750/filters:format(jpg)/veiculos/fotos/903136/9b1ddc59-7101-4858-8fb0-615c43c01317.jpg,,,,,,,,,,,,50 a 80 mil,PICKUP,Fiat,2019,FLEX
907682,907682,Volkswagen Polo 1.0 MPI Flex 12V 5p,"Volkswagen Polo 1.0 MPI Flex 12V 5p — Ano 2024, 55.542 km, cor Branco. Seminovo com procedência, revisado e com garantia da loja. Thiago Veículos, em Rio Verde-GO. Agende sua visita ou chame no WhatsApp que a gente te atende rapidinho.",in stock,used,74990.00 BRL,,https://thiagoveiculosrv.com.br/carros/vw-volkswagen/polo-1-0-mpi-flex-12v-5p/2024/907682,Volkswagen,Polo,1.0 MPI Flex 12V 5p,2024,HATCHBACK,USED,KM,55542,Branco,MANUAL,FLEX,"Avenida Paulo Roberto Cunha, Quadra L Lote 15",Rio Verde,GO,75901-648,BR,Rio Verde,-17.7975,-50.9266,thiago-veiculos-rv,Thiago Veículos,907682,https://resized-images.autoconf.com.br/1000x750/filters:format(jpg)/veiculos/fotos/907682/1cf4b126-6a41-4be4-9f85-b9a1454a81b4.jpg,Volkswagen Polo 1.0 MPI Flex 12V 5p,https://resized-images.autoconf.com.br/1000x750/filters:format(jpg)/veiculos/fotos/907682/149771f9-a728-4d32-b0ef-0acfdbb69f0c.jpg,https://resized-images.autoconf.com.br/1000x750/filters:format(jpg)/veiculos/fotos/907682/665f6a87-e4d7-42d9-902b-9271d4d69dc3.jpg,https://resized-images.autoconf.com.br/1000x750/filters:format(jpg)/veiculos/fotos/907682/b21c11b1-e8bb-4a41-a8d8-58018fb718fb.jpg,https://resized-images.autoconf.com.br/1000x750/filters:format(jpg)/veiculos/fotos/907682/3fba12ca-fc06-4461-8803-2b677ca851f2.jpg,https://resized-images.autoconf.com.br/1000x750/filters:format(jpg)/veiculos/fotos/907682/5d0e4cfc-15f9-4e56-af84-2d4ce23000ab.jpg,https://resized-images.autoconf.com.br/1000x750/filters:format(jpg)/veiculos/fotos/907682/46c698c7-32fe-49df-a601-ac0df10d8ccf.jpg,https://resized-images.autoconf.com.br/1000x750/filters:format(jpg)/veiculos/fotos/907682/4470d3c9-d8f2-4333-b39f-92bc66d782de.jpg,https://resized-images.autoconf.com.br/1000x750/filters:format(jpg)/veiculos/fotos/907682/a9272beb-112d-4b80-a1c3-3a9832620d6d.jpg,,,,,,,,,,,,50 a 80 mil,HATCHBACK,Volkswagen,2024,FLEX
912393,912393,Jeep COMPASS LONG. T270 1.3 TB 4x2 Flex Aut.,"Jeep COMPASS LONG. T270 1.3 TB 4x2 Flex Aut. — Ano 2023, 51.655 km, cor Prata. Seminovo com procedência, revisado e com garantia da loja. Thiago Veículos, em Rio Verde-GO. Agende sua visita ou chame no WhatsApp que a gente te atende rapidinho.",in stock,used,139990.00 BRL,,https://thiagoveiculosrv.com.br/carros/jeep/compass-long-t270-1-3-tb-4x2-flex-aut/2023/912393,Jeep,COMPASS,LONG. T270 1.3 TB 4x2 Flex Aut.,2023,SUV,USED,KM,51655,Prata,AUTOMATIC,FLEX,"Avenida Paulo Roberto Cunha, Quadra L Lote 15",Rio Verde,GO,75901-648,BR,Rio Verde,-17.7975,-50.9266,thiago-veiculos-rv,Thiago Veículos,912393,https://resized-images.autoconf.com.br/1000x750/filters:format(jpg)/veiculos/fotos/912393/8d257362-2f3c-4f72-bb70-ee07af75616a.jpg,Jeep COMPASS LONG. T270 1.3 TB 4x2 Flex Aut.,https://resized-images.autoconf.com.br/1000x750/filters:format(jpg)/veiculos/fotos/912393/54f2c98e-46d1-4137-a7a0-6374a31ece57.jpg,https://resized-images.autoconf.com.br/1000x750/filters:format(jpg)/veiculos/fotos/912393/e6afca8c-84bd-4893-908a-329ec7e6a8b7.jpg,https://resized-images.autoconf.com.br/1000x750/filters:format(jpg)/veiculos/fotos/912393/264c189d-4804-4a54-86b8-84c2d216bb3b.jpg,https://resized-images.autoconf.com.br/1000x750/filters:format(jpg)/veiculos/fotos/912393/820bfa17-8e15-453f-a1b6-22de6a39f546.jpg,https://resized-images.autoconf.com.br/1000x750/filters:format(jpg)/veiculos/fotos/912393/eab7cb94-d679-4f38-926d-d3e35dd15cc0.jpg,https://resized-images.autoconf.com.br/1000x750/filters:format(jpg)/veiculos/fotos/912393/b0f05484-26a2-44a8-a110-df9e7350fa48.jpg,https://resized-images.autoconf.com.br/1000x750/filters:format(jpg)/veiculos/fotos/912393/195ba9bd-ce1f-4717-822a-828e94605073.jpg,https://resized-images.autoconf.com.br/1000x750/filters:format(jpg)/veiculos/fotos/912393/bf272739-199f-465a-ae9e-1843fdac418c.jpg,,,,,,,,,,,,120 a 200 mil,SUV,Jeep,2023,FLEX
916219,916219,Fiat Strada Freedom 1.3 Flex 8V CS Plus,"Fiat Strada Freedom 1.3 Flex 8V CS Plus — Ano 2023, 172.629 km, cor Cinza. Seminovo com procedência, revisado e com garantia da loja. Thiago Veículos, em Rio Verde-GO. Agende sua visita ou chame no WhatsApp que a gente te atende rapidinho.",in stock,used,84990.00 BRL,,https://thiagoveiculosrv.com.br/carros/fiat/strada-freedom-1-3-flex-8v-cs-plus/2023/916219,Fiat,Strada,Freedom 1.3 Flex 8V CS Plus,2023,PICKUP,USED,KM,172629,Cinza,MANUAL,FLEX,"Avenida Paulo Roberto Cunha, Quadra L Lote 15",Rio Verde,GO,75901-648,BR,Rio Verde,-17.7975,-50.9266,thiago-veiculos-rv,Thiago Veículos,916219,https://resized-images.autoconf.com.br/1000x750/filters:format(jpg)/veiculos/fotos/916219/553d6ffc-74ec-46ed-b245-3d827340232b.jpg,Fiat Strada Freedom 1.3 Flex 8V CS Plus,https://resized-images.autoconf.com.br/1000x750/filters:format(jpg)/veiculos/fotos/916219/8ccd5980-34e3-417e-8ead-5128b215d724.jpg,https://resized-images.autoconf.com.br/1000x750/filters:format(jpg)/veiculos/fotos/916219/6fef86bc-e96c-4291-b37b-1f0965042568.jpg,https://resized-images.autoconf.com.br/1000x750/filters:format(jpg)/veiculos/fotos/916219/304c4e7d-7cb9-42dd-9beb-bf8e4c304e4b.jpg,https://resized-images.autoconf.com.br/1000x750/filters:format(jpg)/veiculos/fotos/916219/cfe356b9-eeb8-4aff-bdc5-316209341fbc.jpg,https://resized-images.autoconf.com.br/1000x750/filters:format(jpg)/veiculos/fotos/916219/61628273-b34a-44b5-95ba-d8032d0f6368.jpg,https://resized-images.autoconf.com.br/1000x750/filters:format(jpg)/veiculos/fotos/916219/0df4c0a0-9fa7-44f0-b923-aecfbdb411e2.jpg,https://resized-images.autoconf.com.br/1000x750/filters:format(jpg)/veiculos/fotos/916219/8bd519d5-0472-44b3-a062-84e0796c6b28.jpg,https://resized-images.autoconf.com.br/1000x750/filters:format(jpg)/veiculos/fotos/916219/f56b9473-7622-4bf9-a07d-49fd25e78965.jpg,,,,,,,,,,,,80 a 120 mil,PICKUP,Fiat,2023,FLEX
925734,925734,Fiat Strada Working HARD 1.4 Fire Flex 8V CD,"Fiat Strada Working HARD 1.4 Fire Flex 8V CD — Ano 2017, 91.954 km, cor Branco. Seminovo com procedência, revisado e com garantia da loja. Thiago Veículos, em Rio Verde-GO. Agende sua visita ou chame no WhatsApp que a gente te atende rapidinho.",in stock,used,69990.00 BRL,,https://thiagoveiculosrv.com.br/carros/fiat/strada-working-hard-1-4-fire-flex-8v-cd/2017/925734,Fiat,Strada,Working HARD 1.4 Fire Flex 8V CD,2017,PICKUP,USED,KM,91954,Branco,MANUAL,FLEX,"Avenida Paulo Roberto Cunha, Quadra L Lote 15",Rio Verde,GO,75901-648,BR,Rio Verde,-17.7975,-50.9266,thiago-veiculos-rv,Thiago Veículos,925734,https://resized-images.autoconf.com.br/1000x750/filters:format(jpg)/veiculos/fotos/925734/716e096b-82ab-4264-8013-431216c24aec.jpg,Fiat Strada Working HARD 1.4 Fire Flex 8V CD,https://resized-images.autoconf.com.br/1000x750/filters:format(jpg)/veiculos/fotos/925734/934f1bd5-1b9d-4a04-aa55-b79ab182edaa.jpg,https://resized-images.autoconf.com.br/1000x750/filters:format(jpg)/veiculos/fotos/925734/31aab2af-787d-4386-8a0e-27ef73a2f635.jpg,https://resized-images.autoconf.com.br/1000x750/filters:format(jpg)/veiculos/fotos/925734/783ecee7-21dc-478e-8430-96f7e73a3a0d.jpg,https://resized-images.autoconf.com.br/1000x750/filters:format(jpg)/veiculos/fotos/925734/5e1bc1ba-6f2f-426b-b232-c6c22dfdb306.jpg,https://resized-images.autoconf.com.br/1000x750/filters:format(jpg)/veiculos/fotos/925734/f1b2b5dc-0836-48fc-a952-b2a62520e797.jpg,https://resized-images.autoconf.com.br/1000x750/filters:format(jpg)/veiculos/fotos/925734/8bba7c8f-afd6-4b56-8d2c-d00b61d733e3.jpg,https://resized-images.autoconf.com.br/1000x750/filters:format(jpg)/veiculos/fotos/925734/00c62d64-082c-4c1c-986d-0f8a4e9dea91.jpg,,,,,,,,,,,,,50 a 80 mil,PICKUP,Fiat,2017,FLEX
926740,926740,Volkswagen Fox 1.6 Mi Total Flex 8V 5p,"Volkswagen Fox 1.6 Mi Total Flex 8V 5p — Ano 2013, 219.037 km, cor Prata. Seminovo com procedência, revisado e com garantia da loja. Thiago Veículos, em Rio Verde-GO. Agende sua visita ou chame no WhatsApp que a gente te atende rapidinho.",in stock,used,39990.00 BRL,,https://thiagoveiculosrv.com.br/carros/vw-volkswagen/fox-1-6-mi-total-flex-8v-5p/2013/926740,Volkswagen,Fox,1.6 Mi Total Flex 8V 5p,2013,HATCHBACK,USED,KM,219037,Prata,MANUAL,FLEX,"Avenida Paulo Roberto Cunha, Quadra L Lote 15",Rio Verde,GO,75901-648,BR,Rio Verde,-17.7975,-50.9266,thiago-veiculos-rv,Thiago Veículos,926740,https://resized-images.autoconf.com.br/1000x750/filters:format(jpg)/veiculos/fotos/926740/c41432e0-00b8-44a7-9078-bcf9c2c9cefa.jpg,Volkswagen Fox 1.6 Mi Total Flex 8V 5p,https://resized-images.autoconf.com.br/1000x750/filters:format(jpg)/veiculos/fotos/926740/10a906cf-b526-4b84-8b4b-0bfaf4e77de7.jpg,https://resized-images.autoconf.com.br/1000x750/filters:format(jpg)/veiculos/fotos/926740/1fb79916-4876-4308-91bc-c0c36e91b2ee.jpg,https://resized-images.autoconf.com.br/1000x750/filters:format(jpg)/veiculos/fotos/926740/09d120a1-0e27-4638-932d-07acb945d214.jpg,https://resized-images.autoconf.com.br/1000x750/filters:format(jpg)/veiculos/fotos/926740/38825322-4c78-4730-81d0-f47581bb79fe.jpg,https://resized-images.autoconf.com.br/1000x750/filters:format(jpg)/veiculos/fotos/926740/4953e2b2-9254-4d63-bd8c-739914a7865f.jpg,https://resized-images.autoconf.com.br/1000x750/filters:format(jpg)/veiculos/fotos/926740/a6a89d53-1326-469c-845d-c57c6ed76950.jpg,https://resized-images.autoconf.com.br/1000x750/filters:format(jpg)/veiculos/fotos/926740/1b302899-d94f-43fe-9c65-e58e1b16a9fd.jpg,https://resized-images.autoconf.com.br/1000x750/filters:format(jpg)/veiculos/fotos/926740/05c3cd14-fcba-4507-8089-a4d8e6b275f3.jpg,,,,,,,,,,,,Até 50 mil,HATCHBACK,Volkswagen,2013,FLEX
926771,926771,Fiat CRONOS DRIVE 1.3 8V Flex,"Fiat CRONOS DRIVE 1.3 8V Flex — Ano 2023, 48.553 km, cor Branco. Seminovo com procedência, revisado e com garantia da loja. Thiago Veículos, em Rio Verde-GO. Agende sua visita ou chame no WhatsApp que a gente te atende rapidinho.",in stock,used,79990.00 BRL,,https://thiagoveiculosrv.com.br/carros/fiat/cronos-drive-1-3-8v-flex/2023/926771,Fiat,CRONOS,DRIVE 1.3 8V Flex,2023,SUV,USED,KM,48553,Branco,MANUAL,FLEX,"Avenida Paulo Roberto Cunha, Quadra L Lote 15",Rio Verde,GO,75901-648,BR,Rio Verde,-17.7975,-50.9266,thiago-veiculos-rv,Thiago Veículos,926771,https://resized-images.autoconf.com.br/1000x750/filters:format(jpg)/veiculos/fotos/926771/ddb9b018-0cca-45c1-821d-b47635f45da5.jpg,Fiat CRONOS DRIVE 1.3 8V Flex,https://resized-images.autoconf.com.br/1000x750/filters:format(jpg)/veiculos/fotos/926771/2c143379-0367-4c78-a5a1-f36bd94c29a0.jpg,https://resized-images.autoconf.com.br/1000x750/filters:format(jpg)/veiculos/fotos/926771/848918ca-462e-45bf-b1bf-b28d346e23fd.jpg,https://resized-images.autoconf.com.br/1000x750/filters:format(jpg)/veiculos/fotos/926771/924a5a5c-6c3c-4a2a-97f5-6bd2a448453d.jpg,https://resized-images.autoconf.com.br/1000x750/filters:format(jpg)/veiculos/fotos/926771/4d826593-699d-4eed-922c-f6b433b970b6.jpg,https://resized-images.autoconf.com.br/1000x750/filters:format(jpg)/veiculos/fotos/926771/9337a28e-c3c0-4dad-aa95-5ce6da55de33.jpg,https://resized-images.autoconf.com.br/1000x750/filters:format(jpg)/veiculos/fotos/926771/ee476b0a-2de6-4c2d-9bc1-63f0808b1160.jpg,https://resized-images.autoconf.com.br/1000x750/filters:format(jpg)/veiculos/fotos/926771/4c11dc11-24b6-4a0f-a134-eb3c14d90996.jpg,https://resized-images.autoconf.com.br/1000x750/filters:format(jpg)/veiculos/fotos/926771/03dfbf03-cb93-401e-a8d3-a707e4f90c62.jpg,,,,,,,,,,,,50 a 80 mil,SUV,Fiat,2023,FLEX
926893,926893,Land Rover Range R.EVOQUE Dynamic 2.0 Aut 5p,"Land Rover Range R.EVOQUE Dynamic 2.0 Aut 5p — Ano 2014, 113.326 km, cor Branco. Seminovo com procedência, revisado e com garantia da loja. Thiago Veículos, em Rio Verde-GO. Agende sua visita ou chame no WhatsApp que a gente te atende rapidinho.",in stock,used,99990.00 BRL,,https://thiagoveiculosrv.com.br/carros/land-rover/range-r-evoque-dynamic-2-0-aut-5p/2014/926893,Land Rover,Range,R.EVOQUE Dynamic 2.0 Aut 5p,2014,SUV,USED,KM,113326,Branco,AUTOMATIC,GASOLINE,"Avenida Paulo Roberto Cunha, Quadra L Lote 15",Rio Verde,GO,75901-648,BR,Rio Verde,-17.7975,-50.9266,thiago-veiculos-rv,Thiago Veículos,926893,https://resized-images.autoconf.com.br/1000x750/filters:format(jpg)/veiculos/fotos/926893/467ebfc3-0359-4618-b224-025d4ccf789d.jpg,Land Rover Range R.EVOQUE Dynamic 2.0 Aut 5p,https://resized-images.autoconf.com.br/1000x750/filters:format(jpg)/veiculos/fotos/926893/0fdad9bd-0d40-4531-9ef5-e0cdabe1d19f.jpg,https://resized-images.autoconf.com.br/1000x750/filters:format(jpg)/veiculos/fotos/926893/4346ea81-778a-4cc4-a82d-466215456e38.jpg,https://resized-images.autoconf.com.br/1000x750/filters:format(jpg)/veiculos/fotos/926893/4171f355-be65-477d-be42-a4861e27c2e4.jpg,https://resized-images.autoconf.com.br/1000x750/filters:format(jpg)/veiculos/fotos/926893/a70697e4-2653-4845-b7a7-29f0094ae4c5.jpg,https://resized-images.autoconf.com.br/1000x750/filters:format(jpg)/veiculos/fotos/926893/14f60d64-fcc6-4bc6-94bc-fd8c706db573.jpg,https://resized-images.autoconf.com.br/1000x750/filters:format(jpg)/veiculos/fotos/926893/0f00d806-4b28-4059-9945-cf2fd5052e31.jpg,https://resized-images.autoconf.com.br/1000x750/filters:format(jpg)/veiculos/fotos/926893/d5706b46-36e2-468d-bef0-7a457e5af5d5.jpg,https://resized-images.autoconf.com.br/1000x750/filters:format(jpg)/veiculos/fotos/926893/f2fd964e-0773-42d7-96f1-adcb07085ad4.jpg,https://resized-images.autoconf.com.br/1000x750/filters:format(jpg)/veiculos/fotos/926893/595c17a2-b528-49a0-8b57-b8809f700079.jpg,,,,,,,,,,,80 a 120 mil,SUV,Land Rover,2014,GASOLINE
929720,929720,Fiat Strada Freedom 1.3 Flex 8V CS Plus,"Fiat Strada Freedom 1.3 Flex 8V CS Plus — Ano 2022, 82.063 km, cor Prata. Seminovo com procedência, revisado e com garantia da loja. Thiago Veículos, em Rio Verde-GO. Agende sua visita ou chame no WhatsApp que a gente te atende rapidinho.",in stock,used,77990.00 BRL,,https://thiagoveiculosrv.com.br/carros/fiat/strada-freedom-1-3-flex-8v-cs-plus/2022/929720,Fiat,Strada,Freedom 1.3 Flex 8V CS Plus,2022,PICKUP,USED,KM,82063,Prata,MANUAL,FLEX,"Avenida Paulo Roberto Cunha, Quadra L Lote 15",Rio Verde,GO,75901-648,BR,Rio Verde,-17.7975,-50.9266,thiago-veiculos-rv,Thiago Veículos,929720,https://resized-images.autoconf.com.br/1000x750/filters:format(jpg)/veiculos/fotos/929720/5a1ac14e-8142-4e14-b7a6-9471f7fdd993.jpg,Fiat Strada Freedom 1.3 Flex 8V CS Plus,https://resized-images.autoconf.com.br/1000x750/filters:format(jpg)/veiculos/fotos/929720/39e6f6eb-beb3-42a0-a4e8-0f57bc4ad0c5.jpg,https://resized-images.autoconf.com.br/1000x750/filters:format(jpg)/veiculos/fotos/929720/5ba78371-f774-4ce5-89e9-07c5fea3c8e6.jpg,https://resized-images.autoconf.com.br/1000x750/filters:format(jpg)/veiculos/fotos/929720/c3e906b4-c4e7-4a4f-964e-c3250498bef9.jpg,https://resized-images.autoconf.com.br/1000x750/filters:format(jpg)/veiculos/fotos/929720/e5c94038-53ad-4c8a-a2f4-f19884aae068.jpg,https://resized-images.autoconf.com.br/1000x750/filters:format(jpg)/veiculos/fotos/929720/1d4d39ed-58e7-4c74-981c-c2492a8b1a4c.jpg,https://resized-images.autoconf.com.br/1000x750/filters:format(jpg)/veiculos/fotos/929720/6c482bb6-e468-44bd-beab-ce5382574733.jpg,https://resized-images.autoconf.com.br/1000x750/filters:format(jpg)/veiculos/fotos/929720/4300b2f9-771e-4ccf-af9e-d33fc0f9b82a.jpg,,,,,,,,,,,,,50 a 80 mil,PICKUP,Fiat,2022,FLEX
930418,930418,Chevrolet S10 Pick-Up LT 2.8 TDI 4x4 CD Diesel Aut,"Chevrolet S10 Pick-Up LT 2.8 TDI 4x4 CD Diesel Aut — Ano 2023, 174.440 km, cor Cinza. Seminovo com procedência, revisado e com garantia da loja. Thiago Veículos, em Rio Verde-GO. Agende sua visita ou chame no WhatsApp que a gente te atende rapidinho.",in stock,used,164990.00 BRL,,https://thiagoveiculosrv.com.br/carros/gm-chevrolet/s10-pick-up-lt-2-8-tdi-4x4-cd-diesel-aut/2023/930418,Chevrolet,S10,Pick-Up LT 2.8 TDI 4x4 CD Diesel Aut,2023,PICKUP,USED,KM,174440,Cinza,AUTOMATIC,DIESEL,"Avenida Paulo Roberto Cunha, Quadra L Lote 15",Rio Verde,GO,75901-648,BR,Rio Verde,-17.7975,-50.9266,thiago-veiculos-rv,Thiago Veículos,930418,https://resized-images.autoconf.com.br/1000x750/filters:format(jpg)/veiculos/fotos/930418/5a9ea10a-e09f-4dcc-9fc3-2d3593cab762.jpg,Chevrolet S10 Pick-Up LT 2.8 TDI 4x4 CD Diesel Aut,https://resized-images.autoconf.com.br/1000x750/filters:format(jpg)/veiculos/fotos/930418/18afd95f-832a-410a-86e6-518ae0bc6e9b.jpg,https://resized-images.autoconf.com.br/1000x750/filters:format(jpg)/veiculos/fotos/930418/61a5a0c0-be2a-4ce5-9d0c-42c862faef19.jpg,https://resized-images.autoconf.com.br/1000x750/filters:format(jpg)/veiculos/fotos/930418/3306e4fe-a8d8-4496-ad18-912e9fc3a09b.jpg,https://resized-images.autoconf.com.br/1000x750/filters:format(jpg)/veiculos/fotos/930418/72a63b2b-d857-4f45-9f15-89bebf6058c3.jpg,https://resized-images.autoconf.com.br/1000x750/filters:format(jpg)/veiculos/fotos/930418/d7af0c3f-ffcf-437d-9048-93eb7eb0221c.jpg,https://resized-images.autoconf.com.br/1000x750/filters:format(jpg)/veiculos/fotos/930418/7a13939c-107b-4f2c-acec-6321e411b756.jpg,https://resized-images.autoconf.com.br/1000x750/filters:format(jpg)/veiculos/fotos/930418/6c4479f1-da5b-4267-bb27-31aaf8f79995.jpg,https://resized-images.autoconf.com.br/1000x750/filters:format(jpg)/veiculos/fotos/930418/e15e5115-499c-4a71-bd96-30ea13eaefc4.jpg,,,,,,,,,,,,120 a 200 mil,PICKUP,Chevrolet,2023,DIESEL
933337,933337,Volkswagen Saveiro Robust 1.6 Total Flex 16V,"Volkswagen Saveiro Robust 1.6 Total Flex 16V — Ano 2023, 60.060 km, cor Prata. Seminovo com procedência, revisado e com garantia da loja. Thiago Veículos, em Rio Verde-GO. Agende sua visita ou chame no WhatsApp que a gente te atende rapidinho.",in stock,used,69990.00 BRL,,https://thiagoveiculosrv.com.br/carros/vw-volkswagen/saveiro-robust-1-6-total-flex-16v/2023/933337,Volkswagen,Saveiro,Robust 1.6 Total Flex 16V,2023,PICKUP,USED,KM,60060,Prata,MANUAL,FLEX,"Avenida Paulo Roberto Cunha, Quadra L Lote 15",Rio Verde,GO,75901-648,BR,Rio Verde,-17.7975,-50.9266,thiago-veiculos-rv,Thiago Veículos,933337,https://resized-images.autoconf.com.br/1000x750/filters:format(jpg)/veiculos/fotos/933337/501fedc7-a8d3-4916-9855-5971b2331451.jpg,Volkswagen Saveiro Robust 1.6 Total Flex 16V,https://resized-images.autoconf.com.br/1000x750/filters:format(jpg)/veiculos/fotos/933337/11a84efa-d8be-4ba4-9434-57f8d44e3949.jpg,https://resized-images.autoconf.com.br/1000x750/filters:format(jpg)/veiculos/fotos/933337/9b89fa44-6437-473a-baec-10803ec701b9.jpg,https://resized-images.autoconf.com.br/1000x750/filters:format(jpg)/veiculos/fotos/933337/266102de-99cb-40a9-95ab-6433923d1a32.jpg,https://resized-images.autoconf.com.br/1000x750/filters:format(jpg)/veiculos/fotos/933337/4792e674-75d4-4b6b-96b6-1cde86dd7f8f.jpg,https://resized-images.autoconf.com.br/1000x750/filters:format(jpg)/veiculos/fotos/933337/ad559d45-bd10-4840-bbdb-ff4b2e5946e2.jpg,https://resized-images.autoconf.com.br/1000x750/filters:format(jpg)/veiculos/fotos/933337/7c4ce7cb-ff48-489c-a00a-b980e6209b84.jpg,https://resized-images.autoconf.com.br/1000x750/filters:format(jpg)/veiculos/fotos/933337/eef66665-f1e4-4cee-96f9-7a91c2399806.jpg,,,,,,,,,,,,,50 a 80 mil,PICKUP,Volkswagen,2023,FLEX
942290,942290,Ford EcoSport FREESTYLE 2.0 16V Flex 5p Aut.,"Ford EcoSport FREESTYLE 2.0 16V Flex 5p Aut. — Ano 2015, 105.000 km, cor Branco. Seminovo com procedência, revisado e com garantia da loja. Thiago Veículos, em Rio Verde-GO. Agende sua visita ou chame no WhatsApp que a gente te atende rapidinho.",in stock,used,55990.00 BRL,,https://thiagoveiculosrv.com.br/carros/ford/ecosport-freestyle-2-0-16v-flex-5p-aut/2015/942290,Ford,EcoSport,FREESTYLE 2.0 16V Flex 5p Aut.,2015,SUV,USED,KM,105000,Branco,AUTOMATIC,FLEX,"Avenida Paulo Roberto Cunha, Quadra L Lote 15",Rio Verde,GO,75901-648,BR,Rio Verde,-17.7975,-50.9266,thiago-veiculos-rv,Thiago Veículos,942290,https://resized-images.autoconf.com.br/1000x750/filters:format(jpg)/veiculos/fotos/942290/0a1b2d64-1932-4d99-819c-ff67db902ab6.jpg,Ford EcoSport FREESTYLE 2.0 16V Flex 5p Aut.,https://resized-images.autoconf.com.br/1000x750/filters:format(jpg)/veiculos/fotos/942290/ceb2b602-d261-4dbc-a09f-5b36e4393bcb.jpg,https://resized-images.autoconf.com.br/1000x750/filters:format(jpg)/veiculos/fotos/942290/12c933ef-fd6b-45d7-916a-9fb06324b888.jpg,https://resized-images.autoconf.com.br/1000x750/filters:format(jpg)/veiculos/fotos/942290/668d8e0b-ca39-4e58-a150-fef2b79fee9e.jpg,https://resized-images.autoconf.com.br/1000x750/filters:format(jpg)/veiculos/fotos/942290/5ea69096-c82f-491c-889b-c8b8c6e7e953.jpg,https://resized-images.autoconf.com.br/1000x750/filters:format(jpg)/veiculos/fotos/942290/706540a1-edb5-4ccb-89f4-eeb4907af493.jpg,https://resized-images.autoconf.com.br/1000x750/filters:format(jpg)/veiculos/fotos/942290/997c85b9-4d01-4a08-badc-33fb9d7efbb4.jpg,https://resized-images.autoconf.com.br/1000x750/filters:format(jpg)/veiculos/fotos/942290/5608d68e-10cb-4ab3-827a-d20f49255fbd.jpg,https://resized-images.autoconf.com.br/1000x750/filters:format(jpg)/veiculos/fotos/942290/5210d915-4211-4206-a675-a8c16c83f0e7.jpg,https://resized-images.autoconf.com.br/1000x750/filters:format(jpg)/veiculos/fotos/942290/03ab43a8-71df-4c80-9b28-65f253ed22e9.jpg,,,,,,,,,,,50 a 80 mil,SUV,Ford,2015,FLEX
943198,943198,Chevrolet S10 Pick-Up LS 2.8 TDI 4x4 CD Dies. Mec.,"Chevrolet S10 Pick-Up LS 2.8 TDI 4x4 CD Dies. Mec. — Ano 2023, 69.498 km, cor Branco. Seminovo com procedência, revisado e com garantia da loja. Thiago Veículos, em Rio Verde-GO. Agende sua visita ou chame no WhatsApp que a gente te atende rapidinho.",in stock,used,139990.00 BRL,,https://thiagoveiculosrv.com.br/carros/gm-chevrolet/s10-pick-up-ls-2-8-tdi-4x4-cd-dies-mec/2023/943198,Chevrolet,S10,Pick-Up LS 2.8 TDI 4x4 CD Dies. Mec.,2023,PICKUP,USED,KM,69498,Branco,MANUAL,DIESEL,"Avenida Paulo Roberto Cunha, Quadra L Lote 15",Rio Verde,GO,75901-648,BR,Rio Verde,-17.7975,-50.9266,thiago-veiculos-rv,Thiago Veículos,943198,https://resized-images.autoconf.com.br/1000x750/filters:format(jpg)/veiculos/fotos/943198/f20a35d0-853b-44e9-914a-7e4aca69ea76.jpg,Chevrolet S10 Pick-Up LS 2.8 TDI 4x4 CD Dies. Mec.,https://resized-images.autoconf.com.br/1000x750/filters:format(jpg)/veiculos/fotos/943198/55472bf2-3a12-487d-a066-e377e88e0b1f.jpg,https://resized-images.autoconf.com.br/1000x750/filters:format(jpg)/veiculos/fotos/943198/00780cc0-4396-4eb4-a3a8-b23ecf9042a7.jpg,https://resized-images.autoconf.com.br/1000x750/filters:format(jpg)/veiculos/fotos/943198/6111d58e-e72c-41e5-bf58-2059c31411fc.jpg,https://resized-images.autoconf.com.br/1000x750/filters:format(jpg)/veiculos/fotos/943198/8ff4bdd9-49e6-49a7-968c-f68b0d54e22c.jpg,https://resized-images.autoconf.com.br/1000x750/filters:format(jpg)/veiculos/fotos/943198/d22ba85b-6388-4dee-9cf9-6371523fad61.jpg,https://resized-images.autoconf.com.br/1000x750/filters:format(jpg)/veiculos/fotos/943198/b59618b8-63d7-4fa0-b669-08b62742ea83.jpg,https://resized-images.autoconf.com.br/1000x750/filters:format(jpg)/veiculos/fotos/943198/65078b85-f537-4125-a5e0-512e170d3aa8.jpg,https://resized-images.autoconf.com.br/1000x750/filters:format(jpg)/veiculos/fotos/943198/cfc32ca8-399e-4e81-93ea-6ca0fc34d454.jpg,https://resized-images.autoconf.com.br/1000x750/filters:format(jpg)/veiculos/fotos/943198/83505379-49bb-42c7-91c2-e5810715339e.jpg,,,,,,,,,,,120 a 200 mil,PICKUP,Chevrolet,2023,DIESEL
943207,943207,Hyundai HB20 Sense 1.0 Flex 12V Mec.,"Hyundai HB20 Sense 1.0 Flex 12V Mec. — Ano 2024, 40.189 km, cor Branco. Seminovo com procedência, revisado e com garantia da loja. Thiago Veículos, em Rio Verde-GO. Agende sua visita ou chame no WhatsApp que a gente te atende rapidinho.",in stock,used,69990.00 BRL,,https://thiagoveiculosrv.com.br/carros/hyundai/hb20-sense-1-0-flex-12v-mec/2024/943207,Hyundai,HB20,Sense 1.0 Flex 12V Mec.,2024,HATCHBACK,USED,KM,40189,Branco,MANUAL,FLEX,"Avenida Paulo Roberto Cunha, Quadra L Lote 15",Rio Verde,GO,75901-648,BR,Rio Verde,-17.7975,-50.9266,thiago-veiculos-rv,Thiago Veículos,943207,https://resized-images.autoconf.com.br/1000x750/filters:format(jpg)/veiculos/fotos/943207/db800975-8564-4195-a3a5-1bfe91be00b8.jpg,Hyundai HB20 Sense 1.0 Flex 12V Mec.,https://resized-images.autoconf.com.br/1000x750/filters:format(jpg)/veiculos/fotos/943207/fb359548-41a4-4c7c-84b7-92851145b1bb.jpg,https://resized-images.autoconf.com.br/1000x750/filters:format(jpg)/veiculos/fotos/943207/53885218-5dc2-4820-898c-61e12fe5a126.jpg,https://resized-images.autoconf.com.br/1000x750/filters:format(jpg)/veiculos/fotos/943207/2de4b5e9-ffa6-4605-854e-9f33d911d2cd.jpg,https://resized-images.autoconf.com.br/1000x750/filters:format(jpg)/veiculos/fotos/943207/1bc64c07-c9f3-43f7-b8f3-0fa36aefc816.jpg,https://resized-images.autoconf.com.br/1000x750/filters:format(jpg)/veiculos/fotos/943207/ea35e0cc-192e-4c4c-9b0e-4a9eeac6516d.jpg,https://resized-images.autoconf.com.br/1000x750/filters:format(jpg)/veiculos/fotos/943207/4d160f09-3abf-483a-895b-55c997d77401.jpg,https://resized-images.autoconf.com.br/1000x750/filters:format(jpg)/veiculos/fotos/943207/2f123143-e6b4-491d-a75e-93c6e829c15f.jpg,https://resized-images.autoconf.com.br/1000x750/filters:format(jpg)/veiculos/fotos/943207/cbd971dc-5c32-4904-9742-96a8be54a5ba.jpg,https://resized-images.autoconf.com.br/1000x750/filters:format(jpg)/veiculos/fotos/943207/84812bc8-a9fe-4590-a17e-63a3b2b744d5.jpg,https://resized-images.autoconf.com.br/1000x750/filters:format(jpg)/veiculos/fotos/943207/0f2d7ac4-9f4f-471d-b8f7-c37eb83c13cb.jpg,,,,,,,,,,50 a 80 mil,HATCHBACK,Hyundai,2024,FLEX
943450,943450,Fiat Strada Endurance 1.4 Flex 8V CD,"Fiat Strada Endurance 1.4 Flex 8V CD — Ano 2022, 84.016 km, cor Branco. Seminovo com procedência, revisado e com garantia da loja. Thiago Veículos, em Rio Verde-GO. Agende sua visita ou chame no WhatsApp que a gente te atende rapidinho.",in stock,used,69990.00 BRL,,https://thiagoveiculosrv.com.br/carros/fiat/strada-endurance-1-4-flex-8v-cd/2022/943450,Fiat,Strada,Endurance 1.4 Flex 8V CD,2022,PICKUP,USED,KM,84016,Branco,MANUAL,FLEX,"Avenida Paulo Roberto Cunha, Quadra L Lote 15",Rio Verde,GO,75901-648,BR,Rio Verde,-17.7975,-50.9266,thiago-veiculos-rv,Thiago Veículos,943450,https://resized-images.autoconf.com.br/1000x750/filters:format(jpg)/veiculos/fotos/943450/6f25d071-7329-4df0-99b6-566874a3ab11.jpg,Fiat Strada Endurance 1.4 Flex 8V CD,https://resized-images.autoconf.com.br/1000x750/filters:format(jpg)/veiculos/fotos/943450/62ac72fa-bde9-482c-930f-56d595d77e4d.jpg,https://resized-images.autoconf.com.br/1000x750/filters:format(jpg)/veiculos/fotos/943450/ffdfeebf-051c-4fb2-aedf-5690fd1e7f8e.jpg,https://resized-images.autoconf.com.br/1000x750/filters:format(jpg)/veiculos/fotos/943450/920c3f9e-0ff2-4b97-a351-4e0c230159b1.jpg,https://resized-images.autoconf.com.br/1000x750/filters:format(jpg)/veiculos/fotos/943450/9e24c0de-9600-4d10-805a-cda9dd9777ff.jpg,https://resized-images.autoconf.com.br/1000x750/filters:format(jpg)/veiculos/fotos/943450/c70b8d9b-9508-4db1-9399-da6579ccfa34.jpg,https://resized-images.autoconf.com.br/1000x750/filters:format(jpg)/veiculos/fotos/943450/e20ba41d-8c12-4433-bfb6-8be6a3d90c04.jpg,https://resized-images.autoconf.com.br/1000x750/filters:format(jpg)/veiculos/fotos/943450/2b1f0755-d005-46fc-b134-f422db677b2e.jpg,,,,,,,,,,,,,50 a 80 mil,PICKUP,Fiat,2022,FLEX
943468,943468,Fiat Strada Working HARD 1.4 Fire Flex 8V CS,"Fiat Strada Working HARD 1.4 Fire Flex 8V CS — Ano 2020, 98.126 km, cor Branco. Seminovo com procedência, revisado e com garantia da loja. Thiago Veículos, em Rio Verde-GO. Agende sua visita ou chame no WhatsApp que a gente te atende rapidinho.",in stock,used,54990.00 BRL,,https://thiagoveiculosrv.com.br/carros/fiat/strada-working-hard-1-4-fire-flex-8v-cs/2020/943468,Fiat,Strada,Working HARD 1.4 Fire Flex 8V CS,2020,PICKUP,USED,KM,98126,Branco,MANUAL,FLEX,"Avenida Paulo Roberto Cunha, Quadra L Lote 15",Rio Verde,GO,75901-648,BR,Rio Verde,-17.7975,-50.9266,thiago-veiculos-rv,Thiago Veículos,943468,https://resized-images.autoconf.com.br/1000x750/filters:format(jpg)/veiculos/fotos/943468/6ad87b07-1d77-4272-b985-a08eff1b04d2.jpg,Fiat Strada Working HARD 1.4 Fire Flex 8V CS,https://resized-images.autoconf.com.br/1000x750/filters:format(jpg)/veiculos/fotos/943468/a8a8d2c3-4db1-4953-a4ed-7ccb57932716.jpg,https://resized-images.autoconf.com.br/1000x750/filters:format(jpg)/veiculos/fotos/943468/004a84c7-94c1-4607-b6df-09a5987f58d0.jpg,https://resized-images.autoconf.com.br/1000x750/filters:format(jpg)/veiculos/fotos/943468/1165e493-1a90-4544-acc1-fd13b112994f.jpg,https://resized-images.autoconf.com.br/1000x750/filters:format(jpg)/veiculos/fotos/943468/ce947da8-a42d-4c91-8762-935b0c371adb.jpg,https://resized-images.autoconf.com.br/1000x750/filters:format(jpg)/veiculos/fotos/943468/bec90349-20f2-464f-9c8d-53d6105e88bb.jpg,https://resized-images.autoconf.com.br/1000x750/filters:format(jpg)/veiculos/fotos/943468/54f3a116-0edb-428f-b2fd-b398ea189c49.jpg,https://resized-images.autoconf.com.br/1000x750/filters:format(jpg)/veiculos/fotos/943468/4337bbcc-4dba-4705-859b-f5e9a29076fa.jpg,,,,,,,,,,,,,50 a 80 mil,PICKUP,Fiat,2020,FLEX
948467,948467,Fiat Strada Freedom 1.3 Flex 8V CS Plus,"Fiat Strada Freedom 1.3 Flex 8V CS Plus — Ano 2021, 127.308 km, cor Branco. Seminovo com procedência, revisado e com garantia da loja. Thiago Veículos, em Rio Verde-GO. Agende sua visita ou chame no WhatsApp que a gente te atende rapidinho.",in stock,used,79990.00 BRL,,https://thiagoveiculosrv.com.br/carros/fiat/strada-freedom-1-3-flex-8v-cs-plus/2021/948467,Fiat,Strada,Freedom 1.3 Flex 8V CS Plus,2021,PICKUP,USED,KM,127308,Branco,MANUAL,FLEX,"Avenida Paulo Roberto Cunha, Quadra L Lote 15",Rio Verde,GO,75901-648,BR,Rio Verde,-17.7975,-50.9266,thiago-veiculos-rv,Thiago Veículos,948467,https://resized-images.autoconf.com.br/1000x750/filters:format(jpg)/veiculos/fotos/948467/db14dc40-cb22-40e6-832b-44bbf552010d.jpg,Fiat Strada Freedom 1.3 Flex 8V CS Plus,https://resized-images.autoconf.com.br/1000x750/filters:format(jpg)/veiculos/fotos/948467/11687629-a989-43cd-a050-57488bab940b.jpg,https://resized-images.autoconf.com.br/1000x750/filters:format(jpg)/veiculos/fotos/948467/2c730313-5ffb-4a81-9b3c-c5f6be3d53cd.jpg,https://resized-images.autoconf.com.br/1000x750/filters:format(jpg)/veiculos/fotos/948467/a8d221ab-0208-4c09-aca6-ef5bcbf74385.jpg,https://resized-images.autoconf.com.br/1000x750/filters:format(jpg)/veiculos/fotos/948467/9d7a5b71-e884-4ff7-b8dd-fe52cf18fc4d.jpg,https://resized-images.autoconf.com.br/1000x750/filters:format(jpg)/veiculos/fotos/948467/1f1621ec-fb13-40be-a485-914e81cdee91.jpg,https://resized-images.autoconf.com.br/1000x750/filters:format(jpg)/veiculos/fotos/948467/a113c350-78ba-4553-88fb-ded7b5afa79f.jpg,https://resized-images.autoconf.com.br/1000x750/filters:format(jpg)/veiculos/fotos/948467/7e23d378-a032-411e-b3c8-e12ea1a6e75f.jpg,https://resized-images.autoconf.com.br/1000x750/filters:format(jpg)/veiculos/fotos/948467/2a4b1b98-86ab-472e-a49a-a5dedd496658.jpg,,,,,,,,,,,,50 a 80 mil,PICKUP,Fiat,2021,FLEX
948792,948792,Chevrolet ONIX HATCH 1.0 12V Flex 5p Mec.,"Chevrolet ONIX HATCH 1.0 12V Flex 5p Mec. — Ano 2023, 68.997 km, cor Branco. Seminovo com procedência, revisado e com garantia da loja. Thiago Veículos, em Rio Verde-GO. Agende sua visita ou chame no WhatsApp que a gente te atende rapidinho.",in stock,used,74990.00 BRL,,https://thiagoveiculosrv.com.br/carros/gm-chevrolet/onix-hatch-1-0-12v-flex-5p-mec/2023/948792,Chevrolet,ONIX,HATCH 1.0 12V Flex 5p Mec.,2023,HATCHBACK,USED,KM,68997,Branco,MANUAL,FLEX,"Avenida Paulo Roberto Cunha, Quadra L Lote 15",Rio Verde,GO,75901-648,BR,Rio Verde,-17.7975,-50.9266,thiago-veiculos-rv,Thiago Veículos,948792,https://resized-images.autoconf.com.br/1000x750/filters:format(jpg)/veiculos/fotos/948792/a60c6a6a-9e67-4fbe-a373-e53abeb3f21c.jpg,Chevrolet ONIX HATCH 1.0 12V Flex 5p Mec.,https://resized-images.autoconf.com.br/1000x750/filters:format(jpg)/veiculos/fotos/948792/bf54bcb1-6546-4945-b233-e74e3f0634e0.jpg,https://resized-images.autoconf.com.br/1000x750/filters:format(jpg)/veiculos/fotos/948792/fbe75b14-6fec-4d5f-a3cf-55753d445652.jpg,https://resized-images.autoconf.com.br/1000x750/filters:format(jpg)/veiculos/fotos/948792/a88b9f5e-a694-469a-a17f-85a043870dd2.jpg,https://resized-images.autoconf.com.br/1000x750/filters:format(jpg)/veiculos/fotos/948792/b9bfa5a3-895d-485f-9e4b-538f563982db.jpg,https://resized-images.autoconf.com.br/1000x750/filters:format(jpg)/veiculos/fotos/948792/efe27cae-3642-4246-95af-cfee96194777.jpg,https://resized-images.autoconf.com.br/1000x750/filters:format(jpg)/veiculos/fotos/948792/687764be-9e82-431c-94e9-ea4fdbd03c81.jpg,https://resized-images.autoconf.com.br/1000x750/filters:format(jpg)/veiculos/fotos/948792/c65bbb4b-912e-4d73-89f0-edb0477e0fbd.jpg,https://resized-images.autoconf.com.br/1000x750/filters:format(jpg)/veiculos/fotos/948792/66b59f21-d032-421b-89b5-6001d36a1740.jpg,,,,,,,,,,,,50 a 80 mil,HATCHBACK,Chevrolet,2023,FLEX
948986,948986,Volkswagen T-Cross 1.0 TSI Flex 12V 5p Mec.,"Volkswagen T-Cross 1.0 TSI Flex 12V 5p Mec. — Ano 2021, 83.471 km, cor Cinza. Seminovo com procedência, revisado e com garantia da loja. Thiago Veículos, em Rio Verde-GO. Agende sua visita ou chame no WhatsApp que a gente te atende rapidinho.",in stock,used,105000.00 BRL,,https://thiagoveiculosrv.com.br/carros/vw-volkswagen/t-cross-1-0-tsi-flex-12v-5p-mec/2021/948986,Volkswagen,T-Cross,1.0 TSI Flex 12V 5p Mec.,2021,SUV,USED,KM,83471,Cinza,MANUAL,FLEX,"Avenida Paulo Roberto Cunha, Quadra L Lote 15",Rio Verde,GO,75901-648,BR,Rio Verde,-17.7975,-50.9266,thiago-veiculos-rv,Thiago Veículos,948986,,,,,,,,,,,,,,,,,,,,,,80 a 120 mil,SUV,Volkswagen,2021,FLEX
949113,949113,Renault OROCH Outsider 1.3Tce Flex Aut.,"Renault OROCH Outsider 1.3Tce Flex Aut. — Ano 2025, 65.405 km, cor Prata. Seminovo com procedência, revisado e com garantia da loja. Thiago Veículos, em Rio Verde-GO. Agende sua visita ou chame no WhatsApp que a gente te atende rapidinho.",in stock,used,121990.00 BRL,,https://thiagoveiculosrv.com.br/carros/renault/duster-oroch-outsider-1-3tce-flex-aut/2025/949113,Renault,OROCH,Outsider 1.3Tce Flex Aut.,2025,PICKUP,USED,KM,65405,Prata,AUTOMATIC,FLEX,"Avenida Paulo Roberto Cunha, Quadra L Lote 15",Rio Verde,GO,75901-648,BR,Rio Verde,-17.7975,-50.9266,thiago-veiculos-rv,Thiago Veículos,949113,https://resized-images.autoconf.com.br/1000x750/filters:format(jpg)/veiculos/fotos/949113/8be252bf-a277-41e2-911b-76a0cd86f5ed.jpg,Renault OROCH Outsider 1.3Tce Flex Aut.,https://resized-images.autoconf.com.br/1000x750/filters:format(jpg)/veiculos/fotos/949113/71a6ab1a-72dc-487c-81ef-a251f9557595.jpg,https://resized-images.autoconf.com.br/1000x750/filters:format(jpg)/veiculos/fotos/949113/0e3d9768-2565-478b-b1de-e796791956ba.jpg,https://resized-images.autoconf.com.br/1000x750/filters:format(jpg)/veiculos/fotos/949113/97a0f04a-0611-4a25-9481-5ab3ede7a881.jpg,https://resized-images.autoconf.com.br/1000x750/filters:format(jpg)/veiculos/fotos/949113/ddb82d72-d861-423a-b9fc-473a9b633996.jpg,https://resized-images.autoconf.com.br/1000x750/filters:format(jpg)/veiculos/fotos/949113/c8894666-67b0-4f21-b6e4-ad1f44ddc74e.jpg,https://resized-images.autoconf.com.br/1000x750/filters:format(jpg)/veiculos/fotos/949113/019ef0e2-c6d1-4d58-a503-a0b79800a4b4.jpg,https://resized-images.autoconf.com.br/1000x750/filters:format(jpg)/veiculos/fotos/949113/a2b362f8-16b9-4c15-a103-9bf358526458.jpg,https://resized-images.autoconf.com.br/1000x750/filters:format(jpg)/veiculos/fotos/949113/256bd5d5-9c5c-4aad-bc93-b949054c1f83.jpg,https://resized-images.autoconf.com.br/1000x750/filters:format(jpg)/veiculos/fotos/949113/59949068-273e-4091-a0f8-53ad73dae583.jpg,,,,,,,,,,,120 a 200 mil,PICKUP,Renault,2025,FLEX
960468,960468,Jeep COMPASS LONG. T270 1.3 TB 4x2 Flex Aut.,"Jeep COMPASS LONG. T270 1.3 TB 4x2 Flex Aut. — Ano 2022, 67.369 km, cor Cinza. Seminovo com procedência, revisado e com garantia da loja. Thiago Veículos, em Rio Verde-GO. Agende sua visita ou chame no WhatsApp que a gente te atende rapidinho.",in stock,used,141990.00 BRL,,https://thiagoveiculosrv.com.br/carros/jeep/compass-long-t270-1-3-tb-4x2-flex-aut/2022/960468,Jeep,COMPASS,LONG. T270 1.3 TB 4x2 Flex Aut.,2022,SUV,USED,KM,67369,Cinza,AUTOMATIC,FLEX,"Avenida Paulo Roberto Cunha, Quadra L Lote 15",Rio Verde,GO,75901-648,BR,Rio Verde,-17.7975,-50.9266,thiago-veiculos-rv,Thiago Veículos,960468,https://resized-images.autoconf.com.br/1000x750/filters:format(jpg)/veiculos/fotos/960468/b1bb0fec-08dd-43f5-973f-781b2b474e60.jpg,Jeep COMPASS LONG. T270 1.3 TB 4x2 Flex Aut.,https://resized-images.autoconf.com.br/1000x750/filters:format(jpg)/veiculos/fotos/960468/5671dc33-c9d4-4c8c-a6f5-9105a1b3f9b8.jpg,https://resized-images.autoconf.com.br/1000x750/filters:format(jpg)/veiculos/fotos/960468/1c201e33-1b83-4021-80cd-a7edea211dfd.jpg,https://resized-images.autoconf.com.br/1000x750/filters:format(jpg)/veiculos/fotos/960468/8c1af752-f24e-4962-ae8f-1851b9c575ab.jpg,https://resized-images.autoconf.com.br/1000x750/filters:format(jpg)/veiculos/fotos/960468/05f80632-4a66-4305-ace8-70512bbddee9.jpg,https://resized-images.autoconf.com.br/1000x750/filters:format(jpg)/veiculos/fotos/960468/3eb5bf49-6bee-4fb6-a2dc-b8e73418bc80.jpg,https://resized-images.autoconf.com.br/1000x750/filters:format(jpg)/veiculos/fotos/960468/df0d1ba7-0ea3-407e-83fc-49b022be3d81.jpg,https://resized-images.autoconf.com.br/1000x750/filters:format(jpg)/veiculos/fotos/960468/dbe48ede-5c4d-4a73-b229-546445f1da19.jpg,https://resized-images.autoconf.com.br/1000x750/filters:format(jpg)/veiculos/fotos/960468/2f2fc3c1-f891-4b42-b42b-74b7afc7cafa.jpg,https://resized-images.autoconf.com.br/1000x750/filters:format(jpg)/veiculos/fotos/960468/ccc819ee-501f-45d6-a84c-c8e53af756ff.jpg,,,,,,,,,,,120 a 200 mil,SUV,Jeep,2022,FLEX
965045,965045,Volkswagen Nivus Comfortline 1.0 200 TSI Flex Aut.,"Volkswagen Nivus Comfortline 1.0 200 TSI Flex Aut. — Ano 2026, 8.774 km, cor Branco. Seminovo com procedência, revisado e com garantia da loja. Thiago Veículos, em Rio Verde-GO. Agende sua visita ou chame no WhatsApp que a gente te atende rapidinho.",in stock,used,139990.00 BRL,,https://thiagoveiculosrv.com.br/carros/vw-volkswagen/nivus-comfortline-1-0-200-tsi-flex-aut/2026/965045,Volkswagen,Nivus,Comfortline 1.0 200 TSI Flex Aut.,2026,SUV,USED,KM,8774,Branco,AUTOMATIC,FLEX,"Avenida Paulo Roberto Cunha, Quadra L Lote 15",Rio Verde,GO,75901-648,BR,Rio Verde,-17.7975,-50.9266,thiago-veiculos-rv,Thiago Veículos,965045,https://resized-images.autoconf.com.br/1000x750/filters:format(jpg)/veiculos/fotos/965045/e394b37c-63c0-4934-84e2-7cf41d7e2c97.jpg,Volkswagen Nivus Comfortline 1.0 200 TSI Flex Aut.,https://resized-images.autoconf.com.br/1000x750/filters:format(jpg)/veiculos/fotos/965045/1238d598-704b-4341-a33b-caad255c2879.jpg,https://resized-images.autoconf.com.br/1000x750/filters:format(jpg)/veiculos/fotos/965045/cded9f00-8509-435b-8cbb-3fdb701c2b91.jpg,https://resized-images.autoconf.com.br/1000x750/filters:format(jpg)/veiculos/fotos/965045/51205ca9-a18b-472f-9031-afaf44aca91e.jpg,https://resized-images.autoconf.com.br/1000x750/filters:format(jpg)/veiculos/fotos/965045/ef3b7197-4e4c-4a69-97a5-b4e37d8e3f98.jpg,https://resized-images.autoconf.com.br/1000x750/filters:format(jpg)/veiculos/fotos/965045/d695e33e-ec81-4be3-8382-32a99d6a280a.jpg,https://resized-images.autoconf.com.br/1000x750/filters:format(jpg)/veiculos/fotos/965045/c6eb5cf0-a2ac-4870-80d5-21b50d0770f3.jpg,https://resized-images.autoconf.com.br/1000x750/filters:format(jpg)/veiculos/fotos/965045/e5dba78c-bdc2-4abf-be4a-e8c6c74b6d9d.jpg,https://resized-images.autoconf.com.br/1000x750/filters:format(jpg)/veiculos/fotos/965045/cbff2c65-4a68-4f1e-88bf-a21520e50c33.jpg,,,,,,,,,,,,120 a 200 mil,SUV,Volkswagen,2026,FLEX
965054,965054,Hyundai HB20 Limited Plus 1.0 Flex 12V Mec.,"Hyundai HB20 Limited Plus 1.0 Flex 12V Mec. — Ano 2025, 77.054 km, cor Branco. Seminovo com procedência, revisado e com garantia da loja. Thiago Veículos, em Rio Verde-GO. Agende sua visita ou chame no WhatsApp que a gente te atende rapidinho.",in stock,used,78990.00 BRL,,https://thiagoveiculosrv.com.br/carros/hyundai/hb20-limited-plus1-0-flex-12v-mec/2025/965054,Hyundai,HB20,Limited Plus 1.0 Flex 12V Mec.,2025,HATCHBACK,USED,KM,77054,Branco,AUTOMATIC,FLEX,"Avenida Paulo Roberto Cunha, Quadra L Lote 15",Rio Verde,GO,75901-648,BR,Rio Verde,-17.7975,-50.9266,thiago-veiculos-rv,Thiago Veículos,965054,https://resized-images.autoconf.com.br/1000x750/filters:format(jpg)/veiculos/fotos/965054/ff42721f-a2a4-4558-bc9d-ec8018543b69.jpg,Hyundai HB20 Limited Plus 1.0 Flex 12V Mec.,https://resized-images.autoconf.com.br/1000x750/filters:format(jpg)/veiculos/fotos/965054/9ecdb040-64da-4555-823a-9b45a664e5ec.jpg,https://resized-images.autoconf.com.br/1000x750/filters:format(jpg)/veiculos/fotos/965054/de31ec4e-b8d5-483f-9cf4-34f6edfda8d7.jpg,https://resized-images.autoconf.com.br/1000x750/filters:format(jpg)/veiculos/fotos/965054/346794d0-8806-4d94-a89d-4c1b5844d4f6.jpg,https://resized-images.autoconf.com.br/1000x750/filters:format(jpg)/veiculos/fotos/965054/c77e16b4-8d46-4582-8a69-05c02847ac95.jpg,https://resized-images.autoconf.com.br/1000x750/filters:format(jpg)/veiculos/fotos/965054/66280244-048f-487c-88de-357e2f3fdaad.jpg,https://resized-images.autoconf.com.br/1000x750/filters:format(jpg)/veiculos/fotos/965054/c97826f7-36b5-4a15-8826-daa8fbefeba2.jpg,https://resized-images.autoconf.com.br/1000x750/filters:format(jpg)/veiculos/fotos/965054/ac87b513-8d4a-4b16-9266-e764f6b10e29.jpg,https://resized-images.autoconf.com.br/1000x750/filters:format(jpg)/veiculos/fotos/965054/e46caada-5058-4a7f-9cd8-5600d36a664f.jpg,,,,,,,,,,,,50 a 80 mil,HATCHBACK,Hyundai,2025,FLEX
968368,968368,Volkswagen Gol GTi 2.0,"Volkswagen Gol GTi 2.0 — Ano 1994, 33.464 km, cor Prata. Seminovo com procedência, revisado e com garantia da loja. Thiago Veículos, em Rio Verde-GO. Agende sua visita ou chame no WhatsApp que a gente te atende rapidinho.",in stock,used,44990.00 BRL,,https://thiagoveiculosrv.com.br/carros/vw-volkswagen/gol-gti-2-0/1994/968368,Volkswagen,Gol,GTi 2.0,1994,HATCHBACK,USED,KM,33464,Prata,MANUAL,OTHER,"Avenida Paulo Roberto Cunha, Quadra L Lote 15",Rio Verde,GO,75901-648,BR,Rio Verde,-17.7975,-50.9266,thiago-veiculos-rv,Thiago Veículos,968368,https://resized-images.autoconf.com.br/1000x750/filters:format(jpg)/veiculos/fotos/968368/f25d4ce7-3042-4288-b181-205f68145241.jpg,Volkswagen Gol GTi 2.0,https://resized-images.autoconf.com.br/1000x750/filters:format(jpg)/veiculos/fotos/968368/327f9a6e-3009-442e-b9c9-9dfed62570b4.jpg,https://resized-images.autoconf.com.br/1000x750/filters:format(jpg)/veiculos/fotos/968368/7eee0129-25ec-49c9-ac7f-047d75a29e32.jpg,https://resized-images.autoconf.com.br/1000x750/filters:format(jpg)/veiculos/fotos/968368/3c24f024-a54d-4100-9607-88d24133373c.jpg,https://resized-images.autoconf.com.br/1000x750/filters:format(jpg)/veiculos/fotos/968368/b2f4f6ec-c0cb-4fdb-a7c1-257ce209c225.jpg,https://resized-images.autoconf.com.br/1000x750/filters:format(jpg)/veiculos/fotos/968368/3bb517c7-699a-47fe-ad00-4d3961ec03a9.jpg,https://resized-images.autoconf.com.br/1000x750/filters:format(jpg)/veiculos/fotos/968368/297615a0-d6c9-4325-aa45-79d08ec3b581.jpg,https://resized-images.autoconf.com.br/1000x750/filters:format(jpg)/veiculos/fotos/968368/173dc79f-78cf-439e-99a4-9f2da3f77899.jpg,https://resized-images.autoconf.com.br/1000x750/filters:format(jpg)/veiculos/fotos/968368/459bdf70-9bc5-482b-b63a-29fdb9f5897b.jpg,,,,,,,,,,,,Até 50 mil,HATCHBACK,Volkswagen,1994,OTHER
973313,973313,Hyundai HB20 Evolution 1.0 Flex 12V Mec.,"Hyundai HB20 Evolution 1.0 Flex 12V Mec. — Ano 2022, 132.453 km, cor Branco. Seminovo com procedência, revisado e com garantia da loja. Thiago Veículos, em Rio Verde-GO. Agende sua visita ou chame no WhatsApp que a gente te atende rapidinho.",in stock,used,69990.00 BRL,,https://thiagoveiculosrv.com.br/carros/hyundai/hb20-evolution-1-0-flex-12v-mec/2022/973313,Hyundai,HB20,Evolution 1.0 Flex 12V Mec.,2022,HATCHBACK,USED,KM,132453,Branco,MANUAL,FLEX,"Avenida Paulo Roberto Cunha, Quadra L Lote 15",Rio Verde,GO,75901-648,BR,Rio Verde,-17.7975,-50.9266,thiago-veiculos-rv,Thiago Veículos,973313,https://resized-images.autoconf.com.br/1000x750/filters:format(jpg)/veiculos/fotos/973313/79f19ecb-73e3-4e77-af1a-b7b0bff88eba.jpg,Hyundai HB20 Evolution 1.0 Flex 12V Mec.,https://resized-images.autoconf.com.br/1000x750/filters:format(jpg)/veiculos/fotos/973313/b6ccb8ef-2bd6-45a4-ad61-53fcfca784aa.jpg,https://resized-images.autoconf.com.br/1000x750/filters:format(jpg)/veiculos/fotos/973313/2910e7ec-cf91-486a-a094-88a465b766f2.jpg,https://resized-images.autoconf.com.br/1000x750/filters:format(jpg)/veiculos/fotos/973313/d7ce5358-e93d-481c-93bb-10cf2041e629.jpg,https://resized-images.autoconf.com.br/1000x750/filters:format(jpg)/veiculos/fotos/973313/23c06429-9743-4f7a-859f-7d7b54833ab9.jpg,https://resized-images.autoconf.com.br/1000x750/filters:format(jpg)/veiculos/fotos/973313/f6bfead3-052f-4bb6-ae59-d8eda0892323.jpg,https://resized-images.autoconf.com.br/1000x750/filters:format(jpg)/veiculos/fotos/973313/8c45f33c-d3f4-4960-950f-68164081b63b.jpg,https://resized-images.autoconf.com.br/1000x750/filters:format(jpg)/veiculos/fotos/973313/4eb5d9cf-ccae-4dfc-85c8-2bb8e7718118.jpg,https://resized-images.autoconf.com.br/1000x750/filters:format(jpg)/veiculos/fotos/973313/4effb274-dd65-4b02-9ebe-007762dfd3e3.jpg,https://resized-images.autoconf.com.br/1000x750/filters:format(jpg)/veiculos/fotos/973313/6beeea06-4d43-4d09-be8f-bd24923189b5.jpg,,,,,,,,,,,50 a 80 mil,HATCHBACK,Hyundai,2022,FLEX
977197,977197,Volkswagen Gol 1000 (modelo antigo),"Volkswagen Gol 1000 (modelo antigo) — Ano 1996, 91.001 km, cor Branco. Seminovo com procedência, revisado e com garantia da loja. Thiago Veículos, em Rio Verde-GO. Agende sua visita ou chame no WhatsApp que a gente te atende rapidinho.",in stock,used,24990.00 BRL,,https://thiagoveiculosrv.com.br/carros/vw-volkswagen/gol-1000-modelo-antigo/1996/977197,Volkswagen,Gol,1000 (modelo antigo),1996,HATCHBACK,USED,KM,91001,Branco,MANUAL,GASOLINE,"Avenida Paulo Roberto Cunha, Quadra L Lote 15",Rio Verde,GO,75901-648,BR,Rio Verde,-17.7975,-50.9266,thiago-veiculos-rv,Thiago Veículos,977197,https://resized-images.autoconf.com.br/1000x750/filters:format(jpg)/veiculos/fotos/977197/7072a6ae-79d6-41a3-abe1-d48fef8a1532.jpg,Volkswagen Gol 1000 (modelo antigo),https://resized-images.autoconf.com.br/1000x750/filters:format(jpg)/veiculos/fotos/977197/6bb47c9f-73a9-4f4a-b4e8-c59f7c89d149.jpg,https://resized-images.autoconf.com.br/1000x750/filters:format(jpg)/veiculos/fotos/977197/69d223a3-0527-4a04-a2a9-b941c3b86a4c.jpg,https://resized-images.autoconf.com.br/1000x750/filters:format(jpg)/veiculos/fotos/977197/bbf37cf2-6298-491e-af5e-21f056e9f6b8.jpg,https://resized-images.autoconf.com.br/1000x750/filters:format(jpg)/veiculos/fotos/977197/5ec3d3bf-dea6-461d-b593-a4e8c1b0e52c.jpg,https://resized-images.autoconf.com.br/1000x750/filters:format(jpg)/veiculos/fotos/977197/8cf048ad-cf68-4bb0-842b-e3e0ce790449.jpg,https://resized-images.autoconf.com.br/1000x750/filters:format(jpg)/veiculos/fotos/977197/9c0c17d7-b06a-43a4-9d5b-b4335e964030.jpg,https://resized-images.autoconf.com.br/1000x750/filters:format(jpg)/veiculos/fotos/977197/c09e056f-1c22-419c-b92e-f87d88b77928.jpg,https://resized-images.autoconf.com.br/1000x750/filters:format(jpg)/veiculos/fotos/977197/2f200e76-c224-414f-ac3a-3cbcca141c95.jpg,,,,,,,,,,,,Até 50 mil,HATCHBACK,Volkswagen,1996,GASOLINE
977206,977206,Chevrolet MONTANA Sport 1.4 ECONOFLEX 8V 2p,"Chevrolet MONTANA Sport 1.4 ECONOFLEX 8V 2p — Ano 2018, 129.130 km, cor Prata. Seminovo com procedência, revisado e com garantia da loja. Thiago Veículos, em Rio Verde-GO. Agende sua visita ou chame no WhatsApp que a gente te atende rapidinho.",in stock,used,47990.00 BRL,,https://thiagoveiculosrv.com.br/carros/gm-chevrolet/montana-sport-1-4-econoflex-8v-2p/2018/977206,Chevrolet,MONTANA,Sport 1.4 ECONOFLEX 8V 2p,2018,PICKUP,USED,KM,129130,Prata,MANUAL,FLEX,"Avenida Paulo Roberto Cunha, Quadra L Lote 15",Rio Verde,GO,75901-648,BR,Rio Verde,-17.7975,-50.9266,thiago-veiculos-rv,Thiago Veículos,977206,https://resized-images.autoconf.com.br/1000x750/filters:format(jpg)/veiculos/fotos/977206/a4195b07-9e03-4146-89d7-8dcb390509ab.jpg,Chevrolet MONTANA Sport 1.4 ECONOFLEX 8V 2p,https://resized-images.autoconf.com.br/1000x750/filters:format(jpg)/veiculos/fotos/977206/5df08c1f-470a-433a-a603-5919f920588f.jpg,https://resized-images.autoconf.com.br/1000x750/filters:format(jpg)/veiculos/fotos/977206/b9916650-a78e-495e-b524-80563272c8bc.jpg,https://resized-images.autoconf.com.br/1000x750/filters:format(jpg)/veiculos/fotos/977206/ce54f0ba-f4aa-4172-9133-1f622a1251f3.jpg,https://resized-images.autoconf.com.br/1000x750/filters:format(jpg)/veiculos/fotos/977206/735057eb-2e32-4371-995b-c755ef222777.jpg,https://resized-images.autoconf.com.br/1000x750/filters:format(jpg)/veiculos/fotos/977206/2f1a9ee2-9e66-4f3b-881c-e8508adfc568.jpg,https://resized-images.autoconf.com.br/1000x750/filters:format(jpg)/veiculos/fotos/977206/7216c055-0a94-4c81-a2d0-9e058cf8829f.jpg,https://resized-images.autoconf.com.br/1000x750/filters:format(jpg)/veiculos/fotos/977206/f52e95e9-9fdb-48bf-8765-0b6c4ac94295.jpg,https://resized-images.autoconf.com.br/1000x750/filters:format(jpg)/veiculos/fotos/977206/0cc4d832-eadc-4dfc-a173-a8ba4d8cc201.jpg,,,,,,,,,,,,Até 50 mil,PICKUP,Chevrolet,2018,FLEX
981775,981775,Renault DUSTER Dynamique 4x4 2.0 Hi-Flex 16V Mec,"Renault DUSTER Dynamique 4x4 2.0 Hi-Flex 16V Mec — Ano 2013, 141.755 km, cor Preto. Seminovo com procedência, revisado e com garantia da loja. Thiago Veículos, em Rio Verde-GO. Agende sua visita ou chame no WhatsApp que a gente te atende rapidinho.",in stock,used,54990.00 BRL,,https://thiagoveiculosrv.com.br/carros/renault/duster-dynamique-4x4-2-0-hi-flex-16v-mec/2013/981775,Renault,DUSTER,Dynamique 4x4 2.0 Hi-Flex 16V Mec,2013,SUV,USED,KM,141755,Preto,MANUAL,FLEX,"Avenida Paulo Roberto Cunha, Quadra L Lote 15",Rio Verde,GO,75901-648,BR,Rio Verde,-17.7975,-50.9266,thiago-veiculos-rv,Thiago Veículos,981775,https://resized-images.autoconf.com.br/1000x750/filters:format(jpg)/veiculos/fotos/981775/c72953b6-4cdd-4471-895d-89669a67af28.jpg,Renault DUSTER Dynamique 4x4 2.0 Hi-Flex 16V Mec,https://resized-images.autoconf.com.br/1000x750/filters:format(jpg)/veiculos/fotos/981775/d20d5e5b-3e70-49ab-8bad-7e4266b0bf8d.jpg,https://resized-images.autoconf.com.br/1000x750/filters:format(jpg)/veiculos/fotos/981775/00a4efe0-4841-46ba-9672-fb29907b022e.jpg,https://resized-images.autoconf.com.br/1000x750/filters:format(jpg)/veiculos/fotos/981775/fedf0abd-f040-4d8d-8bd1-a55e5cdebe65.jpg,https://resized-images.autoconf.com.br/1000x750/filters:format(jpg)/veiculos/fotos/981775/c3d2af65-c74a-42b7-9817-1ae59673bbf8.jpg,https://resized-images.autoconf.com.br/1000x750/filters:format(jpg)/veiculos/fotos/981775/887e0fa3-a5a8-419c-81fb-714f432d0d4a.jpg,https://resized-images.autoconf.com.br/1000x750/filters:format(jpg)/veiculos/fotos/981775/f9373164-a18e-4472-9e11-7e7dc2c5d486.jpg,https://resized-images.autoconf.com.br/1000x750/filters:format(jpg)/veiculos/fotos/981775/df1b64dc-dbfa-4f98-b383-e1f95a4cb9ce.jpg,https://resized-images.autoconf.com.br/1000x750/filters:format(jpg)/veiculos/fotos/981775/35a9e86f-c274-432b-9fe3-40aafe57dd38.jpg,,,,,,,,,,,,50 a 80 mil,SUV,Renault,2013,FLEX
981777,981777,Renault KWID Zen 1.0 Flex 12V 5p Mec.,"Renault KWID Zen 1.0 Flex 12V 5p Mec. — Ano 2023, 118.053 km, cor Prata. Seminovo com procedência, revisado e com garantia da loja. Thiago Veículos, em Rio Verde-GO. Agende sua visita ou chame no WhatsApp que a gente te atende rapidinho.",in stock,used,47990.00 BRL,,https://thiagoveiculosrv.com.br/carros/renault/kwid-zen-1-0-flex-12v-5p-mec/2023/981777,Renault,KWID,Zen 1.0 Flex 12V 5p Mec.,2023,HATCHBACK,USED,KM,118053,Prata,MANUAL,FLEX,"Avenida Paulo Roberto Cunha, Quadra L Lote 15",Rio Verde,GO,75901-648,BR,Rio Verde,-17.7975,-50.9266,thiago-veiculos-rv,Thiago Veículos,981777,https://resized-images.autoconf.com.br/1000x750/filters:format(jpg)/veiculos/fotos/981777/4f7f7241-cb39-4770-8636-bd09eb4b565e.jpg,Renault KWID Zen 1.0 Flex 12V 5p Mec.,https://resized-images.autoconf.com.br/1000x750/filters:format(jpg)/veiculos/fotos/981777/29827e57-d09b-4569-a4ac-0b626c768780.jpg,https://resized-images.autoconf.com.br/1000x750/filters:format(jpg)/veiculos/fotos/981777/25d530ee-6fd2-4c0a-8314-08b3a9fdafd5.jpg,https://resized-images.autoconf.com.br/1000x750/filters:format(jpg)/veiculos/fotos/981777/6ab597db-e071-4dfc-9bbc-85253e9698ee.jpg,https://resized-images.autoconf.com.br/1000x750/filters:format(jpg)/veiculos/fotos/981777/1093e358-4b07-4c42-9391-933cfe373b59.jpg,https://resized-images.autoconf.com.br/1000x750/filters:format(jpg)/veiculos/fotos/981777/747e56fe-eccd-4433-af54-3f2a84b39a91.jpg,https://resized-images.autoconf.com.br/1000x750/filters:format(jpg)/veiculos/fotos/981777/fd28b135-0f7e-4a39-b2b5-135f3a002352.jpg,https://resized-images.autoconf.com.br/1000x750/filters:format(jpg)/veiculos/fotos/981777/5f5296dc-3798-47a5-acfb-6ff1bfea4ce4.jpg,https://resized-images.autoconf.com.br/1000x750/filters:format(jpg)/veiculos/fotos/981777/7fa0099f-f8c8-40a3-8d9c-851f1fff9fc7.jpg,,,,,,,,,,,,Até 50 mil,HATCHBACK,Renault,2023,FLEX
981896,981896,Fiat MOBI WAY 1.0 Fire Flex 5p.,"Fiat MOBI WAY 1.0 Fire Flex 5p. — Ano 2017, 37.771 km, cor Branco. Seminovo com procedência, revisado e com garantia da loja. Thiago Veículos, em Rio Verde-GO. Agende sua visita ou chame no WhatsApp que a gente te atende rapidinho.",in stock,used,49990.00 BRL,,https://thiagoveiculosrv.com.br/carros/fiat/mobi-way-1-0-fire-flex-5p/2017/981896,Fiat,MOBI,WAY 1.0 Fire Flex 5p.,2017,HATCHBACK,USED,KM,37771,Branco,MANUAL,FLEX,"Avenida Paulo Roberto Cunha, Quadra L Lote 15",Rio Verde,GO,75901-648,BR,Rio Verde,-17.7975,-50.9266,thiago-veiculos-rv,Thiago Veículos,981896,https://resized-images.autoconf.com.br/1000x750/filters:format(jpg)/veiculos/fotos/981896/e3d3514a-b5ac-411a-b6e1-47bb4db47748.jpg,Fiat MOBI WAY 1.0 Fire Flex 5p.,https://resized-images.autoconf.com.br/1000x750/filters:format(jpg)/veiculos/fotos/981896/8027aa48-8e9b-495a-bcff-04ebf2a0f743.jpg,https://resized-images.autoconf.com.br/1000x750/filters:format(jpg)/veiculos/fotos/981896/4010774d-b423-469b-90e7-72af9dcfe389.jpg,https://resized-images.autoconf.com.br/1000x750/filters:format(jpg)/veiculos/fotos/981896/2697e533-2a24-4c35-ae43-4d9201a47dba.jpg,https://resized-images.autoconf.com.br/1000x750/filters:format(jpg)/veiculos/fotos/981896/870e7629-a9c0-484e-96fb-cb6ec286d136.jpg,https://resized-images.autoconf.com.br/1000x750/filters:format(jpg)/veiculos/fotos/981896/4f2efad5-911b-47c9-8e56-c7bc05028ec3.jpg,https://resized-images.autoconf.com.br/1000x750/filters:format(jpg)/veiculos/fotos/981896/f6e69192-8f56-45e7-aedb-e492c6a9cdd6.jpg,https://resized-images.autoconf.com.br/1000x750/filters:format(jpg)/veiculos/fotos/981896/bb863536-4ec0-4275-bae3-77078016194d.jpg,https://resized-images.autoconf.com.br/1000x750/filters:format(jpg)/veiculos/fotos/981896/e48c20e2-e79d-427a-abea-4c0ae4591b40.jpg,https://resized-images.autoconf.com.br/1000x750/filters:format(jpg)/veiculos/fotos/981896/4c46f9db-7317-415b-82cd-139d138c0622.jpg,,,,,,,,,,,Até 50 mil,HATCHBACK,Fiat,2017,FLEX
983257,983257,Renault KWID OUTSIDER 1.0 Flex 12V 5p Mec.,"Renault KWID OUTSIDER 1.0 Flex 12V 5p Mec. — Ano 2024, 32.845 km, cor Azul. Seminovo com procedência, revisado e com garantia da loja. Thiago Veículos, em Rio Verde-GO. Agende sua visita ou chame no WhatsApp que a gente te atende rapidinho.",in stock,used,57990.00 BRL,,https://thiagoveiculosrv.com.br/carros/renault/kwid-outsider-1-0-flex-12v-5p-mec/2024/983257,Renault,KWID,OUTSIDER 1.0 Flex 12V 5p Mec.,2024,HATCHBACK,USED,KM,32845,Azul,MANUAL,FLEX,"Avenida Paulo Roberto Cunha, Quadra L Lote 15",Rio Verde,GO,75901-648,BR,Rio Verde,-17.7975,-50.9266,thiago-veiculos-rv,Thiago Veículos,983257,https://resized-images.autoconf.com.br/1000x750/filters:format(jpg)/veiculos/fotos/983257/ac37088c-f626-4fd6-ae0d-72771ebf819a.jpg,Renault KWID OUTSIDER 1.0 Flex 12V 5p Mec.,https://resized-images.autoconf.com.br/1000x750/filters:format(jpg)/veiculos/fotos/983257/fe82bb7b-5cd7-460f-baf4-27d4fbcc3cbc.jpg,https://resized-images.autoconf.com.br/1000x750/filters:format(jpg)/veiculos/fotos/983257/767addfa-5166-4ad6-963f-8f4815439d66.jpg,https://resized-images.autoconf.com.br/1000x750/filters:format(jpg)/veiculos/fotos/983257/33c18f6a-bb6d-42ea-a3fc-12918912e249.jpg,https://resized-images.autoconf.com.br/1000x750/filters:format(jpg)/veiculos/fotos/983257/bb44172f-c9d1-4bac-b133-7acecf0c750c.jpg,https://resized-images.autoconf.com.br/1000x750/filters:format(jpg)/veiculos/fotos/983257/76bb4457-7f23-4ec9-a9c1-42a67c192857.jpg,https://resized-images.autoconf.com.br/1000x750/filters:format(jpg)/veiculos/fotos/983257/326354b8-ad3d-4a18-bfe4-acdf6f9b61f6.jpg,https://resized-images.autoconf.com.br/1000x750/filters:format(jpg)/veiculos/fotos/983257/6177bc9c-33f9-40b2-848e-187c822c1510.jpg,https://resized-images.autoconf.com.br/1000x750/filters:format(jpg)/veiculos/fotos/983257/4b4aeb7e-5d68-40ca-843c-05f936d06c46.jpg,,,,,,,,,,,,50 a 80 mil,HATCHBACK,Renault,2024,FLEX
983261,983261,Audi Q3 2.0 TFSI Quat. 211/220cv S-tronic 5p,"Audi Q3 2.0 TFSI Quat. 211/220cv S-tronic 5p — Ano 2013, 128.256 km, cor Branco. Seminovo com procedência, revisado e com garantia da loja. Thiago Veículos, em Rio Verde-GO. Agende sua visita ou chame no WhatsApp que a gente te atende rapidinho.",in stock,used,74990.00 BRL,,https://thiagoveiculosrv.com.br/carros/audi/q3-2-0-tfsi-quat-211-220cv-s-tronic-5p/2013/983261,Audi,Q3,2.0 TFSI Quat. 211/220cv S-tronic 5p,2013,HATCHBACK,USED,KM,128256,Branco,AUTOMATIC,GASOLINE,"Avenida Paulo Roberto Cunha, Quadra L Lote 15",Rio Verde,GO,75901-648,BR,Rio Verde,-17.7975,-50.9266,thiago-veiculos-rv,Thiago Veículos,983261,https://resized-images.autoconf.com.br/1000x750/filters:format(jpg)/veiculos/fotos/983261/ebf3ebb3-7205-4129-87b1-017258a06fe4.jpg,Audi Q3 2.0 TFSI Quat. 211/220cv S-tronic 5p,https://resized-images.autoconf.com.br/1000x750/filters:format(jpg)/veiculos/fotos/983261/9fe4096c-e882-40d7-8da0-ad0ddba2bb80.jpg,https://resized-images.autoconf.com.br/1000x750/filters:format(jpg)/veiculos/fotos/983261/715afb81-c2df-44e8-8781-e159a10686a3.jpg,https://resized-images.autoconf.com.br/1000x750/filters:format(jpg)/veiculos/fotos/983261/1e213a24-6618-49b8-b159-762bd633de1b.jpg,https://resized-images.autoconf.com.br/1000x750/filters:format(jpg)/veiculos/fotos/983261/2109d604-03cf-414b-97ad-edd0513a25ea.jpg,https://resized-images.autoconf.com.br/1000x750/filters:format(jpg)/veiculos/fotos/983261/58fc19d0-1fcf-42ea-bd86-eda75d2d27f2.jpg,https://resized-images.autoconf.com.br/1000x750/filters:format(jpg)/veiculos/fotos/983261/4386ab14-1e78-4022-8e05-89973327d0af.jpg,https://resized-images.autoconf.com.br/1000x750/filters:format(jpg)/veiculos/fotos/983261/49aadcae-0f08-45df-a7fd-cc9cb7d9c95f.jpg,https://resized-images.autoconf.com.br/1000x750/filters:format(jpg)/veiculos/fotos/983261/4cb6eab4-f425-4295-93e4-6f123da235cb.jpg,,,,,,,,,,,,50 a 80 mil,HATCHBACK,Audi,2013,GASOLINE
985598,985598,Ford Ranger Storm 3.2 20V 4x4 CD Diesel Aut.,"Ford Ranger Storm 3.2 20V 4x4 CD Diesel Aut. — Ano 2022, 113.167 km, cor Vermelho. Seminovo com procedência, revisado e com garantia da loja. Thiago Veículos, em Rio Verde-GO. Agende sua visita ou chame no WhatsApp que a gente te atende rapidinho.",in stock,used,159990.00 BRL,,https://thiagoveiculosrv.com.br/carros/ford/ranger-storm-3-2-20v-4x4-cd-diesel-aut/2022/985598,Ford,Ranger,Storm 3.2 20V 4x4 CD Diesel Aut.,2022,PICKUP,USED,KM,113167,Vermelho,AUTOMATIC,DIESEL,"Avenida Paulo Roberto Cunha, Quadra L Lote 15",Rio Verde,GO,75901-648,BR,Rio Verde,-17.7975,-50.9266,thiago-veiculos-rv,Thiago Veículos,985598,https://resized-images.autoconf.com.br/1000x750/filters:format(jpg)/veiculos/fotos/985598/fbb9ee5a-8295-4be0-bf46-2f2c5fc496db.jpg,Ford Ranger Storm 3.2 20V 4x4 CD Diesel Aut.,https://resized-images.autoconf.com.br/1000x750/filters:format(jpg)/veiculos/fotos/985598/c647bf07-595a-4d12-a09a-73d2e6b909ff.jpg,https://resized-images.autoconf.com.br/1000x750/filters:format(jpg)/veiculos/fotos/985598/cb9f059c-5095-47c1-9b99-15cd18ef5d98.jpg,https://resized-images.autoconf.com.br/1000x750/filters:format(jpg)/veiculos/fotos/985598/0576e1d4-b967-4979-8ee7-65fecd831089.jpg,https://resized-images.autoconf.com.br/1000x750/filters:format(jpg)/veiculos/fotos/985598/eb4b1c15-9175-44f9-8681-40f9021a61d7.jpg,https://resized-images.autoconf.com.br/1000x750/filters:format(jpg)/veiculos/fotos/985598/2f3ec8f4-9f55-4fa3-be26-0445dffe4a36.jpg,https://resized-images.autoconf.com.br/1000x750/filters:format(jpg)/veiculos/fotos/985598/14492b0b-14c8-46e9-a881-133e955951c6.jpg,https://resized-images.autoconf.com.br/1000x750/filters:format(jpg)/veiculos/fotos/985598/845c9822-34d7-4767-8354-9f51b167c5fa.jpg,https://resized-images.autoconf.com.br/1000x750/filters:format(jpg)/veiculos/fotos/985598/baa3de09-982d-42db-a7f1-d727f72a23a1.jpg,https://resized-images.autoconf.com.br/1000x750/filters:format(jpg)/veiculos/fotos/985598/27489f44-2866-4673-9c8e-92f7d57e8386.jpg,,,,,,,,,,,120 a 200 mil,PICKUP,Ford,2022,DIESEL
988627,988627,Volkswagen Polo Sed.COMFORT. I MOTION 1.6 T.Flex 4p,"Volkswagen Polo Sed.COMFORT. I MOTION 1.6 T.Flex 4p — Ano 2012, 157.415 km, cor Prata. Seminovo com procedência, revisado e com garantia da loja. Thiago Veículos, em Rio Verde-GO. Agende sua visita ou chame no WhatsApp que a gente te atende rapidinho.",in stock,used,38990.00 BRL,,https://thiagoveiculosrv.com.br/carros/vw-volkswagen/polo-sed-comfort-i-motion-1-6-t-flex-4p/2012/988627,Volkswagen,Polo,Sed.COMFORT. I MOTION 1.6 T.Flex 4p,2012,HATCHBACK,USED,KM,157415,Prata,AUTOMATIC,FLEX,"Avenida Paulo Roberto Cunha, Quadra L Lote 15",Rio Verde,GO,75901-648,BR,Rio Verde,-17.7975,-50.9266,thiago-veiculos-rv,Thiago Veículos,988627,https://resized-images.autoconf.com.br/1000x750/filters:format(jpg)/veiculos/fotos/988627/07d306d7-5eec-4142-9a02-e76b48b04eae.jpg,Volkswagen Polo Sed.COMFORT. I MOTION 1.6 T.Flex 4p,https://resized-images.autoconf.com.br/1000x750/filters:format(jpg)/veiculos/fotos/988627/ba673553-c33d-4b15-a4f5-1dc0bedef778.jpg,https://resized-images.autoconf.com.br/1000x750/filters:format(jpg)/veiculos/fotos/988627/c4f1122e-4d9e-4289-884f-4cbd75b948bf.jpg,https://resized-images.autoconf.com.br/1000x750/filters:format(jpg)/veiculos/fotos/988627/72771159-476d-4d1a-abd4-9145a9154d1b.jpg,https://resized-images.autoconf.com.br/1000x750/filters:format(jpg)/veiculos/fotos/988627/6bb321b1-ba2e-438c-86ea-4906524bad3b.jpg,https://resized-images.autoconf.com.br/1000x750/filters:format(jpg)/veiculos/fotos/988627/ebf840e9-8bef-4b5a-baaf-8d82e4f6b08b.jpg,https://resized-images.autoconf.com.br/1000x750/filters:format(jpg)/veiculos/fotos/988627/021e3775-5633-4301-bf00-55f769409583.jpg,https://resized-images.autoconf.com.br/1000x750/filters:format(jpg)/veiculos/fotos/988627/9d87ce56-7718-44c3-ae7b-829c2a2ff4b5.jpg,https://resized-images.autoconf.com.br/1000x750/filters:format(jpg)/veiculos/fotos/988627/a6e94903-fb44-4faa-94c7-36655e1d9000.jpg,https://resized-images.autoconf.com.br/1000x750/filters:format(jpg)/veiculos/fotos/988627/79476ef2-ea74-44a2-bf92-a761a3073bbe.jpg,,,,,,,,,,,Até 50 mil,HATCHBACK,Volkswagen,2012,FLEX
989697,989697,Honda HR-V EX 1.8 Flexone 16V 5p Aut.,"Honda HR-V EX 1.8 Flexone 16V 5p Aut. — Ano 2016, 104.422 km, cor Preto. Seminovo com procedência, revisado e com garantia da loja. Thiago Veículos, em Rio Verde-GO. Agende sua visita ou chame no WhatsApp que a gente te atende rapidinho.",in stock,used,85990.00 BRL,,https://thiagoveiculosrv.com.br/carros/honda/hr-v-ex-1-8-flexone-16v-5p-aut/2016/989697,Honda,HR-V,EX 1.8 Flexone 16V 5p Aut.,2016,SUV,USED,KM,104422,Preto,AUTOMATIC,FLEX,"Avenida Paulo Roberto Cunha, Quadra L Lote 15",Rio Verde,GO,75901-648,BR,Rio Verde,-17.7975,-50.9266,thiago-veiculos-rv,Thiago Veículos,989697,https://resized-images.autoconf.com.br/1000x750/filters:format(jpg)/veiculos/fotos/989697/343f0aaa-5b4d-40f7-8a04-2ae65fda03fd.jpg,Honda HR-V EX 1.8 Flexone 16V 5p Aut.,https://resized-images.autoconf.com.br/1000x750/filters:format(jpg)/veiculos/fotos/989697/8501f03a-b34a-4845-8a16-43ed2d79318e.jpg,https://resized-images.autoconf.com.br/1000x750/filters:format(jpg)/veiculos/fotos/989697/70442704-82e5-44ec-b9ec-5a3f80c20ea1.jpg,https://resized-images.autoconf.com.br/1000x750/filters:format(jpg)/veiculos/fotos/989697/9236609c-4061-443e-9bf7-235b634a2449.jpg,https://resized-images.autoconf.com.br/1000x750/filters:format(jpg)/veiculos/fotos/989697/1e081a92-214e-4647-98a4-832c87d52b01.jpg,https://resized-images.autoconf.com.br/1000x750/filters:format(jpg)/veiculos/fotos/989697/68e5f94d-fdec-49c0-a54a-3733780b1b89.jpg,https://resized-images.autoconf.com.br/1000x750/filters:format(jpg)/veiculos/fotos/989697/a19b7e1d-fb7f-4beb-9a71-aa8e9838eafa.jpg,https://resized-images.autoconf.com.br/1000x750/filters:format(jpg)/veiculos/fotos/989697/a77fdcd4-344a-4628-b11e-d86371d39b01.jpg,https://resized-images.autoconf.com.br/1000x750/filters:format(jpg)/veiculos/fotos/989697/6b0fdc2d-bcc5-4c7b-b80f-62f74ba8b04a.jpg,https://resized-images.autoconf.com.br/1000x750/filters:format(jpg)/veiculos/fotos/989697/780c50d3-e848-462b-abdc-522ea0d1a6e5.jpg,,,,,,,,,,,80 a 120 mil,SUV,Honda,2016,FLEX
992334,992334,Volkswagen Nivus Comfortline 1.0 200 TSI Flex Aut.,"Volkswagen Nivus Comfortline 1.0 200 TSI Flex Aut. — Ano 2022, 103.330 km, cor Cinza. Seminovo com procedência, revisado e com garantia da loja. Thiago Veículos, em Rio Verde-GO. Agende sua visita ou chame no WhatsApp que a gente te atende rapidinho.",in stock,used,102990.00 BRL,,https://thiagoveiculosrv.com.br/carros/vw-volkswagen/nivus-comfortline-1-0-200-tsi-flex-aut/2022/992334,Volkswagen,Nivus,Comfortline 1.0 200 TSI Flex Aut.,2022,SUV,USED,KM,103330,Cinza,AUTOMATIC,FLEX,"Avenida Paulo Roberto Cunha, Quadra L Lote 15",Rio Verde,GO,75901-648,BR,Rio Verde,-17.7975,-50.9266,thiago-veiculos-rv,Thiago Veículos,992334,https://resized-images.autoconf.com.br/1000x750/filters:format(jpg)/veiculos/fotos/992334/fd712ba5-4dba-46c3-a384-876b92acf5b7.jpg,Volkswagen Nivus Comfortline 1.0 200 TSI Flex Aut.,https://resized-images.autoconf.com.br/1000x750/filters:format(jpg)/veiculos/fotos/992334/eea045cd-5afc-4c69-9ec2-a38df6ac6887.jpg,https://resized-images.autoconf.com.br/1000x750/filters:format(jpg)/veiculos/fotos/992334/5faf33d1-4ada-462b-8553-fae21d079e86.jpg,https://resized-images.autoconf.com.br/1000x750/filters:format(jpg)/veiculos/fotos/992334/275c6677-dd76-4f98-9ec2-b9a1fc0d5261.jpg,https://resized-images.autoconf.com.br/1000x750/filters:format(jpg)/veiculos/fotos/992334/4fb6dcb7-2a00-4b66-951f-91a9489220ef.jpg,https://resized-images.autoconf.com.br/1000x750/filters:format(jpg)/veiculos/fotos/992334/b5e3a4da-a7f4-4ece-afe1-54e05f14371c.jpg,https://resized-images.autoconf.com.br/1000x750/filters:format(jpg)/veiculos/fotos/992334/69eeabbc-bbe0-428e-9b21-7a415c65c069.jpg,https://resized-images.autoconf.com.br/1000x750/filters:format(jpg)/veiculos/fotos/992334/f668bb34-4ebe-4b1d-9300-fd40e3833f20.jpg,https://resized-images.autoconf.com.br/1000x750/filters:format(jpg)/veiculos/fotos/992334/d8539ae6-9269-4fba-8994-86b5f3cef7d8.jpg,https://resized-images.autoconf.com.br/1000x750/filters:format(jpg)/veiculos/fotos/992334/74c65583-a621-4a40-90bb-f2e2e2ab8ffa.jpg,,,,,,,,,,,80 a 120 mil,SUV,Volkswagen,2022,FLEX
999352,999352,Renault KWID Zen 1.0 Flex 12V 5p Mec.,"Renault KWID Zen 1.0 Flex 12V 5p Mec. — Ano 2024, 39.386 km, cor Branco. Seminovo com procedência, revisado e com garantia da loja. Thiago Veículos, em Rio Verde-GO. Agende sua visita ou chame no WhatsApp que a gente te atende rapidinho.",in stock,used,54990.00 BRL,,https://thiagoveiculosrv.com.br/carros/renault/kwid-zen-1-0-flex-12v-5p-mec/2024/999352,Renault,KWID,Zen 1.0 Flex 12V 5p Mec.,2024,HATCHBACK,USED,KM,39386,Branco,MANUAL,FLEX,"Avenida Paulo Roberto Cunha, Quadra L Lote 15",Rio Verde,GO,75901-648,BR,Rio Verde,-17.7975,-50.9266,thiago-veiculos-rv,Thiago Veículos,999352,https://resized-images.autoconf.com.br/1000x750/filters:format(jpg)/veiculos/fotos/999352/9564dcdc-67cd-401d-8839-d8762c41f000.jpg,Renault KWID Zen 1.0 Flex 12V 5p Mec.,https://resized-images.autoconf.com.br/1000x750/filters:format(jpg)/veiculos/fotos/999352/8a05947b-d633-4da7-bcb5-3a7c7ac50cec.jpg,https://resized-images.autoconf.com.br/1000x750/filters:format(jpg)/veiculos/fotos/999352/a09daa42-df21-4e99-a98c-151e2f8d31ed.jpg,https://resized-images.autoconf.com.br/1000x750/filters:format(jpg)/veiculos/fotos/999352/ba60ce1c-0cb4-4f9c-9317-466014982a02.jpg,https://resized-images.autoconf.com.br/1000x750/filters:format(jpg)/veiculos/fotos/999352/482aba93-64a6-4d2d-985d-9340553dc542.jpg,https://resized-images.autoconf.com.br/1000x750/filters:format(jpg)/veiculos/fotos/999352/3f7185fe-9688-42a1-971b-f1a8b3113944.jpg,https://resized-images.autoconf.com.br/1000x750/filters:format(jpg)/veiculos/fotos/999352/0365dc64-b9f9-42a5-967d-22d78e323688.jpg,https://resized-images.autoconf.com.br/1000x750/filters:format(jpg)/veiculos/fotos/999352/17a210fe-ed28-4b1b-8657-09b28805ce7d.jpg,https://resized-images.autoconf.com.br/1000x750/filters:format(jpg)/veiculos/fotos/999352/3923476e-f4d5-404f-8bc3-c4d38bdb1ec6.jpg,https://resized-images.autoconf.com.br/1000x750/filters:format(jpg)/veiculos/fotos/999352/4302acf3-ca5f-4005-9b20-cbf3800f8f46.jpg,,,,,,,,,,,50 a 80 mil,HATCHBACK,Renault,2024,FLEX
